symbol,window,ratio,window_start,avg_close,prev_avg_close,pct_change,industry,companyName,window_start_str,summary
AAPL,1 week,0.05,2014-01-27 00:00:00+08:00,51161.98177157505,54995.17414573899,-6.97,Consumer Electronics,Apple Inc.,2014-01-27,
AAPL,1 week,0.05,2014-04-21 00:00:00+08:00,54851.92784552846,51970.82484230956,5.54,Consumer Electronics,Apple Inc.,2014-04-21,
AAPL,1 week,0.05,2014-04-28 00:00:00+08:00,59135.41451500349,54851.92784552846,7.81,Consumer Electronics,Apple Inc.,2014-04-28,
AAPL,1 week,0.05,2014-06-09 00:00:00+08:00,9312.425962348974,64026.318026045235,-85.46,Consumer Electronics,Apple Inc.,2014-06-09,
AAPL,1 week,0.05,2015-08-03 00:00:00+08:00,11610.348973607039,12265.070723160243,-5.34,Consumer Electronics,Apple Inc.,2015-08-03,
AAPL,1 week,0.05,2015-12-14 00:00:00+08:00,11033.696043165468,11645.364701826957,-5.25,Consumer Electronics,Apple Inc.,2015-12-14,
AAPL,1 week,0.05,2016-01-04 00:00:00+08:00,10051.254453602764,10718.606991025035,-6.23,Consumer Electronics,Apple Inc.,2016-01-04,
AAPL,1 week,0.05,2016-04-25 00:00:00+08:00,9881.582830892909,10680.673785738893,-7.48,Consumer Electronics,Apple Inc.,2016-04-25,
AAPL,1 week,0.05,2016-05-02 00:00:00+08:00,9369.14995067412,9881.582830892909,-5.19,Consumer Electronics,Apple Inc.,2016-05-02,
AAPL,1 week,0.05,2017-06-12 00:00:00+08:00,14485.708026862809,15399.072368421052,-5.93,Consumer Electronics,Apple Inc.,2017-06-12,
AAPL,1 week,0.05,2017-10-30 00:00:00+08:00,16888.479214123006,15786.324789325845,6.98,Consumer Electronics,Apple Inc.,2017-10-30,
AAPL,1 week,0.05,2018-02-12 00:00:00+08:00,16711.879697057968,15881.508313539192,5.23,Consumer Electronics,Apple Inc.,2018-02-12,
AAPL,1 week,0.05,2018-04-23 00:00:00+08:00,16424.776532630192,17433.808063404547,-5.79,Consumer Electronics,Apple Inc.,2018-04-23,
AAPL,1 week,0.05,2018-04-30 00:00:00+08:00,17365.924596549805,16424.776532630192,5.73,Consumer Electronics,Apple Inc.,2018-04-30,
AAPL,1 week,0.05,2018-05-07 00:00:00+08:00,18705.59860788863,17365.924596549805,7.71,Consumer Electronics,Apple Inc.,2018-05-07,
AAPL,1 week,0.05,2018-11-12 00:00:00+08:00,19216.130434782608,20502.67686692869,-6.28,Consumer Electronics,Apple Inc.,2018-11-12,
AAPL,1 week,0.05,2018-11-19 00:00:00+08:00,18039.499631811486,19216.130434782608,-6.12,Consumer Electronics,Apple Inc.,2018-11-19,
AAPL,1 week,0.05,2018-12-24 00:00:00+08:00,15293.70127363952,16158.235921754595,-5.35,Consumer Electronics,Apple Inc.,2018-12-24,
AAPL,1 week,0.05,2019-02-04 00:00:00+08:00,17185.80280373832,16209.731161473088,6.02,Consumer Electronics,Apple Inc.,2019-02-04,
AAPL,1 week,0.05,2019-05-13 00:00:00+08:00,18884.33323244552,20242.618748128185,-6.71,Consumer Electronics,Apple Inc.,2019-05-13,
AAPL,1 week,0.05,2019-06-10 00:00:00+08:00,19379.023981603154,18146.454574638843,6.79,Consumer Electronics,Apple Inc.,2019-06-10,
AAPL,1 week,0.05,2019-08-05 00:00:00+08:00,19785.83128395768,21109.254184397163,-6.27,Consumer Electronics,Apple Inc.,2019-08-05,
AAPL,1 week,0.05,2020-02-24 00:00:00+08:00,28649.93298969072,31889.57148120855,-10.16,Consumer Electronics,Apple Inc.,2020-02-24,
AAPL,1 week,0.05,2020-03-09 00:00:00+08:00,26831.475409836065,29205.069411201534,-8.13,Consumer Electronics,Apple Inc.,2020-03-09,
AAPL,1 week,0.05,2020-03-16 00:00:00+08:00,24656.547696603073,26831.475409836065,-8.11,Consumer Electronics,Apple Inc.,2020-03-16,
AAPL,1 week,0.05,2020-04-06 00:00:00+08:00,26249.296223958332,24740.21593690509,6.1,Consumer Electronics,Apple Inc.,2020-04-06,
AAPL,1 week,0.05,2020-04-13 00:00:00+08:00,28197.357967667434,26249.296223958332,7.42,Consumer Electronics,Apple Inc.,2020-04-13,
AAPL,1 week,0.05,2020-06-08 00:00:00+08:00,34157.62404526167,32352.539301310044,5.58,Consumer Electronics,Apple Inc.,2020-06-08,
AAPL,1 week,0.05,2020-08-03 00:00:00+08:00,44187.48148148148,38804.78368223296,13.87,Consumer Electronics,Apple Inc.,2020-08-03,
AAPL,1 week,0.05,2020-08-24 00:00:00+08:00,50293.11211108254,46946.112652608215,7.13,Consumer Electronics,Apple Inc.,2020-08-24,
AAPL,1 week,0.05,2020-08-31 00:00:00+08:00,12756.754792500527,50293.11211108254,-74.64,Consumer Electronics,Apple Inc.,2020-08-31,
AAPL,1 week,0.05,2020-09-07 00:00:00+08:00,11540.850559403303,12756.754792500527,-9.53,Consumer Electronics,Apple Inc.,2020-09-07,
AAPL,1 week,0.05,2020-09-28 00:00:00+08:00,11486.703414416424,10910.25597194828,5.28,Consumer Electronics,Apple Inc.,2020-09-28,
AAPL,1 week,0.05,2020-10-12 00:00:00+08:00,12144.420984734466,11525.943758573389,5.37,Consumer Electronics,Apple Inc.,2020-10-12,
AAPL,1 week,0.05,2020-11-30 00:00:00+08:00,12173.975894632207,11560.737726098192,5.3,Consumer Electronics,Apple Inc.,2020-11-30,
AAPL,1 week,0.05,2021-01-25 00:00:00+08:00,14004.045239121067,13319.118338108883,5.14,Consumer Electronics,Apple Inc.,2021-01-25,
AAPL,1 week,0.05,2021-02-22 00:00:00+08:00,12424.297149122807,13103.377653301888,-5.18,Consumer Electronics,Apple Inc.,2021-02-22,
AAPL,1 week,0.05,2021-04-05 00:00:00+08:00,12794.436803874092,12170.964797507788,5.12,Consumer Electronics,Apple Inc.,2021-04-05,
AAPL,1 week,0.05,2021-12-06 00:00:00+08:00,17217.465521299127,16296.229488703924,5.65,Consumer Electronics,Apple Inc.,2021-12-06,
AAPL,1 week,0.05,2022-01-31 00:00:00+08:00,17364.711438063598,16204.143172779495,7.16,Consumer Electronics,Apple Inc.,2022-01-31,
AAPL,1 week,0.05,2022-03-21 00:00:00+08:00,16978.34988117243,15662.61671539961,8.4,Consumer Electronics,Apple Inc.,2022-03-21,
AAPL,1 week,0.05,2022-05-09 00:00:00+08:00,14934.320833333331,15882.119189820825,-5.97,Consumer Electronics,Apple Inc.,2022-05-09,
AAPL,1 week,0.05,2022-06-13 00:00:00+08:00,13258.680928208849,14533.661097852028,-8.77,Consumer Electronics,Apple Inc.,2022-06-13,
AAPL,1 week,0.05,2022-08-29 00:00:00+08:00,15898.676328502415,16780.25641025641,-5.25,Consumer Electronics,Apple Inc.,2022-08-29,
AAPL,1 week,0.05,2022-11-14 00:00:00+08:00,14980.018599562363,14097.54449736776,6.26,Consumer Electronics,Apple Inc.,2022-11-14,
AAPL,1 week,0.05,2022-12-19 00:00:00+08:00,13286.033898305084,14119.324993345756,-5.9,Consumer Electronics,Apple Inc.,2022-12-19,
AAPL,1 week,0.05,2023-06-26 00:00:00+08:00,19408.722222222223,18463.108783239324,5.12,Consumer Electronics,Apple Inc.,2023-06-26,
AAPL,1 week,0.05,2023-08-07 00:00:00+08:00,17899.133741026322,19089.33989104116,-6.23,Consumer Electronics,Apple Inc.,2023-08-07,
AAPL,1 week,0.05,2023-11-06 00:00:00+08:00,18178.81630276565,17273.873331517298,5.24,Consumer Electronics,Apple Inc.,2023-11-06,
AAPL,1 week,0.05,2024-06-10 00:00:00+08:00,20711.94225721785,19489.659677909447,6.27,Consumer Electronics,Apple Inc.,2024-06-10,
AAPL,2 weeks,0.05,2014-04-28 00:00:00+08:00,59186.36218117854,53667.41691601835,10.28,Consumer Electronics,Apple Inc.,2014-04-28,
AAPL,2 weeks,0.05,2014-05-26 00:00:00+08:00,63524.47541909964,59896.33085210578,6.06,Consumer Electronics,Apple Inc.,2014-05-26,
AAPL,2 weeks,0.05,2014-06-09 00:00:00+08:00,9258.040938293741,63524.47541909964,-85.43,Consumer Electronics,Apple Inc.,2014-06-09,
AAPL,2 weeks,0.05,2014-08-18 00:00:00+08:00,10103.382768576204,9585.707270408166,5.4,Consumer Electronics,Apple Inc.,2014-08-18,
AAPL,2 weeks,0.05,2014-10-27 00:00:00+08:00,10767.33451573103,10060.041460055096,7.03,Consumer Electronics,Apple Inc.,2014-10-27,
AAPL,2 weeks,0.05,2014-11-10 00:00:00+08:00,11322.14521293628,10767.33451573103,5.15,Consumer Electronics,Apple Inc.,2014-11-10,
AAPL,2 weeks,0.05,2015-02-02 00:00:00+08:00,12145.51236951237,11352.899686520375,6.98,Consumer Electronics,Apple Inc.,2015-02-02,
AAPL,2 weeks,0.05,2015-02-16 00:00:00+08:00,12968.186733731533,12145.51236951237,6.77,Consumer Electronics,Apple Inc.,2015-02-16,
AAPL,2 weeks,0.05,2015-08-03 00:00:00+08:00,11585.45807007467,12520.04614944992,-7.46,Consumer Electronics,Apple Inc.,2015-08-03,
AAPL,2 weeks,0.05,2015-10-26 00:00:00+08:00,11942.52104951082,11300.371409596548,5.68,Consumer Electronics,Apple Inc.,2015-10-26,
AAPL,2 weeks,0.05,2015-12-21 00:00:00+08:00,10735.876283735372,11318.199935866603,-5.15,Consumer Electronics,Apple Inc.,2015-12-21,
AAPL,2 weeks,0.05,2015-12-28 00:00:00+08:00,10051.254453602764,10735.876283735372,-6.38,Consumer Electronics,Apple Inc.,2015-12-28,
AAPL,2 weeks,0.05,2016-03-07 00:00:00+08:00,10317.874017123886,9806.123318777292,5.22,Consumer Electronics,Apple Inc.,2016-03-07,
AAPL,2 weeks,0.05,2016-04-18 00:00:00+08:00,10244.840119010336,11038.892402826856,-7.19,Consumer Electronics,Apple Inc.,2016-04-18,
AAPL,2 weeks,0.05,2016-05-02 00:00:00+08:00,9287.71032279758,10244.840119010336,-9.34,Consumer Electronics,Apple Inc.,2016-05-02,
AAPL,2 weeks,0.05,2016-08-08 00:00:00+08:00,10877.620327993898,10347.909960422165,5.12,Consumer Electronics,Apple Inc.,2016-08-08,
AAPL,2 weeks,0.05,2016-10-31 00:00:00+08:00,11040.628071997233,11648.532884777123,-5.22,Consumer Electronics,Apple Inc.,2016-10-31,
AAPL,2 weeks,0.05,2017-02-06 00:00:00+08:00,13317.421034180545,12357.585838003057,7.77,Consumer Electronics,Apple Inc.,2017-02-06,
AAPL,2 weeks,0.05,2017-05-01 00:00:00+08:00,15003.370491268155,14288.010524264277,5.01,Consumer Electronics,Apple Inc.,2017-05-01,
AAPL,2 weeks,0.05,2017-06-12 00:00:00+08:00,14525.47782046804,15382.079224610197,-5.57,Consumer Electronics,Apple Inc.,2017-06-12,
AAPL,2 weeks,0.05,2017-10-30 00:00:00+08:00,17163.25789151088,15810.813344887349,8.55,Consumer Electronics,Apple Inc.,2017-10-30,
AAPL,2 weeks,0.05,2018-02-19 00:00:00+08:00,17548.287096774195,16276.227914705069,7.82,Consumer Electronics,Apple Inc.,2018-02-19,
AAPL,2 weeks,0.05,2018-04-30 00:00:00+08:00,17977.29904704281,16918.07328167116,6.26,Consumer Electronics,Apple Inc.,2018-04-30,
AAPL,2 weeks,0.05,2018-08-06 00:00:00+08:00,20967.87936344969,19619.84147479776,6.87,Consumer Electronics,Apple Inc.,2018-08-06,
AAPL,2 weeks,0.05,2018-11-12 00:00:00+08:00,18709.193686548224,20990.396434747905,-10.87,Consumer Electronics,Apple Inc.,2018-11-12,
AAPL,2 weeks,0.05,2018-11-26 00:00:00+08:00,17664.64437735849,18709.193686548224,-5.58,Consumer Electronics,Apple Inc.,2018-11-26,
AAPL,2 weeks,0.05,2018-12-10 00:00:00+08:00,16530.402578159727,17664.64437735849,-6.42,Consumer Electronics,Apple Inc.,2018-12-10,
AAPL,2 weeks,0.05,2018-12-24 00:00:00+08:00,15135.825925270055,16530.402578159727,-8.44,Consumer Electronics,Apple Inc.,2018-12-24,
AAPL,2 weeks,0.05,2019-02-04 00:00:00+08:00,17117.525112685125,15897.474453781511,7.67,Consumer Electronics,Apple Inc.,2019-02-04,
AAPL,2 weeks,0.05,2019-03-18 00:00:00+08:00,18967.375537505974,17833.019087837838,6.36,Consumer Electronics,Apple Inc.,2019-03-18,
AAPL,2 weeks,0.05,2019-05-13 00:00:00+08:00,18573.432991246606,20543.228663919952,-9.59,Consumer Electronics,Apple Inc.,2019-05-13,
AAPL,2 weeks,0.05,2019-06-10 00:00:00+08:00,19584.180924953416,17969.656903018396,8.98,Consumer Electronics,Apple Inc.,2019-06-10,
AAPL,2 weeks,0.05,2019-10-14 00:00:00+08:00,23903.339435922808,22592.896927207636,5.8,Consumer Electronics,Apple Inc.,2019-10-14,
AAPL,2 weeks,0.05,2019-10-28 00:00:00+08:00,25257.06628903858,23903.339435922808,5.66,Consumer Electronics,Apple Inc.,2019-10-28,
AAPL,2 weeks,0.05,2019-12-23 00:00:00+08:00,29130.589831881713,27495.8556830687,5.95,Consumer Electronics,Apple Inc.,2019-12-23,
AAPL,2 weeks,0.05,2020-01-06 00:00:00+08:00,30872.67811040923,29130.589831881713,5.98,Consumer Electronics,Apple Inc.,2020-01-06,
AAPL,2 weeks,0.05,2020-02-17 00:00:00+08:00,29909.225293612144,32047.21285593459,-6.67,Consumer Electronics,Apple Inc.,2020-02-17,
AAPL,2 weeks,0.05,2020-03-02 00:00:00+08:00,27988.637106184364,29909.225293612144,-6.42,Consumer Electronics,Apple Inc.,2020-03-02,
AAPL,2 weeks,0.05,2020-03-16 00:00:00+08:00,24493.510555490033,27988.637106184364,-12.49,Consumer Electronics,Apple Inc.,2020-03-16,
AAPL,2 weeks,0.05,2020-04-13 00:00:00+08:00,27917.06219512195,25427.116906208328,9.79,Consumer Electronics,Apple Inc.,2020-04-13,
AAPL,2 weeks,0.05,2020-04-27 00:00:00+08:00,29335.338560627275,27917.06219512195,5.08,Consumer Electronics,Apple Inc.,2020-04-27,
AAPL,2 weeks,0.05,2020-05-11 00:00:00+08:00,31297.73055474024,29335.338560627275,6.69,Consumer Electronics,Apple Inc.,2020-05-11,
AAPL,2 weeks,0.05,2020-06-08 00:00:00+08:00,34531.840045538636,32149.433469805528,7.41,Consumer Electronics,Apple Inc.,2020-06-08,
AAPL,2 weeks,0.05,2020-07-06 00:00:00+08:00,38320.61645207439,36209.19240546552,5.83,Consumer Electronics,Apple Inc.,2020-07-06,
AAPL,2 weeks,0.05,2020-08-03 00:00:00+08:00,44685.82473944048,38556.46879798967,15.9,Consumer Electronics,Apple Inc.,2020-08-03,
AAPL,2 weeks,0.05,2020-08-17 00:00:00+08:00,48683.26478046176,44685.82473944048,8.95,Consumer Electronics,Apple Inc.,2020-08-17,
AAPL,2 weeks,0.05,2020-08-31 00:00:00+08:00,12219.817433243148,48683.26478046176,-74.9,Consumer Electronics,Apple Inc.,2020-08-31,
AAPL,2 weeks,0.05,2020-09-14 00:00:00+08:00,11099.298192115008,12219.817433243148,-9.17,Consumer Electronics,Apple Inc.,2020-09-14,
AAPL,2 weeks,0.05,2021-01-25 00:00:00+08:00,13784.486590884007,13111.920447159757,5.13,Consumer Electronics,Apple Inc.,2021-01-25,
AAPL,2 weeks,0.05,2021-02-22 00:00:00+08:00,12383.308487002889,13353.9283008658,-7.27,Consumer Electronics,Apple Inc.,2021-02-22,
AAPL,2 weeks,0.05,2021-04-05 00:00:00+08:00,13055.223684210527,12159.315296709348,7.37,Consumer Electronics,Apple Inc.,2021-04-05,
AAPL,2 weeks,0.05,2021-06-28 00:00:00+08:00,13972.741391941392,13165.294181326117,6.13,Consumer Electronics,Apple Inc.,2021-06-28,
AAPL,2 weeks,0.05,2021-11-29 00:00:00+08:00,16810.39366872455,15707.768502331002,7.02,Consumer Electronics,Apple Inc.,2021-11-29,
AAPL,2 weeks,0.05,2022-03-21 00:00:00+08:00,17286.25218297928,15804.05187878788,9.38,Consumer Electronics,Apple Inc.,2022-03-21,
AAPL,2 weeks,0.05,2022-05-02 00:00:00+08:00,15381.019091910415,16277.586568468356,-5.51,Consumer Electronics,Apple Inc.,2022-05-02,
AAPL,2 weeks,0.05,2022-05-16 00:00:00+08:00,14224.825848849943,15381.019091910415,-7.52,Consumer Electronics,Apple Inc.,2022-05-16,
AAPL,2 weeks,0.05,2022-06-13 00:00:00+08:00,13448.03590933916,14682.159889631135,-8.41,Consumer Electronics,Apple Inc.,2022-06-13,
AAPL,2 weeks,0.05,2022-07-11 00:00:00+08:00,14932.871861001764,14081.325018896448,6.05,Consumer Electronics,Apple Inc.,2022-07-11,
AAPL,2 weeks,0.05,2022-07-25 00:00:00+08:00,15949.176494291472,14932.871861001764,6.81,Consumer Electronics,Apple Inc.,2022-07-25,
AAPL,2 weeks,0.05,2022-08-08 00:00:00+08:00,17046.472524445668,15949.176494291472,6.88,Consumer Electronics,Apple Inc.,2022-08-08,
AAPL,2 weeks,0.05,2022-10-03 00:00:00+08:00,14177.208252238224,15235.310879190385,-6.95,Consumer Electronics,Apple Inc.,2022-10-03,
AAPL,2 weeks,0.05,2022-12-12 00:00:00+08:00,13701.628567635737,14449.169962660766,-5.17,Consumer Electronics,Apple Inc.,2022-12-12,
AAPL,2 weeks,0.05,2022-12-26 00:00:00+08:00,12781.943727413525,13701.628567635737,-6.71,Consumer Electronics,Apple Inc.,2022-12-26,
AAPL,2 weeks,0.05,2023-01-23 00:00:00+08:00,14448.901237785016,13361.436647173488,8.14,Consumer Electronics,Apple Inc.,2023-01-23,
AAPL,2 weeks,0.05,2023-02-06 00:00:00+08:00,15273.244398907103,14448.901237785016,5.71,Consumer Electronics,Apple Inc.,2023-02-06,
AAPL,2 weeks,0.05,2023-08-07 00:00:00+08:00,17779.10130010834,19109.020132377274,-6.96,Consumer Electronics,Apple Inc.,2023-08-07,
AAPL,2 weeks,0.05,2023-11-13 00:00:00+08:00,18911.399366643207,17711.317618913596,6.78,Consumer Electronics,Apple Inc.,2023-11-13,
AAPL,2 weeks,0.05,2024-04-29 00:00:00+08:00,17947.963678628505,16872.806315789476,6.37,Consumer Electronics,Apple Inc.,2024-04-29,
AAPL,2 weeks,0.05,2024-05-13 00:00:00+08:00,18889.051163918528,17947.963678628505,5.24,Consumer Electronics,Apple Inc.,2024-05-13,
AAPL,2 weeks,0.05,2024-06-10 00:00:00+08:00,20964.315695334622,19487.676009644365,7.58,Consumer Electronics,Apple Inc.,2024-06-10,
AAPL,1 week,0.1,2014-06-09 00:00:00+08:00,9312.425962348974,64026.318026045235,-85.46,Consumer Electronics,Apple Inc.,2014-06-09,
AAPL,1 week,0.1,2020-02-24 00:00:00+08:00,28649.93298969072,31889.57148120855,-10.16,Consumer Electronics,Apple Inc.,2020-02-24,
AAPL,1 week,0.1,2020-08-03 00:00:00+08:00,44187.48148148148,38804.78368223296,13.87,Consumer Electronics,Apple Inc.,2020-08-03,
AAPL,1 week,0.1,2020-08-31 00:00:00+08:00,12756.754792500527,50293.11211108254,-74.64,Consumer Electronics,Apple Inc.,2020-08-31,
AAPL,2 weeks,0.1,2014-04-28 00:00:00+08:00,59186.36218117854,53667.41691601835,10.28,Consumer Electronics,Apple Inc.,2014-04-28,
AAPL,2 weeks,0.1,2014-06-09 00:00:00+08:00,9258.040938293741,63524.47541909964,-85.43,Consumer Electronics,Apple Inc.,2014-06-09,
AAPL,2 weeks,0.1,2018-11-12 00:00:00+08:00,18709.193686548224,20990.396434747905,-10.87,Consumer Electronics,Apple Inc.,2018-11-12,
AAPL,2 weeks,0.1,2020-03-16 00:00:00+08:00,24493.510555490033,27988.637106184364,-12.49,Consumer Electronics,Apple Inc.,2020-03-16,
AAPL,2 weeks,0.1,2020-08-03 00:00:00+08:00,44685.82473944048,38556.46879798967,15.9,Consumer Electronics,Apple Inc.,2020-08-03,
AAPL,2 weeks,0.1,2020-08-31 00:00:00+08:00,12219.817433243148,48683.26478046176,-74.9,Consumer Electronics,Apple Inc.,2020-08-31,
AAPL,1 week,0.15,2014-06-09 00:00:00+08:00,9312.425962348974,64026.318026045235,-85.46,Consumer Electronics,Apple Inc.,2014-06-09,
AAPL,1 week,0.15,2020-08-31 00:00:00+08:00,12756.754792500527,50293.11211108254,-74.64,Consumer Electronics,Apple Inc.,2020-08-31,
AAPL,2 weeks,0.15,2014-06-09 00:00:00+08:00,9258.040938293741,63524.47541909964,-85.43,Consumer Electronics,Apple Inc.,2014-06-09,
AAPL,2 weeks,0.15,2020-08-03 00:00:00+08:00,44685.82473944048,38556.46879798967,15.9,Consumer Electronics,Apple Inc.,2020-08-03,
AAPL,2 weeks,0.15,2020-08-31 00:00:00+08:00,12219.817433243148,48683.26478046176,-74.9,Consumer Electronics,Apple Inc.,2020-08-31,
ABBV,1 week,0.05,2014-04-07 00:00:00+08:00,4919.644544997486,5252.19168356998,-6.33,Drug Manufacturers - General,AbbVie Inc.,2014-04-07,
ABBV,1 week,0.05,2014-10-13 00:00:00+08:00,5392.9497299543,5711.04142300195,-5.57,Drug Manufacturers - General,AbbVie Inc.,2014-10-13,
ABBV,1 week,0.05,2014-10-20 00:00:00+08:00,5707.775216138329,5392.9497299543,5.84,Drug Manufacturers - General,AbbVie Inc.,2014-10-20,
ABBV,1 week,0.05,2014-10-27 00:00:00+08:00,6128.335153922542,5707.775216138329,7.37,Drug Manufacturers - General,AbbVie Inc.,2014-10-27,
ABBV,1 week,0.05,2015-02-02 00:00:00+08:00,5854.674843674843,6241.785368217054,-6.2,Drug Manufacturers - General,AbbVie Inc.,2015-02-02,
ABBV,1 week,0.05,2015-03-16 00:00:00+08:00,5996.573146292585,5663.198533007335,5.89,Drug Manufacturers - General,AbbVie Inc.,2015-03-16,
ABBV,1 week,0.05,2015-08-24 00:00:00+08:00,6330.535436893204,6827.447753659768,-7.28,Drug Manufacturers - General,AbbVie Inc.,2015-08-24,
ABBV,1 week,0.05,2015-09-28 00:00:00+08:00,5406.961287078934,5766.121151936445,-6.23,Drug Manufacturers - General,AbbVie Inc.,2015-09-28,
ABBV,1 week,0.05,2015-11-02 00:00:00+08:00,6295.831875607386,5447.543074726321,15.57,Drug Manufacturers - General,AbbVie Inc.,2015-11-02,
ABBV,1 week,0.05,2015-11-30 00:00:00+08:00,5769.316002019183,6084.60972122945,-5.18,Drug Manufacturers - General,AbbVie Inc.,2015-11-30,
ABBV,1 week,0.05,2016-01-11 00:00:00+08:00,5390.472098765432,5709.674230963187,-5.59,Drug Manufacturers - General,AbbVie Inc.,2016-01-11,
ABBV,1 week,0.05,2016-01-18 00:00:00+08:00,5697.8101422387135,5390.472098765432,5.7,Drug Manufacturers - General,AbbVie Inc.,2016-01-18,
ABBV,1 week,0.05,2016-10-31 00:00:00+08:00,5649.698692152918,6032.488802336904,-6.35,Drug Manufacturers - General,AbbVie Inc.,2016-10-31,
ABBV,1 week,0.05,2016-11-07 00:00:00+08:00,6151.950073421439,5649.698692152918,8.89,Drug Manufacturers - General,AbbVie Inc.,2016-11-07,
ABBV,1 week,0.05,2017-09-04 00:00:00+08:00,7919.166142227816,7422.196629213483,6.7,Drug Manufacturers - General,AbbVie Inc.,2017-09-04,
ABBV,1 week,0.05,2017-09-11 00:00:00+08:00,8745.896097560975,7919.166142227816,10.44,Drug Manufacturers - General,AbbVie Inc.,2017-09-11,
ABBV,1 week,0.05,2018-01-22 00:00:00+08:00,10908.699001426534,10363.587011349306,5.26,Drug Manufacturers - General,AbbVie Inc.,2018-01-22,
ABBV,1 week,0.05,2018-01-29 00:00:00+08:00,11703.77240398293,10908.699001426534,7.29,Drug Manufacturers - General,AbbVie Inc.,2018-01-29,
ABBV,1 week,0.05,2018-03-19 00:00:00+08:00,10710.307951807228,11777.918891687656,-9.06,Drug Manufacturers - General,AbbVie Inc.,2018-03-19,
ABBV,1 week,0.05,2018-03-26 00:00:00+08:00,9433.903905765654,10710.307951807228,-11.92,Drug Manufacturers - General,AbbVie Inc.,2018-03-26,
ABBV,1 week,0.05,2018-04-30 00:00:00+08:00,10021.61216730038,9424.622414622414,6.33,Drug Manufacturers - General,AbbVie Inc.,2018-04-30,
ABBV,1 week,0.05,2018-10-22 00:00:00+08:00,8225.897372335152,9040.369939271255,-9.01,Drug Manufacturers - General,AbbVie Inc.,2018-10-22,
ABBV,1 week,0.05,2018-11-05 00:00:00+08:00,8584.007960199006,8049.269175797998,6.64,Drug Manufacturers - General,AbbVie Inc.,2018-11-05,
ABBV,1 week,0.05,2019-01-28 00:00:00+08:00,7860.035055350553,8565.973882762624,-8.24,Drug Manufacturers - General,AbbVie Inc.,2019-01-28,
ABBV,1 week,0.05,2019-06-24 00:00:00+08:00,7037.143297380586,7813.501010101009,-9.94,Drug Manufacturers - General,AbbVie Inc.,2019-06-24,
ABBV,1 week,0.05,2019-11-11 00:00:00+08:00,8697.496770988575,8251.300777453838,5.41,Drug Manufacturers - General,AbbVie Inc.,2019-11-11,
ABBV,1 week,0.05,2020-02-10 00:00:00+08:00,9551.653954802261,8639.617484008528,10.56,Drug Manufacturers - General,AbbVie Inc.,2020-02-10,
ABBV,1 week,0.05,2020-02-24 00:00:00+08:00,8859.423337856173,9407.246350364965,-5.82,Drug Manufacturers - General,AbbVie Inc.,2020-02-24,
ABBV,1 week,0.05,2020-03-09 00:00:00+08:00,8354.836347975883,8878.391566265062,-5.9,Drug Manufacturers - General,AbbVie Inc.,2020-03-09,
ABBV,1 week,0.05,2020-03-16 00:00:00+08:00,7213.650951557092,8354.836347975883,-13.66,Drug Manufacturers - General,AbbVie Inc.,2020-03-16,
ABBV,1 week,0.05,2020-03-30 00:00:00+08:00,7431.562329390355,6957.280172413793,6.82,Drug Manufacturers - General,AbbVie Inc.,2020-03-30,
ABBV,1 week,0.05,2020-04-13 00:00:00+08:00,8177.650641025642,7737.2,5.69,Drug Manufacturers - General,AbbVie Inc.,2020-04-13,
ABBV,1 week,0.05,2020-05-11 00:00:00+08:00,8928.386353566682,8453.429960229783,5.62,Drug Manufacturers - General,AbbVie Inc.,2020-05-11,
ABBV,1 week,0.05,2020-11-02 00:00:00+08:00,9156.739361702128,8256.414304993254,10.9,Drug Manufacturers - General,AbbVie Inc.,2020-11-02,
ABBV,1 week,0.05,2020-11-09 00:00:00+08:00,9755.865836128412,9156.739361702128,6.54,Drug Manufacturers - General,AbbVie Inc.,2020-11-09,
ABBV,1 week,0.05,2021-09-06 00:00:00+08:00,10837.917104495038,11552.127874885004,-6.18,Drug Manufacturers - General,AbbVie Inc.,2021-09-06,
ABBV,1 week,0.05,2021-11-01 00:00:00+08:00,11643.637530864198,11000.921513002364,5.84,Drug Manufacturers - General,AbbVie Inc.,2021-11-01,
ABBV,1 week,0.05,2021-12-13 00:00:00+08:00,12926.16748285994,12269.574291300098,5.35,Drug Manufacturers - General,AbbVie Inc.,2021-12-13,
ABBV,1 week,0.05,2022-06-13 00:00:00+08:00,13827.873891625615,14707.41253132832,-5.98,Drug Manufacturers - General,AbbVie Inc.,2022-06-13,
ABBV,1 week,0.05,2022-06-20 00:00:00+08:00,14793.411985018727,13827.873891625615,6.98,Drug Manufacturers - General,AbbVie Inc.,2022-06-20,
ABBV,1 week,0.05,2022-08-01 00:00:00+08:00,14059.873585833744,14876.303809995052,-5.49,Drug Manufacturers - General,AbbVie Inc.,2022-08-01,
ABBV,1 week,0.05,2024-06-03 00:00:00+08:00,16490.224085365855,15576.107614852108,5.87,Drug Manufacturers - General,AbbVie Inc.,2024-06-03,
ABBV,2 weeks,0.05,2014-04-28 00:00:00+08:00,5151.413309535951,4873.600279329608,5.7,Drug Manufacturers - General,AbbVie Inc.,2014-04-28,
ABBV,2 weeks,0.05,2014-10-27 00:00:00+08:00,6196.747189607794,5538.965916685231,11.88,Drug Manufacturers - General,AbbVie Inc.,2014-10-27,
ABBV,2 weeks,0.05,2014-11-24 00:00:00+08:00,6876.7795870892705,6471.824817518248,6.26,Drug Manufacturers - General,AbbVie Inc.,2014-11-24,
ABBV,2 weeks,0.05,2015-02-02 00:00:00+08:00,5762.871646120377,6262.261689909762,-7.97,Drug Manufacturers - General,AbbVie Inc.,2015-02-02,
ABBV,2 weeks,0.05,2015-04-13 00:00:00+08:00,6312.903536203994,5854.668890742285,7.83,Drug Manufacturers - General,AbbVie Inc.,2015-04-13,
ABBV,2 weeks,0.05,2015-08-31 00:00:00+08:00,6061.448092031425,6574.13437268003,-7.8,Drug Manufacturers - General,AbbVie Inc.,2015-08-31,
ABBV,2 weeks,0.05,2015-09-28 00:00:00+08:00,5487.070689219893,5860.316198595787,-6.37,Drug Manufacturers - General,AbbVie Inc.,2015-09-28,
ABBV,2 weeks,0.05,2015-10-26 00:00:00+08:00,5867.30223611445,5420.418935196339,8.24,Drug Manufacturers - General,AbbVie Inc.,2015-10-26,
ABBV,2 weeks,0.05,2015-12-07 00:00:00+08:00,5603.259838546923,5899.81775147929,-5.03,Drug Manufacturers - General,AbbVie Inc.,2015-12-07,
ABBV,2 weeks,0.05,2017-06-12 00:00:00+08:00,7104.771769484641,6751.638802598136,5.23,Drug Manufacturers - General,AbbVie Inc.,2017-06-12,
ABBV,2 weeks,0.05,2017-09-04 00:00:00+08:00,8384.897499312998,7293.707248596223,14.96,Drug Manufacturers - General,AbbVie Inc.,2017-09-04,
ABBV,2 weeks,0.05,2018-01-22 00:00:00+08:00,11306.801994301994,10136.362794612796,11.55,Drug Manufacturers - General,AbbVie Inc.,2018-01-22,
ABBV,2 weeks,0.05,2018-02-19 00:00:00+08:00,11810.2110774318,11247.320745463461,5.0,Drug Manufacturers - General,AbbVie Inc.,2018-02-19,
ABBV,2 weeks,0.05,2018-03-19 00:00:00+08:00,10152.054229934924,11671.398643556897,-13.02,Drug Manufacturers - General,AbbVie Inc.,2018-03-19,
ABBV,2 weeks,0.05,2018-04-02 00:00:00+08:00,9196.543148470528,10152.054229934924,-9.41,Drug Manufacturers - General,AbbVie Inc.,2018-04-02,
ABBV,2 weeks,0.05,2018-04-30 00:00:00+08:00,10068.092202059832,9367.856193055895,7.47,Drug Manufacturers - General,AbbVie Inc.,2018-04-30,
ABBV,2 weeks,0.05,2018-10-15 00:00:00+08:00,8628.95216629101,9392.837837837837,-8.13,Drug Manufacturers - General,AbbVie Inc.,2018-10-15,
ABBV,2 weeks,0.05,2018-11-12 00:00:00+08:00,8880.255287896593,8310.847408128499,6.85,Drug Manufacturers - General,AbbVie Inc.,2018-11-12,
ABBV,2 weeks,0.05,2019-01-21 00:00:00+08:00,8172.636597275765,8779.733715997005,-6.91,Drug Manufacturers - General,AbbVie Inc.,2019-01-21,
ABBV,2 weeks,0.05,2019-06-24 00:00:00+08:00,7157.167988464311,7823.809632446134,-8.52,Drug Manufacturers - General,AbbVie Inc.,2019-06-24,
ABBV,2 weeks,0.05,2019-09-16 00:00:00+08:00,7246.4985507246365,6783.500406834824,6.83,Drug Manufacturers - General,AbbVie Inc.,2019-09-16,
ABBV,2 weeks,0.05,2019-10-28 00:00:00+08:00,8083.265868263474,7616.028697571744,6.13,Drug Manufacturers - General,AbbVie Inc.,2019-10-28,
ABBV,2 weeks,0.05,2019-11-11 00:00:00+08:00,8731.123584441162,8083.265868263474,8.01,Drug Manufacturers - General,AbbVie Inc.,2019-11-11,
ABBV,2 weeks,0.05,2020-01-20 00:00:00+08:00,8439.104656985479,8895.293381468111,-5.13,Drug Manufacturers - General,AbbVie Inc.,2020-01-20,
ABBV,2 weeks,0.05,2020-02-03 00:00:00+08:00,9073.084806444394,8439.104656985479,7.51,Drug Manufacturers - General,AbbVie Inc.,2020-02-03,
ABBV,2 weeks,0.05,2020-03-02 00:00:00+08:00,8607.031026785713,9093.04747081712,-5.34,Drug Manufacturers - General,AbbVie Inc.,2020-03-02,
ABBV,2 weeks,0.05,2020-03-16 00:00:00+08:00,7085.244170984456,8607.031026785713,-17.68,Drug Manufacturers - General,AbbVie Inc.,2020-03-16,
ABBV,2 weeks,0.05,2020-03-30 00:00:00+08:00,7567.25524917784,7085.244170984456,6.8,Drug Manufacturers - General,AbbVie Inc.,2020-03-30,
ABBV,2 weeks,0.05,2020-04-13 00:00:00+08:00,8215.02925218212,7567.25524917784,8.56,Drug Manufacturers - General,AbbVie Inc.,2020-04-13,
ABBV,2 weeks,0.05,2020-05-11 00:00:00+08:00,9038.378881987575,8391.379851918331,7.71,Drug Manufacturers - General,AbbVie Inc.,2020-05-11,
ABBV,2 weeks,0.05,2020-11-09 00:00:00+08:00,9869.664109716412,8709.893503014066,13.32,Drug Manufacturers - General,AbbVie Inc.,2020-11-09,
ABBV,2 weeks,0.05,2020-11-23 00:00:00+08:00,10439.809564474808,9869.664109716412,5.78,Drug Manufacturers - General,AbbVie Inc.,2020-11-23,
ABBV,2 weeks,0.05,2021-09-06 00:00:00+08:00,10788.526163555089,11767.9656507015,-8.32,Drug Manufacturers - General,AbbVie Inc.,2021-09-06,
ABBV,2 weeks,0.05,2021-11-01 00:00:00+08:00,11646.365264991293,10910.176527176529,6.75,Drug Manufacturers - General,AbbVie Inc.,2021-11-01,
ABBV,2 weeks,0.05,2021-12-13 00:00:00+08:00,13019.372366621068,11994.772983574405,8.54,Drug Manufacturers - General,AbbVie Inc.,2021-12-13,
ABBV,2 weeks,0.05,2022-02-07 00:00:00+08:00,14339.259341747093,13630.365877004067,5.2,Drug Manufacturers - General,AbbVie Inc.,2022-02-07,
ABBV,2 weeks,0.05,2022-03-21 00:00:00+08:00,16116.191780821919,15223.916563505818,5.86,Drug Manufacturers - General,AbbVie Inc.,2022-03-21,
ABBV,2 weeks,0.05,2022-04-18 00:00:00+08:00,15544.196467457052,16695.111081298634,-6.89,Drug Manufacturers - General,AbbVie Inc.,2022-04-18,
ABBV,2 weeks,0.05,2022-06-27 00:00:00+08:00,15313.06457925636,14253.752753303965,7.43,Drug Manufacturers - General,AbbVie Inc.,2022-06-27,
ABBV,2 weeks,0.05,2022-11-14 00:00:00+08:00,15543.316005873716,14708.053400503779,5.68,Drug Manufacturers - General,AbbVie Inc.,2022-11-14,
ABBV,2 weeks,0.05,2023-01-09 00:00:00+08:00,15420.610912096996,16312.549666772453,-5.47,Drug Manufacturers - General,AbbVie Inc.,2023-01-09,
ABBV,2 weeks,0.05,2023-05-01 00:00:00+08:00,14847.873484848484,15936.97074010327,-6.83,Drug Manufacturers - General,AbbVie Inc.,2023-05-01,
ABBV,2 weeks,0.05,2023-07-24 00:00:00+08:00,14711.390049751244,13689.358807316463,7.47,Drug Manufacturers - General,AbbVie Inc.,2023-07-24,
ABBV,2 weeks,0.05,2023-12-11 00:00:00+08:00,15338.959214501512,14315.560050251255,7.15,Drug Manufacturers - General,AbbVie Inc.,2023-12-11,
ABBV,2 weeks,0.05,2024-02-05 00:00:00+08:00,17406.98007063572,16543.6,5.22,Drug Manufacturers - General,AbbVie Inc.,2024-02-05,
ABBV,2 weeks,0.05,2024-06-10 00:00:00+08:00,16908.88071284852,16081.865617093055,5.14,Drug Manufacturers - General,AbbVie Inc.,2024-06-10,
ABBV,2 weeks,0.05,2024-07-22 00:00:00+08:00,18064.2792249047,16993.88960703206,6.3,Drug Manufacturers - General,AbbVie Inc.,2024-07-22,
ABBV,1 week,0.1,2015-11-02 00:00:00+08:00,6295.831875607386,5447.543074726321,15.57,Drug Manufacturers - General,AbbVie Inc.,2015-11-02,
ABBV,1 week,0.1,2017-09-11 00:00:00+08:00,8745.896097560975,7919.166142227816,10.44,Drug Manufacturers - General,AbbVie Inc.,2017-09-11,
ABBV,1 week,0.1,2018-03-26 00:00:00+08:00,9433.903905765654,10710.307951807228,-11.92,Drug Manufacturers - General,AbbVie Inc.,2018-03-26,
ABBV,1 week,0.1,2020-02-10 00:00:00+08:00,9551.653954802261,8639.617484008528,10.56,Drug Manufacturers - General,AbbVie Inc.,2020-02-10,
ABBV,1 week,0.1,2020-03-16 00:00:00+08:00,7213.650951557092,8354.836347975883,-13.66,Drug Manufacturers - General,AbbVie Inc.,2020-03-16,
ABBV,1 week,0.1,2020-11-02 00:00:00+08:00,9156.739361702128,8256.414304993254,10.9,Drug Manufacturers - General,AbbVie Inc.,2020-11-02,
ABBV,2 weeks,0.1,2014-10-27 00:00:00+08:00,6196.747189607794,5538.965916685231,11.88,Drug Manufacturers - General,AbbVie Inc.,2014-10-27,
ABBV,2 weeks,0.1,2017-09-04 00:00:00+08:00,8384.897499312998,7293.707248596223,14.96,Drug Manufacturers - General,AbbVie Inc.,2017-09-04,
ABBV,2 weeks,0.1,2018-01-22 00:00:00+08:00,11306.801994301994,10136.362794612796,11.55,Drug Manufacturers - General,AbbVie Inc.,2018-01-22,
ABBV,2 weeks,0.1,2018-03-19 00:00:00+08:00,10152.054229934924,11671.398643556897,-13.02,Drug Manufacturers - General,AbbVie Inc.,2018-03-19,
ABBV,2 weeks,0.1,2020-03-16 00:00:00+08:00,7085.244170984456,8607.031026785713,-17.68,Drug Manufacturers - General,AbbVie Inc.,2020-03-16,
ABBV,2 weeks,0.1,2020-11-09 00:00:00+08:00,9869.664109716412,8709.893503014066,13.32,Drug Manufacturers - General,AbbVie Inc.,2020-11-09,
ABBV,1 week,0.15,2015-11-02 00:00:00+08:00,6295.831875607386,5447.543074726321,15.57,Drug Manufacturers - General,AbbVie Inc.,2015-11-02,
ABBV,2 weeks,0.15,2020-03-16 00:00:00+08:00,7085.244170984456,8607.031026785713,-17.68,Drug Manufacturers - General,AbbVie Inc.,2020-03-16,
AMZN,1 week,0.05,2014-02-03 00:00:00+08:00,35034.398651496,38448.255169867065,-8.88,Specialty Retail,"Amazon.com, Inc.",2014-02-03,
AMZN,1 week,0.05,2014-03-24 00:00:00+08:00,34703.16238917405,37238.36346426882,-6.81,Specialty Retail,"Amazon.com, Inc.",2014-03-24,
AMZN,1 week,0.05,2014-04-28 00:00:00+08:00,30165.310679611648,32601.207852193995,-7.47,Specialty Retail,"Amazon.com, Inc.",2014-04-28,
AMZN,1 week,0.05,2014-06-09 00:00:00+08:00,33090.93747247908,31478.611447184736,5.12,Specialty Retail,"Amazon.com, Inc.",2014-06-09,
AMZN,1 week,0.05,2014-07-14 00:00:00+08:00,35454.89789520824,33146.79189686925,6.96,Specialty Retail,"Amazon.com, Inc.",2014-07-14,
AMZN,1 week,0.05,2014-07-28 00:00:00+08:00,31699.43163538874,34711.14945652174,-8.68,Specialty Retail,"Amazon.com, Inc.",2014-07-28,
AMZN,1 week,0.05,2015-01-26 00:00:00+08:00,32183.83223043986,30184.517418617932,6.62,Specialty Retail,"Amazon.com, Inc.",2015-01-26,
AMZN,1 week,0.05,2015-02-02 00:00:00+08:00,36706.78931623931,32183.83223043986,14.05,Specialty Retail,"Amazon.com, Inc.",2015-02-02,
AMZN,1 week,0.05,2015-04-20 00:00:00+08:00,40379.90244835501,38288.73923679061,5.46,Specialty Retail,"Amazon.com, Inc.",2015-04-20,
AMZN,1 week,0.05,2015-04-27 00:00:00+08:00,43054.27532833021,40379.90244835501,6.62,Specialty Retail,"Amazon.com, Inc.",2015-04-27,
AMZN,1 week,0.05,2015-07-13 00:00:00+08:00,46702.07615750757,43580.933135215455,7.16,Specialty Retail,"Amazon.com, Inc.",2015-07-13,
AMZN,1 week,0.05,2015-07-20 00:00:00+08:00,50957.38546490915,46702.07615750757,9.11,Specialty Retail,"Amazon.com, Inc.",2015-07-20,
AMZN,1 week,0.05,2015-08-24 00:00:00+08:00,49417.59429657795,52452.10203139427,-5.79,Specialty Retail,"Amazon.com, Inc.",2015-08-24,
AMZN,1 week,0.05,2015-10-05 00:00:00+08:00,53722.11788435679,51048.2391779624,5.24,Specialty Retail,"Amazon.com, Inc.",2015-10-05,
AMZN,1 week,0.05,2015-10-26 00:00:00+08:00,61634.99128839982,57867.7989109296,6.51,Specialty Retail,"Amazon.com, Inc.",2015-10-26,
AMZN,1 week,0.05,2016-01-04 00:00:00+08:00,62738.73168880455,68343.91138530566,-8.2,Specialty Retail,"Amazon.com, Inc.",2016-01-04,
AMZN,1 week,0.05,2016-02-01 00:00:00+08:00,54259.23712183156,59327.90756013746,-8.54,Specialty Retail,"Amazon.com, Inc.",2016-02-01,
AMZN,1 week,0.05,2016-02-08 00:00:00+08:00,49309.277424483305,54259.23712183156,-9.12,Specialty Retail,"Amazon.com, Inc.",2016-02-08,
AMZN,1 week,0.05,2016-02-15 00:00:00+08:00,52762.37977407208,49309.277424483305,7.0,Specialty Retail,"Amazon.com, Inc.",2016-02-15,
AMZN,1 week,0.05,2016-03-28 00:00:00+08:00,59218.72727272727,56279.30107526881,5.22,Specialty Retail,"Amazon.com, Inc.",2016-03-28,
AMZN,1 week,0.05,2016-05-02 00:00:00+08:00,67079.21194690265,63093.96003104385,6.32,Specialty Retail,"Amazon.com, Inc.",2016-05-02,
AMZN,1 week,0.05,2017-10-30 00:00:00+08:00,110235.08625218914,100631.506080816,9.54,Specialty Retail,"Amazon.com, Inc.",2017-10-30,
AMZN,1 week,0.05,2018-01-29 00:00:00+08:00,144057.90921455287,136032.96365767877,5.9,Specialty Retail,"Amazon.com, Inc.",2018-01-29,
AMZN,1 week,0.05,2018-04-02 00:00:00+08:00,140316.9474624732,148444.97039030955,-5.48,Specialty Retail,"Amazon.com, Inc.",2018-04-02,
AMZN,1 week,0.05,2018-04-16 00:00:00+08:00,151165.52481203008,143542.58255578091,5.31,Specialty Retail,"Amazon.com, Inc.",2018-04-16,
AMZN,1 week,0.05,2018-10-08 00:00:00+08:00,180056.7645811241,195797.7464617873,-8.04,Specialty Retail,"Amazon.com, Inc.",2018-10-08,
AMZN,1 week,0.05,2018-10-29 00:00:00+08:00,159875.12716562717,171819.12039563435,-6.95,Specialty Retail,"Amazon.com, Inc.",2018-10-29,
AMZN,1 week,0.05,2018-11-05 00:00:00+08:00,169450.15327257663,159875.12716562717,5.99,Specialty Retail,"Amazon.com, Inc.",2018-11-05,
AMZN,1 week,0.05,2018-11-19 00:00:00+08:00,151584.5169057377,162121.00825515948,-6.5,Specialty Retail,"Amazon.com, Inc.",2018-11-19,
AMZN,1 week,0.05,2018-11-26 00:00:00+08:00,162612.2219705549,151584.5169057377,7.27,Specialty Retail,"Amazon.com, Inc.",2018-11-26,
AMZN,1 week,0.05,2018-12-17 00:00:00+08:00,150381.94543429845,164868.31837690205,-8.79,Specialty Retail,"Amazon.com, Inc.",2018-12-17,
AMZN,1 week,0.05,2018-12-24 00:00:00+08:00,142676.22868810617,150381.94543429845,-5.12,Specialty Retail,"Amazon.com, Inc.",2018-12-24,
AMZN,1 week,0.05,2018-12-31 00:00:00+08:00,152341.54487760653,142676.22868810617,6.77,Specialty Retail,"Amazon.com, Inc.",2018-12-31,
AMZN,1 week,0.05,2019-01-07 00:00:00+08:00,164457.14209726444,152341.54487760653,7.95,Specialty Retail,"Amazon.com, Inc.",2019-01-07,
AMZN,1 week,0.05,2019-03-18 00:00:00+08:00,177716.83769841268,168499.52852977923,5.47,Specialty Retail,"Amazon.com, Inc.",2019-03-18,
AMZN,1 week,0.05,2019-06-10 00:00:00+08:00,186619.09986801585,173824.21485943775,7.36,Specialty Retail,"Amazon.com, Inc.",2019-06-10,
AMZN,1 week,0.05,2020-02-03 00:00:00+08:00,204584.5588359342,191353.808637379,6.91,Specialty Retail,"Amazon.com, Inc.",2020-02-03,
AMZN,1 week,0.05,2020-02-10 00:00:00+08:00,214910.16344537816,204584.5588359342,5.05,Specialty Retail,"Amazon.com, Inc.",2020-02-10,
AMZN,1 week,0.05,2020-02-24 00:00:00+08:00,194891.72531734835,214601.52574985853,-9.18,Specialty Retail,"Amazon.com, Inc.",2020-02-24,
AMZN,1 week,0.05,2020-03-09 00:00:00+08:00,178710.4907997169,192340.00387296668,-7.09,Specialty Retail,"Amazon.com, Inc.",2020-03-09,
AMZN,1 week,0.05,2020-03-23 00:00:00+08:00,191046.63040123455,181335.1784320681,5.36,Specialty Retail,"Amazon.com, Inc.",2020-03-23,
AMZN,1 week,0.05,2020-04-13 00:00:00+08:00,229207.76195691855,201025.1008660214,14.02,Specialty Retail,"Amazon.com, Inc.",2020-04-13,
AMZN,1 week,0.05,2020-07-06 00:00:00+08:00,308502.8639455782,278924.5439618644,10.6,Specialty Retail,"Amazon.com, Inc.",2020-07-06,
AMZN,1 week,0.05,2020-09-07 00:00:00+08:00,321207.2159090909,342089.23255813954,-6.1,Specialty Retail,"Amazon.com, Inc.",2020-09-07,
AMZN,1 week,0.05,2020-10-12 00:00:00+08:00,338596.2215865751,318866.34991638793,6.19,Specialty Retail,"Amazon.com, Inc.",2020-10-12,
AMZN,1 week,0.05,2020-10-19 00:00:00+08:00,320078.40631761146,338596.2215865751,-5.47,Specialty Retail,"Amazon.com, Inc.",2020-10-19,
AMZN,1 week,0.05,2021-04-05 00:00:00+08:00,327728.07619477005,309040.2908101572,6.05,Specialty Retail,"Amazon.com, Inc.",2021-04-05,
AMZN,1 week,0.05,2021-07-05 00:00:00+08:00,368680.1133540373,344690.82457879087,6.96,Specialty Retail,"Amazon.com, Inc.",2021-07-05,
AMZN,1 week,0.05,2021-08-02 00:00:00+08:00,335137.35526943253,354815.0072609923,-5.55,Specialty Retail,"Amazon.com, Inc.",2021-08-02,
AMZN,1 week,0.05,2021-08-30 00:00:00+08:00,348420.46610814927,325433.3545034642,7.06,Specialty Retail,"Amazon.com, Inc.",2021-08-30,
AMZN,1 week,0.05,2022-01-17 00:00:00+08:00,307966.338992333,325072.4923444976,-5.26,Specialty Retail,"Amazon.com, Inc.",2022-01-17,
AMZN,1 week,0.05,2022-01-24 00:00:00+08:00,281461.2017045454,307966.338992333,-8.61,Specialty Retail,"Amazon.com, Inc.",2022-01-24,
AMZN,1 week,0.05,2022-01-31 00:00:00+08:00,301290.18077061576,281461.2017045454,7.05,Specialty Retail,"Amazon.com, Inc.",2022-01-31,
AMZN,1 week,0.05,2022-02-07 00:00:00+08:00,318112.38539274235,301290.18077061576,5.58,Specialty Retail,"Amazon.com, Inc.",2022-02-07,
AMZN,1 week,0.05,2022-03-07 00:00:00+08:00,285228.2513281569,300288.7169451074,-5.02,Specialty Retail,"Amazon.com, Inc.",2022-03-07,
AMZN,1 week,0.05,2022-03-14 00:00:00+08:00,301451.27759664645,285228.2513281569,5.69,Specialty Retail,"Amazon.com, Inc.",2022-03-14,
AMZN,1 week,0.05,2022-03-21 00:00:00+08:00,326818.4543209876,301451.27759664645,8.42,Specialty Retail,"Amazon.com, Inc.",2022-03-21,
AMZN,1 week,0.05,2022-04-25 00:00:00+08:00,274778.023015873,304467.9009095261,-9.75,Specialty Retail,"Amazon.com, Inc.",2022-04-25,
AMZN,1 week,0.05,2022-05-02 00:00:00+08:00,240031.31098951207,274778.023015873,-12.65,Specialty Retail,"Amazon.com, Inc.",2022-05-02,
AMZN,1 week,0.05,2022-05-09 00:00:00+08:00,217856.73452430413,240031.31098951207,-9.24,Specialty Retail,"Amazon.com, Inc.",2022-05-09,
AMZN,1 week,0.05,2022-05-30 00:00:00+08:00,243713.13180661577,216613.3655629139,12.51,Specialty Retail,"Amazon.com, Inc.",2022-05-30,
AMZN,1 week,0.05,2022-06-06 00:00:00+08:00,12027.14780658026,243713.13180661577,-95.07,Specialty Retail,"Amazon.com, Inc.",2022-06-06,
AMZN,1 week,0.05,2022-06-13 00:00:00+08:00,10460.394425259004,12027.14780658026,-13.03,Specialty Retail,"Amazon.com, Inc.",2022-06-13,
AMZN,1 week,0.05,2022-06-20 00:00:00+08:00,11080.909465020575,10460.394425259004,5.93,Specialty Retail,"Amazon.com, Inc.",2022-06-20,
AMZN,1 week,0.05,2022-07-18 00:00:00+08:00,11997.800403225807,11122.591249625411,7.87,Specialty Retail,"Amazon.com, Inc.",2022-07-18,
AMZN,1 week,0.05,2022-08-01 00:00:00+08:00,13829.48383404864,12368.321356275304,11.81,Specialty Retail,"Amazon.com, Inc.",2022-08-01,
AMZN,1 week,0.05,2022-08-22 00:00:00+08:00,13425.83782129743,14202.151242887092,-5.47,Specialty Retail,"Amazon.com, Inc.",2022-08-22,
AMZN,1 week,0.05,2022-09-19 00:00:00+08:00,11978.147291196388,12843.800604229607,-6.74,Specialty Retail,"Amazon.com, Inc.",2022-09-19,
AMZN,1 week,0.05,2022-10-10 00:00:00+08:00,11210.46749136939,11838.15960912052,-5.3,Specialty Retail,"Amazon.com, Inc.",2022-10-10,
AMZN,1 week,0.05,2022-10-31 00:00:00+08:00,9545.300658376005,11201.308970099668,-14.78,Specialty Retail,"Amazon.com, Inc.",2022-10-31,
AMZN,1 week,0.05,2022-11-14 00:00:00+08:00,9742.010983263599,9251.6400695998,5.3,Specialty Retail,"Amazon.com, Inc.",2022-11-14,
AMZN,1 week,0.05,2022-12-19 00:00:00+08:00,8532.66534075842,9004.845692475465,-5.24,Specialty Retail,"Amazon.com, Inc.",2022-12-19,
AMZN,1 week,0.05,2023-01-09 00:00:00+08:00,9236.087402212032,8504.903963905897,8.6,Specialty Retail,"Amazon.com, Inc.",2023-01-09,
AMZN,1 week,0.05,2023-01-30 00:00:00+08:00,10507.214968152866,9775.660243407709,7.48,Specialty Retail,"Amazon.com, Inc.",2023-01-30,
AMZN,1 week,0.05,2023-05-15 00:00:00+08:00,11466.34770196974,10879.774664679584,5.39,Specialty Retail,"Amazon.com, Inc.",2023-05-15,
AMZN,1 week,0.05,2023-05-29 00:00:00+08:00,12284.412351543944,11634.62865497076,5.58,Specialty Retail,"Amazon.com, Inc.",2023-05-29,
AMZN,1 week,0.05,2023-09-18 00:00:00+08:00,13485.702565632459,14271.55455075846,-5.51,Specialty Retail,"Amazon.com, Inc.",2023-09-18,
AMZN,1 week,0.05,2023-09-25 00:00:00+08:00,12737.65803853897,13485.702565632459,-5.55,Specialty Retail,"Amazon.com, Inc.",2023-09-25,
AMZN,1 week,0.05,2023-10-30 00:00:00+08:00,13512.448696145124,12496.260646108663,8.13,Specialty Retail,"Amazon.com, Inc.",2023-10-30,
AMZN,1 week,0.05,2024-02-05 00:00:00+08:00,17037.925408618128,16162.057199211044,5.42,Specialty Retail,"Amazon.com, Inc.",2024-02-05,
AMZN,1 week,0.05,2024-02-26 00:00:00+08:00,17770.32857142857,16812.98393077874,5.69,Specialty Retail,"Amazon.com, Inc.",2024-02-26,
AMZN,1 week,0.05,2024-07-01 00:00:00+08:00,19806.086565945283,18735.869220607663,5.71,Specialty Retail,"Amazon.com, Inc.",2024-07-01,
AMZN,2 weeks,0.05,2014-02-03 00:00:00+08:00,35322.780917191914,39069.608350351715,-9.59,Specialty Retail,"Amazon.com, Inc.",2014-02-03,
AMZN,2 weeks,0.05,2014-03-31 00:00:00+08:00,32839.07281001138,35961.82777255639,-8.68,Specialty Retail,"Amazon.com, Inc.",2014-03-31,
AMZN,2 weeks,0.05,2014-04-28 00:00:00+08:00,29902.34143596669,32275.13514129444,-7.35,Specialty Retail,"Amazon.com, Inc.",2014-04-28,
AMZN,2 weeks,0.05,2014-06-09 00:00:00+08:00,32909.67214206437,31316.021693674855,5.09,Specialty Retail,"Amazon.com, Inc.",2014-06-09,
AMZN,2 weeks,0.05,2014-08-18 00:00:00+08:00,33698.489335918566,31985.61379633975,5.36,Specialty Retail,"Amazon.com, Inc.",2014-08-18,
AMZN,2 weeks,0.05,2014-11-10 00:00:00+08:00,32088.8441314554,29787.116207951072,7.73,Specialty Retail,"Amazon.com, Inc.",2014-11-10,
AMZN,2 weeks,0.05,2014-12-08 00:00:00+08:00,30424.29314312011,32657.003264417843,-6.84,Specialty Retail,"Amazon.com, Inc.",2014-12-08,
AMZN,2 weeks,0.05,2015-01-19 00:00:00+08:00,31373.461805555555,29542.39125350795,6.2,Specialty Retail,"Amazon.com, Inc.",2015-01-19,
AMZN,2 weeks,0.05,2015-02-02 00:00:00+08:00,37079.719556360345,31373.461805555555,18.19,Specialty Retail,"Amazon.com, Inc.",2015-02-02,
AMZN,2 weeks,0.05,2015-04-27 00:00:00+08:00,42811.53518474935,39462.26878488622,8.49,Specialty Retail,"Amazon.com, Inc.",2015-04-27,
AMZN,2 weeks,0.05,2015-07-20 00:00:00+08:00,52008.07701215982,45246.7441108545,14.94,Specialty Retail,"Amazon.com, Inc.",2015-07-20,
AMZN,2 weeks,0.05,2015-10-12 00:00:00+08:00,56682.805910710544,52368.60734838424,8.24,Specialty Retail,"Amazon.com, Inc.",2015-10-12,
AMZN,2 weeks,0.05,2015-10-26 00:00:00+08:00,62846.583653194844,56682.805910710544,10.87,Specialty Retail,"Amazon.com, Inc.",2015-10-26,
AMZN,2 weeks,0.05,2015-12-28 00:00:00+08:00,62738.73168880455,67409.18159879337,-6.93,Specialty Retail,"Amazon.com, Inc.",2015-12-28,
AMZN,2 weeks,0.05,2016-01-11 00:00:00+08:00,58893.94054776219,62738.73168880455,-6.13,Specialty Retail,"Amazon.com, Inc.",2016-01-11,
AMZN,2 weeks,0.05,2016-02-08 00:00:00+08:00,50776.54994285714,57013.12640029873,-10.94,Specialty Retail,"Amazon.com, Inc.",2016-02-08,
AMZN,2 weeks,0.05,2016-02-22 00:00:00+08:00,56176.893865842896,50776.54994285714,10.64,Specialty Retail,"Amazon.com, Inc.",2016-02-22,
AMZN,2 weeks,0.05,2016-05-02 00:00:00+08:00,68808.63322683706,62992.41224234853,9.23,Specialty Retail,"Amazon.com, Inc.",2016-05-02,
AMZN,2 weeks,0.05,2016-10-31 00:00:00+08:00,76922.36951219512,81522.69051987768,-5.64,Specialty Retail,"Amazon.com, Inc.",2016-10-31,
AMZN,2 weeks,0.05,2017-10-30 00:00:00+08:00,111315.85981519044,100255.87709497206,11.03,Specialty Retail,"Amazon.com, Inc.",2017-10-30,
AMZN,2 weeks,0.05,2018-01-08 00:00:00+08:00,128079.14110150204,119225.35922047702,7.43,Specialty Retail,"Amazon.com, Inc.",2018-01-08,
AMZN,2 weeks,0.05,2018-01-22 00:00:00+08:00,140324.1209090909,128079.14110150204,9.56,Specialty Retail,"Amazon.com, Inc.",2018-01-22,
AMZN,2 weeks,0.05,2018-02-19 00:00:00+08:00,149754.262990456,141055.50223653603,6.17,Specialty Retail,"Amazon.com, Inc.",2018-02-19,
AMZN,2 weeks,0.05,2018-04-02 00:00:00+08:00,141827.71898156943,152131.85974348363,-6.77,Specialty Retail,"Amazon.com, Inc.",2018-04-02,
AMZN,2 weeks,0.05,2018-04-16 00:00:00+08:00,151797.41104185217,141827.71898156943,7.03,Specialty Retail,"Amazon.com, Inc.",2018-04-16,
AMZN,2 weeks,0.05,2018-07-09 00:00:00+08:00,179731.24409448818,169411.7768271816,6.09,Specialty Retail,"Amazon.com, Inc.",2018-07-09,
AMZN,2 weeks,0.05,2018-10-15 00:00:00+08:00,175440.89714904365,187398.79554884948,-6.38,Specialty Retail,"Amazon.com, Inc.",2018-10-15,
AMZN,2 weeks,0.05,2018-10-29 00:00:00+08:00,164236.28056603772,175440.89714904365,-6.39,Specialty Retail,"Amazon.com, Inc.",2018-10-29,
AMZN,2 weeks,0.05,2018-11-26 00:00:00+08:00,166042.15116518867,157666.33398310593,5.31,Specialty Retail,"Amazon.com, Inc.",2018-11-26,
AMZN,2 weeks,0.05,2018-12-10 00:00:00+08:00,157444.637816245,166042.15116518867,-5.18,Specialty Retail,"Amazon.com, Inc.",2018-12-10,
AMZN,2 weeks,0.05,2018-12-24 00:00:00+08:00,147795.48139255703,157444.637816245,-6.13,Specialty Retail,"Amazon.com, Inc.",2018-12-24,
AMZN,2 weeks,0.05,2019-01-07 00:00:00+08:00,165899.82665639443,147795.48139255703,12.25,Specialty Retail,"Amazon.com, Inc.",2019-01-07,
AMZN,2 weeks,0.05,2019-03-18 00:00:00+08:00,177596.93410852712,167469.12896622313,6.05,Specialty Retail,"Amazon.com, Inc.",2019-03-18,
AMZN,2 weeks,0.05,2019-06-10 00:00:00+08:00,188661.60510114336,177057.1025994939,6.55,Specialty Retail,"Amazon.com, Inc.",2019-06-10,
AMZN,2 weeks,0.05,2019-08-05 00:00:00+08:00,178957.89589968152,192650.2268557131,-7.11,Specialty Retail,"Amazon.com, Inc.",2019-08-05,
AMZN,2 weeks,0.05,2020-02-03 00:00:00+08:00,209757.14123342457,190058.4423647569,10.36,Specialty Retail,"Amazon.com, Inc.",2020-02-03,
AMZN,2 weeks,0.05,2020-03-02 00:00:00+08:00,185217.77681213015,202457.92504888115,-8.52,Specialty Retail,"Amazon.com, Inc.",2020-03-02,
AMZN,2 weeks,0.05,2020-03-30 00:00:00+08:00,196635.46470185055,185987.19903899464,5.73,Specialty Retail,"Amazon.com, Inc.",2020-03-30,
AMZN,2 weeks,0.05,2020-04-13 00:00:00+08:00,233761.18849056604,196635.46470185055,18.88,Specialty Retail,"Amazon.com, Inc.",2020-04-13,
AMZN,2 weeks,0.05,2020-06-08 00:00:00+08:00,260316.883020425,244463.96218487396,6.48,Specialty Retail,"Amazon.com, Inc.",2020-06-08,
AMZN,2 weeks,0.05,2020-06-22 00:00:00+08:00,276047.2971117424,260316.883020425,6.04,Specialty Retail,"Amazon.com, Inc.",2020-06-22,
AMZN,2 weeks,0.05,2020-07-06 00:00:00+08:00,307284.81258685724,276047.2971117424,11.32,Specialty Retail,"Amazon.com, Inc.",2020-07-06,
AMZN,2 weeks,0.05,2020-08-17 00:00:00+08:00,331946.2026258206,315876.4006163328,5.09,Specialty Retail,"Amazon.com, Inc.",2020-08-17,
AMZN,2 weeks,0.05,2020-09-14 00:00:00+08:00,304824.69417093345,332552.860333935,-8.34,Specialty Retail,"Amazon.com, Inc.",2020-09-14,
AMZN,2 weeks,0.05,2021-02-22 00:00:00+08:00,309472.84003458713,329092.01137244765,-5.96,Specialty Retail,"Amazon.com, Inc.",2021-02-22,
AMZN,2 weeks,0.05,2021-04-05 00:00:00+08:00,332945.50783556665,309451.80733944953,7.59,Specialty Retail,"Amazon.com, Inc.",2021-04-05,
AMZN,2 weeks,0.05,2021-06-14 00:00:00+08:00,344623.0799721836,325231.86588610965,5.96,Specialty Retail,"Amazon.com, Inc.",2021-06-14,
AMZN,2 weeks,0.05,2021-08-23 00:00:00+08:00,348420.46610814927,329304.9421288322,5.8,Specialty Retail,"Amazon.com, Inc.",2021-08-23,
AMZN,2 weeks,0.05,2022-01-10 00:00:00+08:00,317096.0275791624,335366.1533300199,-5.45,Specialty Retail,"Amazon.com, Inc.",2022-01-10,
AMZN,2 weeks,0.05,2022-01-24 00:00:00+08:00,291967.79870253766,317096.0275791624,-7.92,Specialty Retail,"Amazon.com, Inc.",2022-01-24,
AMZN,2 weeks,0.05,2022-02-07 00:00:00+08:00,314831.91882595734,291967.79870253766,7.83,Specialty Retail,"Amazon.com, Inc.",2022-02-07,
AMZN,2 weeks,0.05,2022-03-21 00:00:00+08:00,329931.73305294407,292810.0618197649,12.68,Specialty Retail,"Amazon.com, Inc.",2022-03-21,
AMZN,2 weeks,0.05,2022-04-18 00:00:00+08:00,288234.7717509221,314542.6900307177,-8.36,Specialty Retail,"Amazon.com, Inc.",2022-04-18,
AMZN,2 weeks,0.05,2022-05-02 00:00:00+08:00,228428.22282608697,288234.7717509221,-20.75,Specialty Retail,"Amazon.com, Inc.",2022-05-02,
AMZN,2 weeks,0.05,2022-05-30 00:00:00+08:00,88196.28927555631,218043.68609064523,-59.55,Specialty Retail,"Amazon.com, Inc.",2022-05-30,
AMZN,2 weeks,0.05,2022-06-13 00:00:00+08:00,10719.995839311334,88196.28927555631,-87.85,Specialty Retail,"Amazon.com, Inc.",2022-06-13,
AMZN,2 weeks,0.05,2022-07-25 00:00:00+08:00,13054.069021082316,11568.872081069172,12.84,Specialty Retail,"Amazon.com, Inc.",2022-07-25,
AMZN,2 weeks,0.05,2022-08-08 00:00:00+08:00,14142.27658312324,13054.069021082316,8.34,Specialty Retail,"Amazon.com, Inc.",2022-08-08,
AMZN,2 weeks,0.05,2022-08-22 00:00:00+08:00,13119.122321428573,14142.27658312324,-7.23,Specialty Retail,"Amazon.com, Inc.",2022-08-22,
AMZN,2 weeks,0.05,2022-09-19 00:00:00+08:00,11774.33484094678,12861.862860892388,-8.46,Specialty Retail,"Amazon.com, Inc.",2022-09-19,
AMZN,2 weeks,0.05,2022-10-31 00:00:00+08:00,9399.880108321024,11361.260025062656,-17.26,Specialty Retail,"Amazon.com, Inc.",2022-10-31,
AMZN,2 weeks,0.05,2023-01-09 00:00:00+08:00,9387.722762073026,8422.856523912682,11.46,Specialty Retail,"Amazon.com, Inc.",2023-01-09,
AMZN,2 weeks,0.05,2023-01-23 00:00:00+08:00,10133.089989626556,9387.722762073026,7.94,Specialty Retail,"Amazon.com, Inc.",2023-01-23,
AMZN,2 weeks,0.05,2023-02-20 00:00:00+08:00,9393.814367549157,9953.701361736552,-5.62,Specialty Retail,"Amazon.com, Inc.",2023-02-20,
AMZN,2 weeks,0.05,2023-05-15 00:00:00+08:00,11553.487818306952,10619.646324155548,8.79,Specialty Retail,"Amazon.com, Inc.",2023-05-15,
AMZN,2 weeks,0.05,2023-05-29 00:00:00+08:00,12380.677859391397,11553.487818306952,7.16,Specialty Retail,"Amazon.com, Inc.",2023-05-29,
AMZN,2 weeks,0.05,2023-09-18 00:00:00+08:00,13104.834089910675,14019.962372881357,-6.53,Specialty Retail,"Amazon.com, Inc.",2023-09-18,
AMZN,2 weeks,0.05,2023-10-30 00:00:00+08:00,13813.673502749294,12703.171536286522,8.74,Specialty Retail,"Amazon.com, Inc.",2023-10-30,
AMZN,2 weeks,0.05,2024-02-05 00:00:00+08:00,17042.34463192474,15939.121867581112,6.92,Specialty Retail,"Amazon.com, Inc.",2024-02-05,
AMZN,1 week,0.1,2015-02-02 00:00:00+08:00,36706.78931623931,32183.83223043986,14.05,Specialty Retail,"Amazon.com, Inc.",2015-02-02,
AMZN,1 week,0.1,2020-04-13 00:00:00+08:00,229207.76195691855,201025.1008660214,14.02,Specialty Retail,"Amazon.com, Inc.",2020-04-13,
AMZN,1 week,0.1,2020-07-06 00:00:00+08:00,308502.8639455782,278924.5439618644,10.6,Specialty Retail,"Amazon.com, Inc.",2020-07-06,
AMZN,1 week,0.1,2022-05-02 00:00:00+08:00,240031.31098951207,274778.023015873,-12.65,Specialty Retail,"Amazon.com, Inc.",2022-05-02,
AMZN,1 week,0.1,2022-05-30 00:00:00+08:00,243713.13180661577,216613.3655629139,12.51,Specialty Retail,"Amazon.com, Inc.",2022-05-30,
AMZN,1 week,0.1,2022-06-06 00:00:00+08:00,12027.14780658026,243713.13180661577,-95.07,Specialty Retail,"Amazon.com, Inc.",2022-06-06,
AMZN,1 week,0.1,2022-06-13 00:00:00+08:00,10460.394425259004,12027.14780658026,-13.03,Specialty Retail,"Amazon.com, Inc.",2022-06-13,
AMZN,1 week,0.1,2022-08-01 00:00:00+08:00,13829.48383404864,12368.321356275304,11.81,Specialty Retail,"Amazon.com, Inc.",2022-08-01,
AMZN,1 week,0.1,2022-10-31 00:00:00+08:00,9545.300658376005,11201.308970099668,-14.78,Specialty Retail,"Amazon.com, Inc.",2022-10-31,
AMZN,2 weeks,0.1,2015-02-02 00:00:00+08:00,37079.719556360345,31373.461805555555,18.19,Specialty Retail,"Amazon.com, Inc.",2015-02-02,
AMZN,2 weeks,0.1,2015-07-20 00:00:00+08:00,52008.07701215982,45246.7441108545,14.94,Specialty Retail,"Amazon.com, Inc.",2015-07-20,
AMZN,2 weeks,0.1,2015-10-26 00:00:00+08:00,62846.583653194844,56682.805910710544,10.87,Specialty Retail,"Amazon.com, Inc.",2015-10-26,
AMZN,2 weeks,0.1,2016-02-08 00:00:00+08:00,50776.54994285714,57013.12640029873,-10.94,Specialty Retail,"Amazon.com, Inc.",2016-02-08,
AMZN,2 weeks,0.1,2016-02-22 00:00:00+08:00,56176.893865842896,50776.54994285714,10.64,Specialty Retail,"Amazon.com, Inc.",2016-02-22,
AMZN,2 weeks,0.1,2017-10-30 00:00:00+08:00,111315.85981519044,100255.87709497206,11.03,Specialty Retail,"Amazon.com, Inc.",2017-10-30,
AMZN,2 weeks,0.1,2019-01-07 00:00:00+08:00,165899.82665639443,147795.48139255703,12.25,Specialty Retail,"Amazon.com, Inc.",2019-01-07,
AMZN,2 weeks,0.1,2020-02-03 00:00:00+08:00,209757.14123342457,190058.4423647569,10.36,Specialty Retail,"Amazon.com, Inc.",2020-02-03,
AMZN,2 weeks,0.1,2020-04-13 00:00:00+08:00,233761.18849056604,196635.46470185055,18.88,Specialty Retail,"Amazon.com, Inc.",2020-04-13,
AMZN,2 weeks,0.1,2020-07-06 00:00:00+08:00,307284.81258685724,276047.2971117424,11.32,Specialty Retail,"Amazon.com, Inc.",2020-07-06,
AMZN,2 weeks,0.1,2022-03-21 00:00:00+08:00,329931.73305294407,292810.0618197649,12.68,Specialty Retail,"Amazon.com, Inc.",2022-03-21,
AMZN,2 weeks,0.1,2022-05-02 00:00:00+08:00,228428.22282608697,288234.7717509221,-20.75,Specialty Retail,"Amazon.com, Inc.",2022-05-02,
AMZN,2 weeks,0.1,2022-05-30 00:00:00+08:00,88196.28927555631,218043.68609064523,-59.55,Specialty Retail,"Amazon.com, Inc.",2022-05-30,
AMZN,2 weeks,0.1,2022-06-13 00:00:00+08:00,10719.995839311334,88196.28927555631,-87.85,Specialty Retail,"Amazon.com, Inc.",2022-06-13,
AMZN,2 weeks,0.1,2022-07-25 00:00:00+08:00,13054.069021082316,11568.872081069172,12.84,Specialty Retail,"Amazon.com, Inc.",2022-07-25,
AMZN,2 weeks,0.1,2022-10-31 00:00:00+08:00,9399.880108321024,11361.260025062656,-17.26,Specialty Retail,"Amazon.com, Inc.",2022-10-31,
AMZN,2 weeks,0.1,2023-01-09 00:00:00+08:00,9387.722762073026,8422.856523912682,11.46,Specialty Retail,"Amazon.com, Inc.",2023-01-09,
AMZN,1 week,0.15,2022-06-06 00:00:00+08:00,12027.14780658026,243713.13180661577,-95.07,Specialty Retail,"Amazon.com, Inc.",2022-06-06,
AMZN,2 weeks,0.15,2015-02-02 00:00:00+08:00,37079.719556360345,31373.461805555555,18.19,Specialty Retail,"Amazon.com, Inc.",2015-02-02,
AMZN,2 weeks,0.15,2020-04-13 00:00:00+08:00,233761.18849056604,196635.46470185055,18.88,Specialty Retail,"Amazon.com, Inc.",2020-04-13,
AMZN,2 weeks,0.15,2022-05-02 00:00:00+08:00,228428.22282608697,288234.7717509221,-20.75,Specialty Retail,"Amazon.com, Inc.",2022-05-02,
AMZN,2 weeks,0.15,2022-05-30 00:00:00+08:00,88196.28927555631,218043.68609064523,-59.55,Specialty Retail,"Amazon.com, Inc.",2022-05-30,
AMZN,2 weeks,0.15,2022-06-13 00:00:00+08:00,10719.995839311334,88196.28927555631,-87.85,Specialty Retail,"Amazon.com, Inc.",2022-06-13,
AMZN,2 weeks,0.15,2022-10-31 00:00:00+08:00,9399.880108321024,11361.260025062656,-17.26,Specialty Retail,"Amazon.com, Inc.",2022-10-31,
AVGO,1 week,0.05,2014-02-10 00:00:00+08:00,5791.467587672689,5448.88834422658,6.29,Semiconductors,Broadcom Inc.,2014-02-10,
AVGO,1 week,0.05,2014-04-07 00:00:00+08:00,6058.4435736677115,6404.832438238453,-5.41,Semiconductors,Broadcom Inc.,2014-04-07,
AVGO,1 week,0.05,2014-04-21 00:00:00+08:00,6334.386019822639,5929.938191281718,6.82,Semiconductors,Broadcom Inc.,2014-04-21,
AVGO,1 week,0.05,2014-05-05 00:00:00+08:00,6685.534814814814,6258.808923884514,6.82,Semiconductors,Broadcom Inc.,2014-05-05,
AVGO,1 week,0.05,2014-09-01 00:00:00+08:00,8591.840669559828,7750.063352826511,10.86,Semiconductors,Broadcom Inc.,2014-09-01,
AVGO,1 week,0.05,2014-10-06 00:00:00+08:00,7992.659079413253,8519.409090909092,-6.18,Semiconductors,Broadcom Inc.,2014-10-06,
AVGO,1 week,0.05,2014-10-13 00:00:00+08:00,7320.157692307693,7992.659079413253,-8.41,Semiconductors,Broadcom Inc.,2014-10-13,
AVGO,1 week,0.05,2014-10-20 00:00:00+08:00,8075.604912998976,7320.157692307693,10.32,Semiconductors,Broadcom Inc.,2014-10-20,
AVGO,1 week,0.05,2014-12-01 00:00:00+08:00,9705.034275127373,9224.68888888889,5.21,Semiconductors,Broadcom Inc.,2014-12-01,
AVGO,1 week,0.05,2015-02-23 00:00:00+08:00,11901.849703060758,11063.605699138501,7.58,Semiconductors,Broadcom Inc.,2015-02-23,
AVGO,1 week,0.05,2015-03-02 00:00:00+08:00,12864.205597964376,11901.849703060758,8.09,Semiconductors,Broadcom Inc.,2015-03-02,
AVGO,1 week,0.05,2015-05-25 00:00:00+08:00,13978.221436343852,13015.512513034411,7.4,Semiconductors,Broadcom Inc.,2015-05-25,
AVGO,1 week,0.05,2015-08-31 00:00:00+08:00,12342.383915022761,11721.33795654184,5.3,Semiconductors,Broadcom Inc.,2015-08-31,
AVGO,1 week,0.05,2015-11-30 00:00:00+08:00,13798.710313901343,12724.097507331378,8.45,Semiconductors,Broadcom Inc.,2015-11-30,
AVGO,1 week,0.05,2015-12-07 00:00:00+08:00,14709.70400405474,13798.710313901343,6.6,Semiconductors,Broadcom Inc.,2015-12-07,
AVGO,1 week,0.05,2016-01-04 00:00:00+08:00,13494.383568303354,14669.639973958332,-8.01,Semiconductors,Broadcom Inc.,2016-01-04,
AVGO,1 week,0.05,2016-01-11 00:00:00+08:00,12542.695205479453,13494.383568303354,-7.05,Semiconductors,Broadcom Inc.,2016-01-11,
AVGO,1 week,0.05,2016-02-01 00:00:00+08:00,13333.445,12598.622181316152,5.83,Semiconductors,Broadcom Inc.,2016-02-01,
AVGO,1 week,0.05,2016-02-08 00:00:00+08:00,11985.13789632612,13333.445,-10.11,Semiconductors,Broadcom Inc.,2016-02-08,
AVGO,1 week,0.05,2016-02-15 00:00:00+08:00,12783.775471698113,11985.13789632612,6.66,Semiconductors,Broadcom Inc.,2016-02-15,
AVGO,1 week,0.05,2016-02-29 00:00:00+08:00,13906.521739130436,13051.570989236288,6.55,Semiconductors,Broadcom Inc.,2016-02-29,
AVGO,1 week,0.05,2016-05-23 00:00:00+08:00,15170.636508781268,14332.198329853862,5.85,Semiconductors,Broadcom Inc.,2016-05-23,
AVGO,1 week,0.05,2016-07-11 00:00:00+08:00,15925.861522738885,15150.863928112964,5.12,Semiconductors,Broadcom Inc.,2016-07-11,
AVGO,1 week,0.05,2016-12-12 00:00:00+08:00,17894.005416051205,16999.483870967742,5.26,Semiconductors,Broadcom Inc.,2016-12-12,
AVGO,1 week,0.05,2017-01-23 00:00:00+08:00,19910.123370110334,18459.949120603014,7.86,Semiconductors,Broadcom Inc.,2017-01-23,
AVGO,1 week,0.05,2017-06-12 00:00:00+08:00,24018.609939759037,25289.408450704224,-5.03,Semiconductors,Broadcom Inc.,2017-06-12,
AVGO,1 week,0.05,2017-10-30 00:00:00+08:00,26233.418951418953,24622.837377387714,6.54,Semiconductors,Broadcom Inc.,2017-10-30,
AVGO,1 week,0.05,2018-01-29 00:00:00+08:00,24330.390445567296,25662.485294117647,-5.19,Semiconductors,Broadcom Inc.,2018-01-29,
AVGO,1 week,0.05,2018-03-12 00:00:00+08:00,26244.007425742577,24948.794638583055,5.19,Semiconductors,Broadcom Inc.,2018-03-12,
AVGO,1 week,0.05,2018-03-19 00:00:00+08:00,24433.690072639223,26244.007425742577,-6.9,Semiconductors,Broadcom Inc.,2018-03-19,
AVGO,1 week,0.05,2018-04-23 00:00:00+08:00,23117.472417251756,24578.635764944276,-5.94,Semiconductors,Broadcom Inc.,2018-04-23,
AVGO,1 week,0.05,2018-07-09 00:00:00+08:00,22770.67242087957,24276.64974245769,-6.2,Semiconductors,Broadcom Inc.,2018-07-09,
AVGO,1 week,0.05,2018-07-16 00:00:00+08:00,20765.75693160813,22770.67242087957,-8.8,Semiconductors,Broadcom Inc.,2018-07-16,
AVGO,1 week,0.05,2018-07-23 00:00:00+08:00,22115.72095238095,20765.75693160813,6.5,Semiconductors,Broadcom Inc.,2018-07-23,
AVGO,1 week,0.05,2018-09-10 00:00:00+08:00,23428.891025641024,22251.11427009295,5.29,Semiconductors,Broadcom Inc.,2018-09-10,
AVGO,1 week,0.05,2018-12-10 00:00:00+08:00,25080.591152163342,23360.116883116883,7.37,Semiconductors,Broadcom Inc.,2018-12-10,
AVGO,1 week,0.05,2019-03-18 00:00:00+08:00,29497.350271336953,27518.50849013309,7.19,Semiconductors,Broadcom Inc.,2019-03-18,
AVGO,1 week,0.05,2019-05-20 00:00:00+08:00,26913.36084452975,29746.100748129677,-9.52,Semiconductors,Broadcom Inc.,2019-05-20,
AVGO,1 week,0.05,2019-05-27 00:00:00+08:00,25443.457938013915,26913.36084452975,-5.46,Semiconductors,Broadcom Inc.,2019-05-27,
AVGO,1 week,0.05,2019-08-05 00:00:00+08:00,26996.602759980287,29278.827586206895,-7.79,Semiconductors,Broadcom Inc.,2019-08-05,
AVGO,1 week,0.05,2019-11-04 00:00:00+08:00,30987.454776422765,29136.072938689216,6.35,Semiconductors,Broadcom Inc.,2019-11-04,
AVGO,1 week,0.05,2020-02-24 00:00:00+08:00,28278.14906832298,31040.6349009901,-8.9,Semiconductors,Broadcom Inc.,2020-02-24,
AVGO,1 week,0.05,2020-03-09 00:00:00+08:00,23683.355026929985,27608.71988246817,-14.22,Semiconductors,Broadcom Inc.,2020-03-09,
AVGO,1 week,0.05,2020-03-16 00:00:00+08:00,18977.416512059368,23683.355026929985,-19.87,Semiconductors,Broadcom Inc.,2020-03-16,
AVGO,1 week,0.05,2020-03-23 00:00:00+08:00,22006.829777365492,18977.416512059368,15.96,Semiconductors,Broadcom Inc.,2020-03-23,
AVGO,1 week,0.05,2020-03-30 00:00:00+08:00,23488.988791423,22006.829777365492,6.73,Semiconductors,Broadcom Inc.,2020-03-30,
AVGO,1 week,0.05,2020-04-06 00:00:00+08:00,25683.679734620026,23488.988791423,9.34,Semiconductors,Broadcom Inc.,2020-04-06,
AVGO,1 week,0.05,2020-06-01 00:00:00+08:00,30531.930454545454,28514.797348484848,7.07,Semiconductors,Broadcom Inc.,2020-06-01,
AVGO,1 week,0.05,2020-08-31 00:00:00+08:00,35946.338923212716,33767.263852242744,6.45,Semiconductors,Broadcom Inc.,2020-08-31,
AVGO,1 week,0.05,2020-10-26 00:00:00+08:00,35465.2122514777,37524.798498845266,-5.49,Semiconductors,Broadcom Inc.,2020-10-26,
AVGO,1 week,0.05,2021-03-15 00:00:00+08:00,47231.03360935217,44432.537387836484,6.3,Semiconductors,Broadcom Inc.,2021-03-15,
AVGO,1 week,0.05,2021-12-06 00:00:00+08:00,59350.25348725349,55847.835002635744,6.27,Semiconductors,Broadcom Inc.,2021-12-06,
AVGO,1 week,0.05,2021-12-13 00:00:00+08:00,62344.12525458249,59350.25348725349,5.04,Semiconductors,Broadcom Inc.,2021-12-13,
AVGO,1 week,0.05,2022-01-10 00:00:00+08:00,61222.867330886205,64940.74191866528,-5.73,Semiconductors,Broadcom Inc.,2022-01-10,
AVGO,1 week,0.05,2022-01-17 00:00:00+08:00,56552.150753768845,61222.867330886205,-7.63,Semiconductors,Broadcom Inc.,2022-01-17,
AVGO,1 week,0.05,2022-01-31 00:00:00+08:00,58775.39547738693,54454.92352371733,7.93,Semiconductors,Broadcom Inc.,2022-01-31,
AVGO,1 week,0.05,2022-05-23 00:00:00+08:00,53945.124053030304,56903.0760263558,-5.2,Semiconductors,Broadcom Inc.,2022-05-23,
AVGO,1 week,0.05,2022-05-30 00:00:00+08:00,57380.40064516129,53945.124053030304,6.37,Semiconductors,Broadcom Inc.,2022-05-30,
AVGO,1 week,0.05,2022-06-13 00:00:00+08:00,51261.355624676,56210.78688524591,-8.81,Semiconductors,Broadcom Inc.,2022-06-13,
AVGO,1 week,0.05,2022-08-29 00:00:00+08:00,50311.26736942981,53444.36734693878,-5.86,Semiconductors,Broadcom Inc.,2022-08-29,
AVGO,1 week,0.05,2022-09-26 00:00:00+08:00,45904.40525433203,48571.147523709165,-5.49,Semiconductors,Broadcom Inc.,2022-09-26,
AVGO,1 week,0.05,2022-10-10 00:00:00+08:00,43367.158829676075,47200.624024961,-8.12,Semiconductors,Broadcom Inc.,2022-10-10,
AVGO,1 week,0.05,2022-10-24 00:00:00+08:00,46144.92536506219,43686.207150368034,5.63,Semiconductors,Broadcom Inc.,2022-10-24,
AVGO,1 week,0.05,2022-11-07 00:00:00+08:00,48749.94571580628,46248.48158179848,5.41,Semiconductors,Broadcom Inc.,2022-11-07,
AVGO,1 week,0.05,2022-11-14 00:00:00+08:00,51693.66430131005,48749.94571580628,6.04,Semiconductors,Broadcom Inc.,2022-11-14,
AVGO,1 week,0.05,2022-12-12 00:00:00+08:00,56279.18163368848,53211.09566126503,5.77,Semiconductors,Broadcom Inc.,2022-12-12,
AVGO,1 week,0.05,2023-05-15 00:00:00+08:00,65805.70893054023,62445.11754385965,5.38,Semiconductors,Broadcom Inc.,2023-05-15,
AVGO,1 week,0.05,2023-05-22 00:00:00+08:00,71023.72171837708,65805.70893054023,7.93,Semiconductors,Broadcom Inc.,2023-05-22,
AVGO,1 week,0.05,2023-05-29 00:00:00+08:00,81075.17434040352,71023.72171837708,14.15,Semiconductors,Broadcom Inc.,2023-05-29,
AVGO,1 week,0.05,2023-06-12 00:00:00+08:00,86327.80635696821,79798.81270010672,8.18,Semiconductors,Broadcom Inc.,2023-06-12,
AVGO,1 week,0.05,2023-10-09 00:00:00+08:00,87689.01694915254,82583.66473616473,6.18,Semiconductors,Broadcom Inc.,2023-10-09,
AVGO,1 week,0.05,2023-11-06 00:00:00+08:00,91046.53629976581,85497.97338618347,6.49,Semiconductors,Broadcom Inc.,2023-11-06,
AVGO,1 week,0.05,2023-11-13 00:00:00+08:00,96455.9332247557,91046.53629976581,5.94,Semiconductors,Broadcom Inc.,2023-11-13,
AVGO,1 week,0.05,2023-12-11 00:00:00+08:00,108180.66244725737,91776.52968897267,17.87,Semiconductors,Broadcom Inc.,2023-12-11,
AVGO,1 week,0.05,2024-01-01 00:00:00+08:00,106553.74608577264,112522.1728492502,-5.3,Semiconductors,Broadcom Inc.,2024-01-01,
AVGO,1 week,0.05,2024-01-22 00:00:00+08:00,123211.88170347003,113694.90651192778,8.37,Semiconductors,Broadcom Inc.,2024-01-22,
AVGO,1 week,0.05,2024-02-26 00:00:00+08:00,137943.9639423077,121774.31775700934,13.28,Semiconductors,Broadcom Inc.,2024-02-26,
AVGO,1 week,0.05,2024-03-11 00:00:00+08:00,126854.55347461803,137324.66997929607,-7.62,Semiconductors,Broadcom Inc.,2024-03-11,
AVGO,1 week,0.05,2024-05-13 00:00:00+08:00,138794.2378287633,131350.0013642565,5.67,Semiconductors,Broadcom Inc.,2024-05-13,
AVGO,1 week,0.05,2024-06-10 00:00:00+08:00,157753.83983050848,136616.5817361894,15.47,Semiconductors,Broadcom Inc.,2024-06-10,
AVGO,1 week,0.05,2024-06-17 00:00:00+08:00,177568.0842052815,157753.83983050848,12.56,Semiconductors,Broadcom Inc.,2024-06-17,
AVGO,1 week,0.05,2024-06-24 00:00:00+08:00,159826.6756626506,177568.0842052815,-9.99,Semiconductors,Broadcom Inc.,2024-06-24,
AVGO,1 week,0.05,2024-07-15 00:00:00+08:00,16308.368618402075,172641.91230620156,-90.55,Semiconductors,Broadcom Inc.,2024-07-15,
AVGO,2 weeks,0.05,2014-02-17 00:00:00+08:00,5962.307898658719,5622.297202797203,6.05,Semiconductors,Broadcom Inc.,2014-02-17,
AVGO,2 weeks,0.05,2014-03-03 00:00:00+08:00,6287.392828472036,5962.307898658719,5.45,Semiconductors,Broadcom Inc.,2014-03-03,
AVGO,2 weeks,0.05,2014-04-28 00:00:00+08:00,6478.686768447837,6154.410248986683,5.27,Semiconductors,Broadcom Inc.,2014-04-28,
AVGO,2 weeks,0.05,2014-05-12 00:00:00+08:00,6850.470648289944,6478.686768447837,5.74,Semiconductors,Broadcom Inc.,2014-05-12,
AVGO,2 weeks,0.05,2014-08-18 00:00:00+08:00,7669.237236474473,7138.058697972252,7.44,Semiconductors,Broadcom Inc.,2014-08-18,
AVGO,2 weeks,0.05,2014-09-01 00:00:00+08:00,8726.47272215973,7669.237236474473,13.79,Semiconductors,Broadcom Inc.,2014-09-01,
AVGO,2 weeks,0.05,2014-09-29 00:00:00+08:00,8253.274469716329,8772.46903342835,-5.92,Semiconductors,Broadcom Inc.,2014-09-29,
AVGO,2 weeks,0.05,2014-10-13 00:00:00+08:00,7686.083292017848,8253.274469716329,-6.87,Semiconductors,Broadcom Inc.,2014-10-13,
AVGO,2 weeks,0.05,2014-10-27 00:00:00+08:00,8482.400676027042,7686.083292017848,10.36,Semiconductors,Broadcom Inc.,2014-10-27,
AVGO,2 weeks,0.05,2014-11-24 00:00:00+08:00,9520.233399829012,8820.772238257676,7.93,Semiconductors,Broadcom Inc.,2014-11-24,
AVGO,2 weeks,0.05,2014-12-08 00:00:00+08:00,10020.383720930233,9520.233399829012,5.25,Semiconductors,Broadcom Inc.,2014-12-08,
AVGO,2 weeks,0.05,2015-02-16 00:00:00+08:00,11559.79718766901,10523.69460300986,9.85,Semiconductors,Broadcom Inc.,2015-02-16,
AVGO,2 weeks,0.05,2015-03-02 00:00:00+08:00,12714.889626980072,11559.79718766901,9.99,Semiconductors,Broadcom Inc.,2015-03-02,
AVGO,2 weeks,0.05,2015-05-11 00:00:00+08:00,12736.186730872125,11948.370780726616,6.59,Semiconductors,Broadcom Inc.,2015-05-11,
AVGO,2 weeks,0.05,2015-05-25 00:00:00+08:00,14190.424432263117,12736.186730872125,11.42,Semiconductors,Broadcom Inc.,2015-05-25,
AVGO,2 weeks,0.05,2015-07-06 00:00:00+08:00,13083.767897513188,13786.53357891754,-5.1,Semiconductors,Broadcom Inc.,2015-07-06,
AVGO,2 weeks,0.05,2015-08-31 00:00:00+08:00,12558.359231411863,11834.606943432873,6.12,Semiconductors,Broadcom Inc.,2015-08-31,
AVGO,2 weeks,0.05,2015-09-28 00:00:00+08:00,11963.781493588132,12840.318448583823,-6.83,Semiconductors,Broadcom Inc.,2015-09-28,
AVGO,2 weeks,0.05,2015-11-23 00:00:00+08:00,13390.871730662217,12226.967032967032,9.52,Semiconductors,Broadcom Inc.,2015-11-23,
AVGO,2 weeks,0.05,2015-12-07 00:00:00+08:00,14459.09868753155,13390.871730662217,7.98,Semiconductors,Broadcom Inc.,2015-12-07,
AVGO,2 weeks,0.05,2015-12-28 00:00:00+08:00,13494.383568303354,14590.380870757628,-7.51,Semiconductors,Broadcom Inc.,2015-12-28,
AVGO,2 weeks,0.05,2016-01-11 00:00:00+08:00,12440.177005789908,13494.383568303354,-7.81,Semiconductors,Broadcom Inc.,2016-01-11,
AVGO,2 weeks,0.05,2016-02-22 00:00:00+08:00,13498.695599022005,12340.137545429132,9.39,Semiconductors,Broadcom Inc.,2016-02-22,
AVGO,2 weeks,0.05,2016-03-07 00:00:00+08:00,14646.094875697616,13498.695599022005,8.5,Semiconductors,Broadcom Inc.,2016-03-07,
AVGO,2 weeks,0.05,2016-03-21 00:00:00+08:00,15427.463788696392,14646.094875697616,5.33,Semiconductors,Broadcom Inc.,2016-03-21,
AVGO,2 weeks,0.05,2016-05-02 00:00:00+08:00,14285.679824561405,15092.901520817752,-5.35,Semiconductors,Broadcom Inc.,2016-05-02,
AVGO,2 weeks,0.05,2016-05-30 00:00:00+08:00,16049.829307568438,14747.330171277996,8.83,Semiconductors,Broadcom Inc.,2016-05-30,
AVGO,2 weeks,0.05,2016-07-11 00:00:00+08:00,16035.618112244898,15127.104225352112,6.01,Semiconductors,Broadcom Inc.,2016-07-11,
AVGO,2 weeks,0.05,2016-08-08 00:00:00+08:00,17244.10618314636,16382.670931422725,5.26,Semiconductors,Broadcom Inc.,2016-08-08,
AVGO,2 weeks,0.05,2016-12-12 00:00:00+08:00,18008.54268292683,17014.88838104402,5.84,Semiconductors,Broadcom Inc.,2016-12-12,
AVGO,2 weeks,0.05,2017-01-23 00:00:00+08:00,20080.59239677744,18143.891329479768,10.67,Semiconductors,Broadcom Inc.,2017-01-23,
AVGO,2 weeks,0.05,2017-10-30 00:00:00+08:00,26611.506292352373,24514.13146385387,8.56,Semiconductors,Broadcom Inc.,2017-10-30,
AVGO,2 weeks,0.05,2018-01-22 00:00:00+08:00,24974.79962058335,26595.317080207733,-6.09,Semiconductors,Broadcom Inc.,2018-01-22,
AVGO,2 weeks,0.05,2018-03-19 00:00:00+08:00,24353.166214750545,25644.47285619322,-5.04,Semiconductors,Broadcom Inc.,2018-03-19,
AVGO,2 weeks,0.05,2018-05-28 00:00:00+08:00,25711.16270470153,24130.760358056265,6.55,Semiconductors,Broadcom Inc.,2018-05-28,
AVGO,2 weeks,0.05,2018-06-25 00:00:00+08:00,24646.62732732733,26299.308439897697,-6.28,Semiconductors,Broadcom Inc.,2018-06-25,
AVGO,2 weeks,0.05,2018-07-09 00:00:00+08:00,21826.87491842506,24646.62732732733,-11.44,Semiconductors,Broadcom Inc.,2018-07-09,
AVGO,2 weeks,0.05,2018-09-03 00:00:00+08:00,22870.386051335237,21157.554266563548,8.1,Semiconductors,Broadcom Inc.,2018-09-03,
AVGO,2 weeks,0.05,2018-09-17 00:00:00+08:00,24442.498887515452,22870.386051335237,6.87,Semiconductors,Broadcom Inc.,2018-09-17,
AVGO,2 weeks,0.05,2018-10-15 00:00:00+08:00,22781.777333999,24307.0726861167,-6.28,Semiconductors,Broadcom Inc.,2018-10-15,
AVGO,2 weeks,0.05,2018-12-10 00:00:00+08:00,25053.93587860989,23450.251535380507,6.84,Semiconductors,Broadcom Inc.,2018-12-10,
AVGO,2 weeks,0.05,2019-01-21 00:00:00+08:00,26467.712693666756,24913.288838612367,6.24,Semiconductors,Broadcom Inc.,2019-01-21,
AVGO,2 weeks,0.05,2019-03-18 00:00:00+08:00,29569.064685314683,27295.242533718687,8.33,Semiconductors,Broadcom Inc.,2019-03-18,
AVGO,2 weeks,0.05,2019-05-13 00:00:00+08:00,28302.366348740525,31057.723029045643,-8.87,Semiconductors,Broadcom Inc.,2019-05-13,
AVGO,2 weeks,0.05,2019-05-27 00:00:00+08:00,26065.95440559441,28302.366348740525,-7.9,Semiconductors,Broadcom Inc.,2019-05-27,
AVGO,2 weeks,0.05,2019-06-10 00:00:00+08:00,27542.36403508772,26065.95440559441,5.66,Semiconductors,Broadcom Inc.,2019-06-10,
AVGO,2 weeks,0.05,2019-07-22 00:00:00+08:00,29666.42902208202,28251.02262328419,5.01,Semiconductors,Broadcom Inc.,2019-07-22,
AVGO,2 weeks,0.05,2019-08-05 00:00:00+08:00,27246.82787909068,29666.42902208202,-8.16,Semiconductors,Broadcom Inc.,2019-08-05,
AVGO,2 weeks,0.05,2019-10-28 00:00:00+08:00,30079.989896373056,28628.347299077737,5.07,Semiconductors,Broadcom Inc.,2019-10-28,
AVGO,2 weeks,0.05,2020-02-17 00:00:00+08:00,29481.755729307093,31663.37587367331,-6.89,Semiconductors,Broadcom Inc.,2020-02-17,
AVGO,2 weeks,0.05,2020-03-02 00:00:00+08:00,25560.543559718968,29481.755729307093,-13.3,Semiconductors,Broadcom Inc.,2020-03-02,
AVGO,2 weeks,0.05,2020-03-16 00:00:00+08:00,20492.123144712434,25560.543559718968,-19.83,Semiconductors,Broadcom Inc.,2020-03-16,
AVGO,2 weeks,0.05,2020-03-30 00:00:00+08:00,24469.796765498653,20492.123144712434,19.41,Semiconductors,Broadcom Inc.,2020-03-30,
AVGO,2 weeks,0.05,2020-04-13 00:00:00+08:00,25969.223325062037,24469.796765498653,6.13,Semiconductors,Broadcom Inc.,2020-04-13,
AVGO,2 weeks,0.05,2020-05-25 00:00:00+08:00,29687.54915433404,27107.583056902273,9.52,Semiconductors,Broadcom Inc.,2020-05-25,
AVGO,2 weeks,0.05,2020-08-03 00:00:00+08:00,32752.384535005225,31146.00354251012,5.16,Semiconductors,Broadcom Inc.,2020-08-03,
AVGO,2 weeks,0.05,2020-08-31 00:00:00+08:00,35922.224045116636,33383.33435156901,7.61,Semiconductors,Broadcom Inc.,2020-08-31,
AVGO,2 weeks,0.05,2020-11-23 00:00:00+08:00,39829.25634088603,37770.50443704936,5.45,Semiconductors,Broadcom Inc.,2020-11-23,
AVGO,2 weeks,0.05,2021-01-11 00:00:00+08:00,45539.47691354199,43367.29610115911,5.01,Semiconductors,Broadcom Inc.,2021-01-11,
AVGO,2 weeks,0.05,2021-10-18 00:00:00+08:00,51937.91986163159,49032.33625410734,5.93,Semiconductors,Broadcom Inc.,2021-10-18,
AVGO,2 weeks,0.05,2021-11-01 00:00:00+08:00,54934.99914554258,51937.91986163159,5.77,Semiconductors,Broadcom Inc.,2021-11-01,
AVGO,2 weeks,0.05,2021-12-13 00:00:00+08:00,63468.646421442834,57679.205231388325,10.04,Semiconductors,Broadcom Inc.,2021-12-13,
AVGO,2 weeks,0.05,2022-01-10 00:00:00+08:00,59097.75135753072,65903.38999431496,-10.33,Semiconductors,Broadcom Inc.,2022-01-10,
AVGO,2 weeks,0.05,2022-03-21 00:00:00+08:00,62052.44736114949,58911.88920676203,5.33,Semiconductors,Broadcom Inc.,2022-03-21,
AVGO,2 weeks,0.05,2022-06-13 00:00:00+08:00,50778.592307692306,56747.14822485207,-10.52,Semiconductors,Broadcom Inc.,2022-06-13,
AVGO,2 weeks,0.05,2022-07-25 00:00:00+08:00,53175.65664512503,49643.80362946912,7.11,Semiconductors,Broadcom Inc.,2022-07-25,
AVGO,2 weeks,0.05,2022-08-22 00:00:00+08:00,51702.08659738875,54768.110356536505,-5.6,Semiconductors,Broadcom Inc.,2022-08-22,
AVGO,2 weeks,0.05,2022-09-19 00:00:00+08:00,47277.195280716034,50764.28158844766,-6.87,Semiconductors,Broadcom Inc.,2022-09-19,
AVGO,2 weeks,0.05,2022-10-31 00:00:00+08:00,47510.29395973154,44898.19594774726,5.82,Semiconductors,Broadcom Inc.,2022-10-31,
AVGO,2 weeks,0.05,2022-11-14 00:00:00+08:00,52063.135604323616,47510.29395973154,9.58,Semiconductors,Broadcom Inc.,2022-11-14,
AVGO,2 weeks,0.05,2023-03-06 00:00:00+08:00,62798.45960832314,59095.39672223792,6.27,Semiconductors,Broadcom Inc.,2023-03-06,
AVGO,2 weeks,0.05,2023-05-15 00:00:00+08:00,68602.26477359938,62160.37566137566,10.36,Semiconductors,Broadcom Inc.,2023-05-15,
AVGO,2 weeks,0.05,2023-05-29 00:00:00+08:00,80446.88389808248,68602.26477359938,17.27,Semiconductors,Broadcom Inc.,2023-05-29,
AVGO,2 weeks,0.05,2023-06-12 00:00:00+08:00,85623.63256202955,80446.88389808248,6.43,Semiconductors,Broadcom Inc.,2023-06-12,
AVGO,2 weeks,0.05,2023-08-07 00:00:00+08:00,84829.30458221024,89924.08635097493,-5.67,Semiconductors,Broadcom Inc.,2023-08-07,
AVGO,2 weeks,0.05,2023-11-13 00:00:00+08:00,97139.19308270677,88225.93696027633,10.1,Semiconductors,Broadcom Inc.,2023-11-13,
AVGO,2 weeks,0.05,2023-12-11 00:00:00+08:00,110543.96313590562,92979.53789909823,18.89,Semiconductors,Broadcom Inc.,2023-12-11,
AVGO,2 weeks,0.05,2024-01-22 00:00:00+08:00,121918.22621967838,110870.23753753753,9.96,Semiconductors,Broadcom Inc.,2024-01-22,
AVGO,2 weeks,0.05,2024-05-13 00:00:00+08:00,139493.30809399477,128893.69398697816,8.22,Semiconductors,Broadcom Inc.,2024-05-13,
AVGO,2 weeks,0.05,2024-06-10 00:00:00+08:00,166860.13441722005,136783.23725671918,21.99,Semiconductors,Broadcom Inc.,2024-06-10,
AVGO,2 weeks,0.05,2024-07-08 00:00:00+08:00,74647.26468992949,162864.09192511873,-54.17,Semiconductors,Broadcom Inc.,2024-07-08,
AVGO,2 weeks,0.05,2024-07-22 00:00:00+08:00,15653.471838111298,74647.26468992949,-79.03,Semiconductors,Broadcom Inc.,2024-07-22,
AVGO,1 week,0.1,2014-09-01 00:00:00+08:00,8591.840669559828,7750.063352826511,10.86,Semiconductors,Broadcom Inc.,2014-09-01,
AVGO,1 week,0.1,2014-10-20 00:00:00+08:00,8075.604912998976,7320.157692307693,10.32,Semiconductors,Broadcom Inc.,2014-10-20,
AVGO,1 week,0.1,2016-02-08 00:00:00+08:00,11985.13789632612,13333.445,-10.11,Semiconductors,Broadcom Inc.,2016-02-08,
AVGO,1 week,0.1,2020-03-09 00:00:00+08:00,23683.355026929985,27608.71988246817,-14.22,Semiconductors,Broadcom Inc.,2020-03-09,
AVGO,1 week,0.1,2020-03-16 00:00:00+08:00,18977.416512059368,23683.355026929985,-19.87,Semiconductors,Broadcom Inc.,2020-03-16,
AVGO,1 week,0.1,2020-03-23 00:00:00+08:00,22006.829777365492,18977.416512059368,15.96,Semiconductors,Broadcom Inc.,2020-03-23,
AVGO,1 week,0.1,2023-05-29 00:00:00+08:00,81075.17434040352,71023.72171837708,14.15,Semiconductors,Broadcom Inc.,2023-05-29,
AVGO,1 week,0.1,2023-12-11 00:00:00+08:00,108180.66244725737,91776.52968897267,17.87,Semiconductors,Broadcom Inc.,2023-12-11,
AVGO,1 week,0.1,2024-02-26 00:00:00+08:00,137943.9639423077,121774.31775700934,13.28,Semiconductors,Broadcom Inc.,2024-02-26,
AVGO,1 week,0.1,2024-06-10 00:00:00+08:00,157753.83983050848,136616.5817361894,15.47,Semiconductors,Broadcom Inc.,2024-06-10,
AVGO,1 week,0.1,2024-06-17 00:00:00+08:00,177568.0842052815,157753.83983050848,12.56,Semiconductors,Broadcom Inc.,2024-06-17,
AVGO,1 week,0.1,2024-07-15 00:00:00+08:00,16308.368618402075,172641.91230620156,-90.55,Semiconductors,Broadcom Inc.,2024-07-15,
AVGO,2 weeks,0.1,2014-09-01 00:00:00+08:00,8726.47272215973,7669.237236474473,13.79,Semiconductors,Broadcom Inc.,2014-09-01,
AVGO,2 weeks,0.1,2014-10-27 00:00:00+08:00,8482.400676027042,7686.083292017848,10.36,Semiconductors,Broadcom Inc.,2014-10-27,
AVGO,2 weeks,0.1,2015-05-25 00:00:00+08:00,14190.424432263117,12736.186730872125,11.42,Semiconductors,Broadcom Inc.,2015-05-25,
AVGO,2 weeks,0.1,2017-01-23 00:00:00+08:00,20080.59239677744,18143.891329479768,10.67,Semiconductors,Broadcom Inc.,2017-01-23,
AVGO,2 weeks,0.1,2018-07-09 00:00:00+08:00,21826.87491842506,24646.62732732733,-11.44,Semiconductors,Broadcom Inc.,2018-07-09,
AVGO,2 weeks,0.1,2020-03-02 00:00:00+08:00,25560.543559718968,29481.755729307093,-13.3,Semiconductors,Broadcom Inc.,2020-03-02,
AVGO,2 weeks,0.1,2020-03-16 00:00:00+08:00,20492.123144712434,25560.543559718968,-19.83,Semiconductors,Broadcom Inc.,2020-03-16,
AVGO,2 weeks,0.1,2020-03-30 00:00:00+08:00,24469.796765498653,20492.123144712434,19.41,Semiconductors,Broadcom Inc.,2020-03-30,
AVGO,2 weeks,0.1,2021-12-13 00:00:00+08:00,63468.646421442834,57679.205231388325,10.04,Semiconductors,Broadcom Inc.,2021-12-13,
AVGO,2 weeks,0.1,2022-01-10 00:00:00+08:00,59097.75135753072,65903.38999431496,-10.33,Semiconductors,Broadcom Inc.,2022-01-10,
AVGO,2 weeks,0.1,2022-06-13 00:00:00+08:00,50778.592307692306,56747.14822485207,-10.52,Semiconductors,Broadcom Inc.,2022-06-13,
AVGO,2 weeks,0.1,2023-05-15 00:00:00+08:00,68602.26477359938,62160.37566137566,10.36,Semiconductors,Broadcom Inc.,2023-05-15,
AVGO,2 weeks,0.1,2023-05-29 00:00:00+08:00,80446.88389808248,68602.26477359938,17.27,Semiconductors,Broadcom Inc.,2023-05-29,
AVGO,2 weeks,0.1,2023-11-13 00:00:00+08:00,97139.19308270677,88225.93696027633,10.1,Semiconductors,Broadcom Inc.,2023-11-13,
AVGO,2 weeks,0.1,2023-12-11 00:00:00+08:00,110543.96313590562,92979.53789909823,18.89,Semiconductors,Broadcom Inc.,2023-12-11,
AVGO,2 weeks,0.1,2024-06-10 00:00:00+08:00,166860.13441722005,136783.23725671918,21.99,Semiconductors,Broadcom Inc.,2024-06-10,
AVGO,2 weeks,0.1,2024-07-08 00:00:00+08:00,74647.26468992949,162864.09192511873,-54.17,Semiconductors,Broadcom Inc.,2024-07-08,
AVGO,2 weeks,0.1,2024-07-22 00:00:00+08:00,15653.471838111298,74647.26468992949,-79.03,Semiconductors,Broadcom Inc.,2024-07-22,
AVGO,1 week,0.15,2020-03-16 00:00:00+08:00,18977.416512059368,23683.355026929985,-19.87,Semiconductors,Broadcom Inc.,2020-03-16,
AVGO,1 week,0.15,2020-03-23 00:00:00+08:00,22006.829777365492,18977.416512059368,15.96,Semiconductors,Broadcom Inc.,2020-03-23,
AVGO,1 week,0.15,2023-12-11 00:00:00+08:00,108180.66244725737,91776.52968897267,17.87,Semiconductors,Broadcom Inc.,2023-12-11,
AVGO,1 week,0.15,2024-06-10 00:00:00+08:00,157753.83983050848,136616.5817361894,15.47,Semiconductors,Broadcom Inc.,2024-06-10,
AVGO,1 week,0.15,2024-07-15 00:00:00+08:00,16308.368618402075,172641.91230620156,-90.55,Semiconductors,Broadcom Inc.,2024-07-15,
AVGO,2 weeks,0.15,2020-03-16 00:00:00+08:00,20492.123144712434,25560.543559718968,-19.83,Semiconductors,Broadcom Inc.,2020-03-16,
AVGO,2 weeks,0.15,2020-03-30 00:00:00+08:00,24469.796765498653,20492.123144712434,19.41,Semiconductors,Broadcom Inc.,2020-03-30,
AVGO,2 weeks,0.15,2023-05-29 00:00:00+08:00,80446.88389808248,68602.26477359938,17.27,Semiconductors,Broadcom Inc.,2023-05-29,
AVGO,2 weeks,0.15,2023-12-11 00:00:00+08:00,110543.96313590562,92979.53789909823,18.89,Semiconductors,Broadcom Inc.,2023-12-11,
AVGO,2 weeks,0.15,2024-06-10 00:00:00+08:00,166860.13441722005,136783.23725671918,21.99,Semiconductors,Broadcom Inc.,2024-06-10,
AVGO,2 weeks,0.15,2024-07-08 00:00:00+08:00,74647.26468992949,162864.09192511873,-54.17,Semiconductors,Broadcom Inc.,2024-07-08,
AVGO,2 weeks,0.15,2024-07-22 00:00:00+08:00,15653.471838111298,74647.26468992949,-79.03,Semiconductors,Broadcom Inc.,2024-07-22,
BAC,1 week,0.05,2014-04-28 00:00:00+08:00,1514.9532122905027,1621.6111707841033,-6.58,Banks - Diversified,Bank of America Corporation,2014-04-28,
BAC,1 week,0.05,2015-01-12 00:00:00+08:00,1598.8594594594595,1716.3383275261324,-6.84,Banks - Diversified,Bank of America Corporation,2015-01-12,
BAC,1 week,0.05,2015-07-13 00:00:00+08:00,1754.2569541029209,1661.7047653170905,5.57,Banks - Diversified,Bank of America Corporation,2015-07-13,
BAC,1 week,0.05,2015-08-24 00:00:00+08:00,1590.8164477798623,1718.1189047261817,-7.41,Banks - Diversified,Bank of America Corporation,2015-08-24,
BAC,1 week,0.05,2016-01-04 00:00:00+08:00,1598.7168021680216,1710.6398583712696,-6.54,Banks - Diversified,Bank of America Corporation,2016-01-04,
BAC,1 week,0.05,2016-01-11 00:00:00+08:00,1502.6741214057508,1598.7168021680216,-6.01,Banks - Diversified,Bank of America Corporation,2016-01-11,
BAC,1 week,0.05,2016-01-18 00:00:00+08:00,1377.9876935291782,1502.6741214057508,-8.3,Banks - Diversified,Bank of America Corporation,2016-01-18,
BAC,1 week,0.05,2016-02-08 00:00:00+08:00,1193.03124042879,1330.4774101743153,-10.33,Banks - Diversified,Bank of America Corporation,2016-02-08,
BAC,1 week,0.05,2016-02-29 00:00:00+08:00,1320.799003913198,1229.9266872216513,7.39,Banks - Diversified,Bank of America Corporation,2016-02-29,
BAC,1 week,0.05,2016-04-18 00:00:00+08:00,1463.3938848920864,1360.7002830856334,7.55,Banks - Diversified,Bank of America Corporation,2016-04-18,
BAC,1 week,0.05,2016-06-13 00:00:00+08:00,1342.8506271379704,1427.7698829228905,-5.95,Banks - Diversified,Bank of America Corporation,2016-06-13,
BAC,1 week,0.05,2016-06-27 00:00:00+08:00,1286.311564192418,1357.470311975847,-5.24,Banks - Diversified,Bank of America Corporation,2016-06-27,
BAC,1 week,0.05,2016-07-18 00:00:00+08:00,1423.2582628747116,1351.088257016248,5.34,Banks - Diversified,Bank of America Corporation,2016-07-18,
BAC,1 week,0.05,2016-11-07 00:00:00+08:00,1782.5957928802588,1654.1333061557275,7.77,Banks - Diversified,Bank of America Corporation,2016-11-07,
BAC,1 week,0.05,2016-11-14 00:00:00+08:00,1990.9766871165643,1782.5957928802588,11.69,Banks - Diversified,Bank of America Corporation,2016-11-14,
BAC,1 week,0.05,2016-12-05 00:00:00+08:00,2239.1706451612904,2090.967554644809,7.09,Banks - Diversified,Bank of America Corporation,2016-12-05,
BAC,1 week,0.05,2017-02-13 00:00:00+08:00,2414.8140651801027,2299.3582706766915,5.02,Banks - Diversified,Bank of America Corporation,2017-02-13,
BAC,1 week,0.05,2017-03-20 00:00:00+08:00,2342.2085120422303,2523.563193698532,-7.19,Banks - Diversified,Bank of America Corporation,2017-03-20,
BAC,1 week,0.05,2018-10-22 00:00:00+08:00,2677.0668380462726,2837.0782248965775,-5.64,Banks - Diversified,Bank of America Corporation,2018-10-22,
BAC,1 week,0.05,2018-12-10 00:00:00+08:00,2468.6512378902044,2689.417403443462,-8.21,Banks - Diversified,Bank of America Corporation,2018-12-10,
BAC,1 week,0.05,2019-01-14 00:00:00+08:00,2775.271164021164,2561.366787585651,8.35,Banks - Diversified,Bank of America Corporation,2019-01-14,
BAC,1 week,0.05,2019-03-25 00:00:00+08:00,2714.491859144264,2884.18747801618,-5.88,Banks - Diversified,Bank of America Corporation,2019-03-25,
BAC,1 week,0.05,2019-04-01 00:00:00+08:00,2883.7168769716086,2714.491859144264,6.23,Banks - Diversified,Bank of America Corporation,2019-04-01,
BAC,1 week,0.05,2019-08-05 00:00:00+08:00,2806.0488372093023,3028.426626967248,-7.34,Banks - Diversified,Bank of America Corporation,2019-08-05,
BAC,1 week,0.05,2019-09-09 00:00:00+08:00,2929.4050833995234,2757.286228160329,6.24,Banks - Diversified,Bank of America Corporation,2019-09-09,
BAC,1 week,0.05,2019-10-14 00:00:00+08:00,2992.948108108108,2831.6560196560195,5.7,Banks - Diversified,Bank of America Corporation,2019-10-14,
BAC,1 week,0.05,2020-02-24 00:00:00+08:00,3063.976174934726,3453.123870281765,-11.27,Banks - Diversified,Bank of America Corporation,2020-02-24,
BAC,1 week,0.05,2020-03-02 00:00:00+08:00,2750.116743471582,3063.976174934726,-10.24,Banks - Diversified,Bank of America Corporation,2020-03-02,
BAC,1 week,0.05,2020-03-09 00:00:00+08:00,2225.566144708423,2750.116743471582,-19.07,Banks - Diversified,Bank of America Corporation,2020-03-09,
BAC,1 week,0.05,2020-03-16 00:00:00+08:00,2074.001674574379,2225.566144708423,-6.81,Banks - Diversified,Bank of America Corporation,2020-03-16,
BAC,1 week,0.05,2020-04-06 00:00:00+08:00,2273.29034662691,2077.313056835638,9.43,Banks - Diversified,Bank of America Corporation,2020-04-06,
BAC,1 week,0.05,2020-04-27 00:00:00+08:00,2388.713102178582,2208.681364660444,8.15,Banks - Diversified,Bank of America Corporation,2020-04-27,
BAC,1 week,0.05,2020-05-11 00:00:00+08:00,2177.3140666470067,2294.6498360655737,-5.11,Banks - Diversified,Bank of America Corporation,2020-05-11,
BAC,1 week,0.05,2020-05-25 00:00:00+08:00,2491.633345362685,2272.1547121260855,9.66,Banks - Diversified,Bank of America Corporation,2020-05-25,
BAC,1 week,0.05,2020-06-15 00:00:00+08:00,2513.828580006004,2658.32703528758,-5.44,Banks - Diversified,Bank of America Corporation,2020-06-15,
BAC,1 week,0.05,2020-08-10 00:00:00+08:00,2670.6288437884377,2531.627129540341,5.49,Banks - Diversified,Bank of America Corporation,2020-08-10,
BAC,1 week,0.05,2020-09-21 00:00:00+08:00,2379.5546875,2547.225887414844,-6.58,Banks - Diversified,Bank of America Corporation,2020-09-21,
BAC,1 week,0.05,2020-11-09 00:00:00+08:00,2718.751813308105,2431.4650872817956,11.82,Banks - Diversified,Bank of America Corporation,2020-11-09,
BAC,1 week,0.05,2021-01-04 00:00:00+08:00,3163.7365554799185,2966.4960745829244,6.65,Banks - Diversified,Bank of America Corporation,2021-01-04,
BAC,1 week,0.05,2021-01-11 00:00:00+08:00,3337.661596958175,3163.7365554799185,5.5,Banks - Diversified,Bank of America Corporation,2021-01-11,
BAC,1 week,0.05,2021-01-25 00:00:00+08:00,3050.699674267101,3221.6102345415775,-5.31,Banks - Diversified,Bank of America Corporation,2021-01-25,
BAC,1 week,0.05,2021-02-08 00:00:00+08:00,3300.9073494917902,3143.614457831325,5.0,Banks - Diversified,Bank of America Corporation,2021-02-08,
BAC,1 week,0.05,2021-08-09 00:00:00+08:00,4149.128443782576,3879.800235941801,6.94,Banks - Diversified,Bank of America Corporation,2021-08-09,
BAC,1 week,0.05,2021-09-27 00:00:00+08:00,4304.4367735118,4028.701663201663,6.84,Banks - Diversified,Bank of America Corporation,2021-09-27,
BAC,1 week,0.05,2021-10-18 00:00:00+08:00,4678.664516129032,4434.962244897959,5.5,Banks - Diversified,Bank of America Corporation,2021-10-18,
BAC,1 week,0.05,2022-01-03 00:00:00+08:00,4766.614649681529,4464.536953858717,6.77,Banks - Diversified,Bank of America Corporation,2022-01-03,
BAC,1 week,0.05,2022-02-21 00:00:00+08:00,4450.637901861252,4717.896099161502,-5.66,Banks - Diversified,Bank of America Corporation,2022-02-21,
BAC,1 week,0.05,2022-03-07 00:00:00+08:00,3992.86990544506,4268.721204188481,-6.46,Banks - Diversified,Bank of America Corporation,2022-03-07,
BAC,1 week,0.05,2022-03-14 00:00:00+08:00,4209.703360768175,3992.86990544506,5.43,Banks - Diversified,Bank of America Corporation,2022-03-14,
BAC,1 week,0.05,2022-04-04 00:00:00+08:00,4001.3156065345847,4262.794986263736,-6.13,Banks - Diversified,Bank of America Corporation,2022-04-04,
BAC,1 week,0.05,2022-04-25 00:00:00+08:00,3659.314966228226,3909.046543938867,-6.39,Banks - Diversified,Bank of America Corporation,2022-04-25,
BAC,1 week,0.05,2022-06-13 00:00:00+08:00,3192.5252945252946,3535.8499427262313,-9.71,Banks - Diversified,Bank of America Corporation,2022-06-13,
BAC,1 week,0.05,2022-07-18 00:00:00+08:00,3306.9082053203447,3110.8093705293277,6.3,Banks - Diversified,Bank of America Corporation,2022-07-18,
BAC,1 week,0.05,2022-09-26 00:00:00+08:00,3092.5386904761904,3331.356339084771,-7.17,Banks - Diversified,Bank of America Corporation,2022-09-26,
BAC,1 week,0.05,2022-10-17 00:00:00+08:00,3408.5496052179883,3074.640705363703,10.86,Banks - Diversified,Bank of America Corporation,2022-10-17,
BAC,1 week,0.05,2022-12-05 00:00:00+08:00,3321.066741657293,3677.332401118658,-9.69,Banks - Diversified,Bank of America Corporation,2022-12-05,
BAC,1 week,0.05,2023-03-06 00:00:00+08:00,3211.3003172365175,3405.739374498797,-5.71,Banks - Diversified,Bank of America Corporation,2023-03-06,
BAC,1 week,0.05,2023-03-13 00:00:00+08:00,2857.713500305437,3211.3003172365175,-11.01,Banks - Diversified,Bank of America Corporation,2023-03-13,
BAC,1 week,0.05,2023-04-17 00:00:00+08:00,3011.6977147816024,2861.2350081037275,5.26,Banks - Diversified,Bank of America Corporation,2023-04-17,
BAC,1 week,0.05,2023-07-17 00:00:00+08:00,3078.8326386662393,2923.186944634313,5.32,Banks - Diversified,Bank of America Corporation,2023-07-17,
BAC,1 week,0.05,2023-10-23 00:00:00+08:00,2567.831001472754,2715.342857142857,-5.43,Banks - Diversified,Bank of America Corporation,2023-10-23,
BAC,1 week,0.05,2024-04-22 00:00:00+08:00,3797.066417600664,3575.9177190968235,6.18,Banks - Diversified,Bank of America Corporation,2024-04-22,
BAC,2 weeks,0.05,2014-04-28 00:00:00+08:00,1502.48049171566,1616.713285389856,-7.07,Banks - Diversified,Bank of America Corporation,2014-04-28,
BAC,2 weeks,0.05,2014-08-18 00:00:00+08:00,1595.408411732153,1518.3568400770712,5.07,Banks - Diversified,Bank of America Corporation,2014-08-18,
BAC,2 weeks,0.05,2015-01-05 00:00:00+08:00,1654.913383208645,1795.6838531187122,-7.84,Banks - Diversified,Bank of America Corporation,2015-01-05,
BAC,2 weeks,0.05,2015-01-19 00:00:00+08:00,1554.617419853225,1654.913383208645,-6.06,Banks - Diversified,Bank of America Corporation,2015-01-19,
BAC,2 weeks,0.05,2015-07-20 00:00:00+08:00,1805.5441455096627,1708.6749602964533,5.67,Banks - Diversified,Bank of America Corporation,2015-07-20,
BAC,2 weeks,0.05,2015-08-17 00:00:00+08:00,1648.6930422919509,1774.4794657097289,-7.09,Banks - Diversified,Bank of America Corporation,2015-08-17,
BAC,2 weeks,0.05,2015-10-26 00:00:00+08:00,1703.851610353685,1597.378614916286,6.67,Banks - Diversified,Bank of America Corporation,2015-10-26,
BAC,2 weeks,0.05,2015-12-28 00:00:00+08:00,1598.7168021680216,1709.593947368421,-6.49,Banks - Diversified,Bank of America Corporation,2015-12-28,
BAC,2 weeks,0.05,2016-01-11 00:00:00+08:00,1443.8125937031484,1598.7168021680216,-9.69,Banks - Diversified,Bank of America Corporation,2016-01-11,
BAC,2 weeks,0.05,2016-01-25 00:00:00+08:00,1336.1007156571827,1443.8125937031484,-7.46,Banks - Diversified,Bank of America Corporation,2016-01-25,
BAC,2 weeks,0.05,2016-02-08 00:00:00+08:00,1209.3321434945565,1336.1007156571827,-9.49,Banks - Diversified,Bank of America Corporation,2016-02-08,
BAC,2 weeks,0.05,2016-02-22 00:00:00+08:00,1274.5064572425829,1209.3321434945565,5.39,Banks - Diversified,Bank of America Corporation,2016-02-22,
BAC,2 weeks,0.05,2016-03-07 00:00:00+08:00,1342.8687037037037,1274.5064572425829,5.36,Banks - Diversified,Bank of America Corporation,2016-03-07,
BAC,2 weeks,0.05,2016-04-18 00:00:00+08:00,1477.4011351153424,1340.7325178017163,10.19,Banks - Diversified,Bank of America Corporation,2016-04-18,
BAC,2 weeks,0.05,2016-06-13 00:00:00+08:00,1350.6163578047042,1447.8319663045888,-6.71,Banks - Diversified,Bank of America Corporation,2016-06-13,
BAC,2 weeks,0.05,2016-07-11 00:00:00+08:00,1386.4529190207156,1288.1414160639513,7.63,Banks - Diversified,Bank of America Corporation,2016-07-11,
BAC,2 weeks,0.05,2016-11-14 00:00:00+08:00,2009.1533625452469,1725.7459859281976,16.42,Banks - Diversified,Bank of America Corporation,2016-11-14,
BAC,2 weeks,0.05,2016-11-28 00:00:00+08:00,2167.1834771068347,2009.1533625452469,7.87,Banks - Diversified,Bank of America Corporation,2016-11-28,
BAC,2 weeks,0.05,2017-02-20 00:00:00+08:00,2485.90867939382,2359.7266367713005,5.35,Banks - Diversified,Bank of America Corporation,2017-02-20,
BAC,2 weeks,0.05,2017-03-20 00:00:00+08:00,2341.0461380724537,2528.095788902946,-7.4,Banks - Diversified,Bank of America Corporation,2017-03-20,
BAC,2 weeks,0.05,2017-09-18 00:00:00+08:00,2505.2152791381,2363.179622961237,6.01,Banks - Diversified,Bank of America Corporation,2017-09-18,
BAC,2 weeks,0.05,2017-11-27 00:00:00+08:00,2832.853497803312,2660.088977423639,6.49,Banks - Diversified,Bank of America Corporation,2017-11-27,
BAC,2 weeks,0.05,2018-07-23 00:00:00+08:00,3104.5847919097628,2928.6670168067226,6.01,Banks - Diversified,Bank of America Corporation,2018-07-23,
BAC,2 weeks,0.05,2018-10-15 00:00:00+08:00,2756.121144555927,2963.5056244041944,-7.0,Banks - Diversified,Bank of America Corporation,2018-10-15,
BAC,2 weeks,0.05,2018-12-10 00:00:00+08:00,2453.4720439963335,2742.584143109541,-10.54,Banks - Diversified,Bank of America Corporation,2018-12-10,
BAC,2 weeks,0.05,2019-01-07 00:00:00+08:00,2678.8684831970936,2429.0514313440076,10.28,Banks - Diversified,Bank of America Corporation,2019-01-07,
BAC,2 weeks,0.05,2019-01-21 00:00:00+08:00,2905.964607606067,2678.8684831970936,8.48,Banks - Diversified,Bank of America Corporation,2019-01-21,
BAC,2 weeks,0.05,2019-05-13 00:00:00+08:00,2840.0012533946106,3024.5995040297585,-6.1,Banks - Diversified,Bank of America Corporation,2019-05-13,
BAC,2 weeks,0.05,2019-08-05 00:00:00+08:00,2753.6875,3028.161173718903,-9.06,Banks - Diversified,Bank of America Corporation,2019-08-05,
BAC,2 weeks,0.05,2019-09-02 00:00:00+08:00,2854.372983870968,2697.370077181872,5.82,Banks - Diversified,Bank of America Corporation,2019-09-02,
BAC,2 weeks,0.05,2019-10-14 00:00:00+08:00,3056.8891424225135,2834.362214447417,7.85,Banks - Diversified,Bank of America Corporation,2019-10-14,
BAC,2 weeks,0.05,2019-10-28 00:00:00+08:00,3230.8794814664775,3056.8891424225135,5.69,Banks - Diversified,Bank of America Corporation,2019-10-28,
BAC,2 weeks,0.05,2020-02-17 00:00:00+08:00,3212.0018200202226,3445.384164222874,-6.77,Banks - Diversified,Bank of America Corporation,2020-02-17,
BAC,2 weeks,0.05,2020-03-02 00:00:00+08:00,2470.919241270298,3212.0018200202226,-23.07,Banks - Diversified,Bank of America Corporation,2020-03-02,
BAC,2 weeks,0.05,2020-03-16 00:00:00+08:00,2074.416118421053,2470.919241270298,-16.05,Banks - Diversified,Bank of America Corporation,2020-03-16,
BAC,2 weeks,0.05,2020-05-11 00:00:00+08:00,2222.6770769230766,2343.2394991282295,-5.15,Banks - Diversified,Bank of America Corporation,2020-05-11,
BAC,2 weeks,0.05,2020-05-25 00:00:00+08:00,2550.903744201458,2222.6770769230766,14.77,Banks - Diversified,Bank of America Corporation,2020-05-25,
BAC,2 weeks,0.05,2020-06-22 00:00:00+08:00,2394.736472945892,2588.8718614718614,-7.5,Banks - Diversified,Bank of America Corporation,2020-06-22,
BAC,2 weeks,0.05,2020-08-03 00:00:00+08:00,2602.6680810938237,2435.944808830587,6.84,Banks - Diversified,Bank of America Corporation,2020-08-03,
BAC,2 weeks,0.05,2020-11-09 00:00:00+08:00,2719.1168109785986,2404.88216251214,13.07,Banks - Diversified,Bank of America Corporation,2020-11-09,
BAC,2 weeks,0.05,2020-11-23 00:00:00+08:00,2862.7763106796115,2719.1168109785986,5.28,Banks - Diversified,Bank of America Corporation,2020-11-23,
BAC,2 weeks,0.05,2020-12-28 00:00:00+08:00,3163.7365554799185,2966.4960745829244,6.65,Banks - Diversified,Bank of America Corporation,2020-12-28,
BAC,2 weeks,0.05,2021-01-25 00:00:00+08:00,3095.2016293279025,3285.7065673921343,-5.8,Banks - Diversified,Bank of America Corporation,2021-01-25,
BAC,2 weeks,0.05,2021-02-08 00:00:00+08:00,3360.559633027523,3095.2016293279025,8.57,Banks - Diversified,Bank of America Corporation,2021-02-08,
BAC,2 weeks,0.05,2021-02-22 00:00:00+08:00,3590.7776298268977,3360.559633027523,6.85,Banks - Diversified,Bank of America Corporation,2021-02-22,
BAC,2 weeks,0.05,2021-05-03 00:00:00+08:00,4156.834619625138,3941.770829361296,5.46,Banks - Diversified,Bank of America Corporation,2021-05-03,
BAC,2 weeks,0.05,2021-06-14 00:00:00+08:00,4047.615481548155,4273.689343379979,-5.29,Banks - Diversified,Bank of America Corporation,2021-06-14,
BAC,2 weeks,0.05,2021-07-12 00:00:00+08:00,3850.1565432973266,4055.0273916598526,-5.05,Banks - Diversified,Bank of America Corporation,2021-07-12,
BAC,2 weeks,0.05,2021-08-09 00:00:00+08:00,4112.826358644196,3850.411375146085,6.82,Banks - Diversified,Bank of America Corporation,2021-08-09,
BAC,2 weeks,0.05,2021-10-04 00:00:00+08:00,4421.681882022472,4165.437379912664,6.15,Banks - Diversified,Bank of America Corporation,2021-10-04,
BAC,2 weeks,0.05,2021-10-18 00:00:00+08:00,4723.972983404091,4421.681882022472,6.84,Banks - Diversified,Bank of America Corporation,2021-10-18,
BAC,2 weeks,0.05,2021-12-27 00:00:00+08:00,4634.249597423511,4411.301730769231,5.05,Banks - Diversified,Bank of America Corporation,2021-12-27,
BAC,2 weeks,0.05,2022-02-21 00:00:00+08:00,4348.066420664207,4812.397467902996,-9.65,Banks - Diversified,Bank of America Corporation,2022-02-21,
BAC,2 weeks,0.05,2022-03-07 00:00:00+08:00,4098.550392779543,4348.066420664207,-5.74,Banks - Diversified,Bank of America Corporation,2022-03-07,
BAC,2 weeks,0.05,2022-04-04 00:00:00+08:00,3955.2918095238097,4302.420886630453,-8.07,Banks - Diversified,Bank of America Corporation,2022-04-04,
BAC,2 weeks,0.05,2022-06-13 00:00:00+08:00,3212.939399732365,3594.3790081231296,-10.61,Banks - Diversified,Bank of America Corporation,2022-06-13,
BAC,2 weeks,0.05,2022-08-08 00:00:00+08:00,3550.417844010064,3350.1082006850697,5.98,Banks - Diversified,Bank of America Corporation,2022-08-08,
BAC,2 weeks,0.05,2022-09-19 00:00:00+08:00,3239.0384261389786,3418.9550658889607,-5.26,Banks - Diversified,Bank of America Corporation,2022-09-19,
BAC,2 weeks,0.05,2022-10-17 00:00:00+08:00,3480.4515205724506,3108.787072243346,11.96,Banks - Diversified,Bank of America Corporation,2022-10-17,
BAC,2 weeks,0.05,2022-10-31 00:00:00+08:00,3680.8141770124143,3480.4515205724506,5.76,Banks - Diversified,Bank of America Corporation,2022-10-31,
BAC,2 weeks,0.05,2022-11-28 00:00:00+08:00,3493.548936170213,3750.7542579075425,-6.86,Banks - Diversified,Bank of America Corporation,2022-11-28,
BAC,2 weeks,0.05,2022-12-12 00:00:00+08:00,3230.153213166144,3493.548936170213,-7.54,Banks - Diversified,Bank of America Corporation,2022-12-12,
BAC,2 weeks,0.05,2023-03-06 00:00:00+08:00,3021.8643429880544,3417.151977026728,-11.57,Banks - Diversified,Bank of America Corporation,2023-03-06,
BAC,2 weeks,0.05,2023-03-20 00:00:00+08:00,2791.3988775722305,3021.8643429880544,-7.63,Banks - Diversified,Bank of America Corporation,2023-03-20,
BAC,2 weeks,0.05,2023-05-01 00:00:00+08:00,2776.054591406908,2964.8569858712717,-6.37,Banks - Diversified,Bank of America Corporation,2023-05-01,
BAC,2 weeks,0.05,2023-07-10 00:00:00+08:00,3003.494458229942,2856.3572141289164,5.15,Banks - Diversified,Bank of America Corporation,2023-07-10,
BAC,2 weeks,0.05,2023-07-24 00:00:00+08:00,3189.8526355563954,3003.494458229942,6.2,Banks - Diversified,Bank of America Corporation,2023-07-24,
BAC,2 weeks,0.05,2023-08-21 00:00:00+08:00,2877.488579940417,3047.843183609141,-5.59,Banks - Diversified,Bank of America Corporation,2023-08-21,
BAC,2 weeks,0.05,2023-10-02 00:00:00+08:00,2646.5498549673675,2792.4991023339317,-5.23,Banks - Diversified,Bank of America Corporation,2023-10-02,
BAC,2 weeks,0.05,2023-11-13 00:00:00+08:00,2939.91899189919,2732.0928444707274,7.61,Banks - Diversified,Bank of America Corporation,2023-11-13,
BAC,2 weeks,0.05,2023-12-11 00:00:00+08:00,3276.3438491693114,3045.8766847716756,7.57,Banks - Diversified,Bank of America Corporation,2023-12-11,
BAC,1 week,0.1,2016-02-08 00:00:00+08:00,1193.03124042879,1330.4774101743153,-10.33,Banks - Diversified,Bank of America Corporation,2016-02-08,
BAC,1 week,0.1,2016-11-14 00:00:00+08:00,1990.9766871165643,1782.5957928802588,11.69,Banks - Diversified,Bank of America Corporation,2016-11-14,
BAC,1 week,0.1,2020-02-24 00:00:00+08:00,3063.976174934726,3453.123870281765,-11.27,Banks - Diversified,Bank of America Corporation,2020-02-24,
BAC,1 week,0.1,2020-03-02 00:00:00+08:00,2750.116743471582,3063.976174934726,-10.24,Banks - Diversified,Bank of America Corporation,2020-03-02,
BAC,1 week,0.1,2020-03-09 00:00:00+08:00,2225.566144708423,2750.116743471582,-19.07,Banks - Diversified,Bank of America Corporation,2020-03-09,
BAC,1 week,0.1,2020-11-09 00:00:00+08:00,2718.751813308105,2431.4650872817956,11.82,Banks - Diversified,Bank of America Corporation,2020-11-09,
BAC,1 week,0.1,2022-10-17 00:00:00+08:00,3408.5496052179883,3074.640705363703,10.86,Banks - Diversified,Bank of America Corporation,2022-10-17,
BAC,1 week,0.1,2023-03-13 00:00:00+08:00,2857.713500305437,3211.3003172365175,-11.01,Banks - Diversified,Bank of America Corporation,2023-03-13,
BAC,2 weeks,0.1,2016-04-18 00:00:00+08:00,1477.4011351153424,1340.7325178017163,10.19,Banks - Diversified,Bank of America Corporation,2016-04-18,
BAC,2 weeks,0.1,2016-11-14 00:00:00+08:00,2009.1533625452469,1725.7459859281976,16.42,Banks - Diversified,Bank of America Corporation,2016-11-14,
BAC,2 weeks,0.1,2018-12-10 00:00:00+08:00,2453.4720439963335,2742.584143109541,-10.54,Banks - Diversified,Bank of America Corporation,2018-12-10,
BAC,2 weeks,0.1,2019-01-07 00:00:00+08:00,2678.8684831970936,2429.0514313440076,10.28,Banks - Diversified,Bank of America Corporation,2019-01-07,
BAC,2 weeks,0.1,2020-03-02 00:00:00+08:00,2470.919241270298,3212.0018200202226,-23.07,Banks - Diversified,Bank of America Corporation,2020-03-02,
BAC,2 weeks,0.1,2020-03-16 00:00:00+08:00,2074.416118421053,2470.919241270298,-16.05,Banks - Diversified,Bank of America Corporation,2020-03-16,
BAC,2 weeks,0.1,2020-05-25 00:00:00+08:00,2550.903744201458,2222.6770769230766,14.77,Banks - Diversified,Bank of America Corporation,2020-05-25,
BAC,2 weeks,0.1,2020-11-09 00:00:00+08:00,2719.1168109785986,2404.88216251214,13.07,Banks - Diversified,Bank of America Corporation,2020-11-09,
BAC,2 weeks,0.1,2022-06-13 00:00:00+08:00,3212.939399732365,3594.3790081231296,-10.61,Banks - Diversified,Bank of America Corporation,2022-06-13,
BAC,2 weeks,0.1,2022-10-17 00:00:00+08:00,3480.4515205724506,3108.787072243346,11.96,Banks - Diversified,Bank of America Corporation,2022-10-17,
BAC,2 weeks,0.1,2023-03-06 00:00:00+08:00,3021.8643429880544,3417.151977026728,-11.57,Banks - Diversified,Bank of America Corporation,2023-03-06,
BAC,1 week,0.15,2020-03-09 00:00:00+08:00,2225.566144708423,2750.116743471582,-19.07,Banks - Diversified,Bank of America Corporation,2020-03-09,
BAC,2 weeks,0.15,2016-11-14 00:00:00+08:00,2009.1533625452469,1725.7459859281976,16.42,Banks - Diversified,Bank of America Corporation,2016-11-14,
BAC,2 weeks,0.15,2020-03-02 00:00:00+08:00,2470.919241270298,3212.0018200202226,-23.07,Banks - Diversified,Bank of America Corporation,2020-03-02,
BAC,2 weeks,0.15,2020-03-16 00:00:00+08:00,2074.416118421053,2470.919241270298,-16.05,Banks - Diversified,Bank of America Corporation,2020-03-16,
BACRP,1 week,0.05,2021-05-03 00:00:00+08:00,12000.0,10500.0,14.29,Banks - Diversified,Bank of America Corporation PFD SER B 7%,2021-05-03,
BACRP,1 week,0.05,2021-06-21 00:00:00+08:00,16900.0,12000.0,40.83,Banks - Diversified,Bank of America Corporation PFD SER B 7%,2021-06-21,
BACRP,1 week,0.05,2022-02-07 00:00:00+08:00,10113.666666666666,16900.0,-40.16,Banks - Diversified,Bank of America Corporation PFD SER B 7%,2022-02-07,
BACRP,1 week,0.05,2022-02-14 00:00:00+08:00,11000.0,10113.666666666666,8.76,Banks - Diversified,Bank of America Corporation PFD SER B 7%,2022-02-14,
BACRP,1 week,0.05,2022-04-18 00:00:00+08:00,16250.0,11000.0,47.73,Banks - Diversified,Bank of America Corporation PFD SER B 7%,2022-04-18,
BACRP,1 week,0.05,2022-06-06 00:00:00+08:00,17100.0,16250.0,5.23,Banks - Diversified,Bank of America Corporation PFD SER B 7%,2022-06-06,
BACRP,1 week,0.05,2022-11-07 00:00:00+08:00,18905.0,17875.0,5.76,Banks - Diversified,Bank of America Corporation PFD SER B 7%,2022-11-07,
BACRP,1 week,0.05,2022-12-12 00:00:00+08:00,22627.777777777777,20116.666666666668,12.48,Banks - Diversified,Bank of America Corporation PFD SER B 7%,2022-12-12,
BACRP,1 week,0.05,2023-01-02 00:00:00+08:00,23646.315789473683,20567.777777777777,14.97,Banks - Diversified,Bank of America Corporation PFD SER B 7%,2023-01-02,
BACRP,1 week,0.05,2023-01-09 00:00:00+08:00,26646.07894736842,23646.315789473683,12.69,Banks - Diversified,Bank of America Corporation PFD SER B 7%,2023-01-09,
BACRP,1 week,0.05,2023-01-16 00:00:00+08:00,33271.57894736842,26646.07894736842,24.86,Banks - Diversified,Bank of America Corporation PFD SER B 7%,2023-01-16,
BACRP,1 week,0.05,2023-01-23 00:00:00+08:00,30271.818181818184,33271.57894736842,-9.02,Banks - Diversified,Bank of America Corporation PFD SER B 7%,2023-01-23,
BACRP,1 week,0.05,2023-01-30 00:00:00+08:00,19571.29090909091,30271.818181818184,-35.35,Banks - Diversified,Bank of America Corporation PFD SER B 7%,2023-01-30,
BACRP,1 week,0.05,2023-02-06 00:00:00+08:00,16791.86666666667,19571.29090909091,-14.2,Banks - Diversified,Bank of America Corporation PFD SER B 7%,2023-02-06,
BACRP,1 week,0.05,2023-02-13 00:00:00+08:00,18377.261363636364,16791.86666666667,9.44,Banks - Diversified,Bank of America Corporation PFD SER B 7%,2023-02-13,
BACRP,1 week,0.05,2023-02-20 00:00:00+08:00,19506.408163265303,18377.261363636364,6.14,Banks - Diversified,Bank of America Corporation PFD SER B 7%,2023-02-20,
BACRP,1 week,0.05,2023-02-27 00:00:00+08:00,15257.882352941177,19506.408163265303,-21.78,Banks - Diversified,Bank of America Corporation PFD SER B 7%,2023-02-27,
BACRP,1 week,0.05,2023-03-06 00:00:00+08:00,18172.410256410258,15257.882352941177,19.1,Banks - Diversified,Bank of America Corporation PFD SER B 7%,2023-03-06,
BACRP,1 week,0.05,2023-03-27 00:00:00+08:00,21675.484848484848,17976.4,20.58,Banks - Diversified,Bank of America Corporation PFD SER B 7%,2023-03-27,
BACRP,1 week,0.05,2023-04-03 00:00:00+08:00,30199.02380952381,21675.484848484848,39.32,Banks - Diversified,Bank of America Corporation PFD SER B 7%,2023-04-03,
BACRP,1 week,0.05,2023-04-10 00:00:00+08:00,34638.86111111111,30199.02380952381,14.7,Banks - Diversified,Bank of America Corporation PFD SER B 7%,2023-04-10,
BACRP,1 week,0.05,2023-04-24 00:00:00+08:00,21055.195652173912,34743.230769230766,-39.4,Banks - Diversified,Bank of America Corporation PFD SER B 7%,2023-04-24,
BACRP,1 week,0.05,2023-05-01 00:00:00+08:00,25588.581818181818,21055.195652173912,21.53,Banks - Diversified,Bank of America Corporation PFD SER B 7%,2023-05-01,
BACRP,1 week,0.05,2023-05-08 00:00:00+08:00,20902.857142857145,25588.581818181818,-18.31,Banks - Diversified,Bank of America Corporation PFD SER B 7%,2023-05-08,
BACRP,1 week,0.05,2023-05-22 00:00:00+08:00,21612.127659574468,20508.568181818184,5.38,Banks - Diversified,Bank of America Corporation PFD SER B 7%,2023-05-22,
BACRP,1 week,0.05,2023-05-29 00:00:00+08:00,18890.08163265306,21612.127659574468,-12.59,Banks - Diversified,Bank of America Corporation PFD SER B 7%,2023-05-29,
BACRP,1 week,0.05,2023-06-12 00:00:00+08:00,20727.181818181816,19234.442857142854,7.76,Banks - Diversified,Bank of America Corporation PFD SER B 7%,2023-06-12,
BACRP,1 week,0.05,2023-07-10 00:00:00+08:00,19950.04347826087,21279.1875,-6.25,Banks - Diversified,Bank of America Corporation PFD SER B 7%,2023-07-10,
BACRP,1 week,0.05,2023-08-07 00:00:00+08:00,25000.0,22491.071428571428,11.16,Banks - Diversified,Bank of America Corporation PFD SER B 7%,2023-08-07,
BACRP,1 week,0.05,2023-08-28 00:00:00+08:00,21545.5,25000.0,-13.82,Banks - Diversified,Bank of America Corporation PFD SER B 7%,2023-08-28,
BACRP,1 week,0.05,2023-09-18 00:00:00+08:00,20666.666666666668,22207.142857142855,-6.94,Banks - Diversified,Bank of America Corporation PFD SER B 7%,2023-09-18,
BACRP,1 week,0.05,2023-10-02 00:00:00+08:00,22352.0,21050.0,6.19,Banks - Diversified,Bank of America Corporation PFD SER B 7%,2023-10-02,
BACRP,1 week,0.05,2023-10-16 00:00:00+08:00,24874.666666666668,21500.0,15.7,Banks - Diversified,Bank of America Corporation PFD SER B 7%,2023-10-16,
BACRP,1 week,0.05,2023-10-23 00:00:00+08:00,23288.75,24874.666666666668,-6.38,Banks - Diversified,Bank of America Corporation PFD SER B 7%,2023-10-23,
BACRP,1 week,0.05,2023-10-30 00:00:00+08:00,24535.333333333332,23288.75,5.35,Banks - Diversified,Bank of America Corporation PFD SER B 7%,2023-10-30,
BACRP,1 week,0.05,2023-11-06 00:00:00+08:00,22300.0,24535.333333333332,-9.11,Banks - Diversified,Bank of America Corporation PFD SER B 7%,2023-11-06,
BACRP,1 week,0.05,2023-11-20 00:00:00+08:00,22949.5,21666.583333333332,5.92,Banks - Diversified,Bank of America Corporation PFD SER B 7%,2023-11-20,
BACRP,1 week,0.05,2023-12-04 00:00:00+08:00,23900.0,22433.25,6.54,Banks - Diversified,Bank of America Corporation PFD SER B 7%,2023-12-04,
BACRP,1 week,0.05,2024-01-08 00:00:00+08:00,32068.222222222223,24453.6,31.14,Banks - Diversified,Bank of America Corporation PFD SER B 7%,2024-01-08,
BACRP,1 week,0.05,2024-01-15 00:00:00+08:00,23275.0,32068.222222222223,-27.42,Banks - Diversified,Bank of America Corporation PFD SER B 7%,2024-01-15,
BACRP,1 week,0.05,2024-01-22 00:00:00+08:00,26400.0,23275.0,13.43,Banks - Diversified,Bank of America Corporation PFD SER B 7%,2024-01-22,
BACRP,1 week,0.05,2024-01-29 00:00:00+08:00,21508.571428571428,26400.0,-18.53,Banks - Diversified,Bank of America Corporation PFD SER B 7%,2024-01-29,
BACRP,1 week,0.05,2024-02-05 00:00:00+08:00,28000.0,21508.571428571428,30.18,Banks - Diversified,Bank of America Corporation PFD SER B 7%,2024-02-05,
BACRP,1 week,0.05,2024-02-12 00:00:00+08:00,25000.0,28000.0,-10.71,Banks - Diversified,Bank of America Corporation PFD SER B 7%,2024-02-12,
BACRP,1 week,0.05,2024-03-04 00:00:00+08:00,19495.461538461535,24510.0,-20.46,Banks - Diversified,Bank of America Corporation PFD SER B 7%,2024-03-04,
BACRP,1 week,0.05,2024-03-11 00:00:00+08:00,21820.0,19495.461538461535,11.92,Banks - Diversified,Bank of America Corporation PFD SER B 7%,2024-03-11,
BACRP,1 week,0.05,2024-03-18 00:00:00+08:00,20560.0,21820.0,-5.77,Banks - Diversified,Bank of America Corporation PFD SER B 7%,2024-03-18,
BACRP,1 week,0.05,2024-03-25 00:00:00+08:00,18678.5,20560.0,-9.15,Banks - Diversified,Bank of America Corporation PFD SER B 7%,2024-03-25,
BACRP,1 week,0.05,2024-04-01 00:00:00+08:00,24480.0,18678.5,31.06,Banks - Diversified,Bank of America Corporation PFD SER B 7%,2024-04-01,
BACRP,1 week,0.05,2024-04-15 00:00:00+08:00,21631.4,24371.428571428572,-11.24,Banks - Diversified,Bank of America Corporation PFD SER B 7%,2024-04-15,
BACRP,1 week,0.05,2024-04-22 00:00:00+08:00,23000.0,21631.4,6.33,Banks - Diversified,Bank of America Corporation PFD SER B 7%,2024-04-22,
BACRP,1 week,0.05,2024-04-29 00:00:00+08:00,18999.814814814818,23000.0,-17.39,Banks - Diversified,Bank of America Corporation PFD SER B 7%,2024-04-29,
BACRP,1 week,0.05,2024-05-13 00:00:00+08:00,17874.736842105263,19328.55172413793,-7.52,Banks - Diversified,Bank of America Corporation PFD SER B 7%,2024-05-13,
BACRP,1 week,0.05,2024-06-03 00:00:00+08:00,20784.8,19493.222222222223,6.63,Banks - Diversified,Bank of America Corporation PFD SER B 7%,2024-06-03,
BACRP,1 week,0.05,2024-06-10 00:00:00+08:00,19317.083333333332,20784.8,-7.06,Banks - Diversified,Bank of America Corporation PFD SER B 7%,2024-06-10,
BACRP,1 week,0.05,2024-07-01 00:00:00+08:00,20997.75,18392.23076923077,14.17,Banks - Diversified,Bank of America Corporation PFD SER B 7%,2024-07-01,
BACRP,1 week,0.05,2024-07-08 00:00:00+08:00,19625.0,20997.75,-6.54,Banks - Diversified,Bank of America Corporation PFD SER B 7%,2024-07-08,
BACRP,1 week,0.05,2024-07-29 00:00:00+08:00,21912.5,18803.125,16.54,Banks - Diversified,Bank of America Corporation PFD SER B 7%,2024-07-29,
BACRP,2 weeks,0.05,2021-05-03 00:00:00+08:00,12000.0,10500.0,14.29,Banks - Diversified,Bank of America Corporation PFD SER B 7%,2021-05-03,
BACRP,2 weeks,0.05,2021-06-14 00:00:00+08:00,16900.0,12000.0,40.83,Banks - Diversified,Bank of America Corporation PFD SER B 7%,2021-06-14,
BACRP,2 weeks,0.05,2022-02-07 00:00:00+08:00,10335.25,16900.0,-38.84,Banks - Diversified,Bank of America Corporation PFD SER B 7%,2022-02-07,
BACRP,2 weeks,0.05,2022-04-18 00:00:00+08:00,16250.0,10335.25,57.23,Banks - Diversified,Bank of America Corporation PFD SER B 7%,2022-04-18,
BACRP,2 weeks,0.05,2022-05-30 00:00:00+08:00,17100.0,16250.0,5.23,Banks - Diversified,Bank of America Corporation PFD SER B 7%,2022-05-30,
BACRP,2 weeks,0.05,2022-10-31 00:00:00+08:00,18610.714285714286,17500.0,6.35,Banks - Diversified,Bank of America Corporation PFD SER B 7%,2022-10-31,
BACRP,2 weeks,0.05,2022-12-12 00:00:00+08:00,21853.486486486487,19370.625,12.82,Banks - Diversified,Bank of America Corporation PFD SER B 7%,2022-12-12,
BACRP,2 weeks,0.05,2023-01-09 00:00:00+08:00,29958.82894736842,22148.648648648646,35.26,Banks - Diversified,Bank of America Corporation PFD SER B 7%,2023-01-09,
BACRP,2 weeks,0.05,2023-01-23 00:00:00+08:00,23583.988636363636,29958.82894736842,-21.28,Banks - Diversified,Bank of America Corporation PFD SER B 7%,2023-01-23,
BACRP,2 weeks,0.05,2023-02-06 00:00:00+08:00,17974.194915254237,23583.988636363636,-23.79,Banks - Diversified,Bank of America Corporation PFD SER B 7%,2023-02-06,
BACRP,2 weeks,0.05,2023-03-20 00:00:00+08:00,19363.556818181816,17959.384615384617,7.82,Banks - Diversified,Bank of America Corporation PFD SER B 7%,2023-03-20,
BACRP,2 weeks,0.05,2023-04-03 00:00:00+08:00,32248.17948717949,19363.556818181816,66.54,Banks - Diversified,Bank of America Corporation PFD SER B 7%,2023-04-03,
BACRP,2 weeks,0.05,2023-04-17 00:00:00+08:00,25998.097222222223,32248.17948717949,-19.38,Banks - Diversified,Bank of America Corporation PFD SER B 7%,2023-04-17,
BACRP,2 weeks,0.05,2023-05-01 00:00:00+08:00,22855.242424242424,25998.097222222223,-12.09,Banks - Diversified,Bank of America Corporation PFD SER B 7%,2023-05-01,
BACRP,2 weeks,0.05,2023-05-15 00:00:00+08:00,20892.770370370366,22855.242424242424,-8.59,Banks - Diversified,Bank of America Corporation PFD SER B 7%,2023-05-15,
BACRP,2 weeks,0.05,2023-05-29 00:00:00+08:00,19092.647058823528,20892.770370370366,-8.62,Banks - Diversified,Bank of America Corporation PFD SER B 7%,2023-05-29,
BACRP,2 weeks,0.05,2023-06-12 00:00:00+08:00,20646.217391304348,19092.647058823528,8.14,Banks - Diversified,Bank of America Corporation PFD SER B 7%,2023-06-12,
BACRP,2 weeks,0.05,2023-07-24 00:00:00+08:00,22080.40740740741,20163.666666666668,9.51,Banks - Diversified,Bank of America Corporation PFD SER B 7%,2023-07-24,
BACRP,2 weeks,0.05,2023-08-07 00:00:00+08:00,25000.0,22080.40740740741,13.22,Banks - Diversified,Bank of America Corporation PFD SER B 7%,2023-08-07,
BACRP,2 weeks,0.05,2023-08-21 00:00:00+08:00,21545.5,25000.0,-13.82,Banks - Diversified,Bank of America Corporation PFD SER B 7%,2023-08-21,
BACRP,2 weeks,0.05,2023-09-18 00:00:00+08:00,20820.0,22207.142857142855,-6.25,Banks - Diversified,Bank of America Corporation PFD SER B 7%,2023-09-18,
BACRP,2 weeks,0.05,2023-10-02 00:00:00+08:00,22295.2,20820.0,7.09,Banks - Diversified,Bank of America Corporation PFD SER B 7%,2023-10-02,
BACRP,2 weeks,0.05,2023-10-16 00:00:00+08:00,23605.93333333333,22295.2,5.88,Banks - Diversified,Bank of America Corporation PFD SER B 7%,2023-10-16,
BACRP,2 weeks,0.05,2023-11-13 00:00:00+08:00,21849.857142857145,23641.2,-7.58,Banks - Diversified,Bank of America Corporation PFD SER B 7%,2023-11-13,
BACRP,2 weeks,0.05,2023-12-11 00:00:00+08:00,24099.923076923074,22546.076923076926,6.89,Banks - Diversified,Bank of America Corporation PFD SER B 7%,2023-12-11,
BACRP,2 weeks,0.05,2024-01-08 00:00:00+08:00,30469.454545454544,24467.25,24.53,Banks - Diversified,Bank of America Corporation PFD SER B 7%,2024-01-08,
BACRP,2 weeks,0.05,2024-01-22 00:00:00+08:00,22976.0,30469.454545454544,-24.59,Banks - Diversified,Bank of America Corporation PFD SER B 7%,2024-01-22,
BACRP,2 weeks,0.05,2024-02-05 00:00:00+08:00,27250.0,22976.0,18.6,Banks - Diversified,Bank of America Corporation PFD SER B 7%,2024-02-05,
BACRP,2 weeks,0.05,2024-02-19 00:00:00+08:00,24510.0,27250.0,-10.06,Banks - Diversified,Bank of America Corporation PFD SER B 7%,2024-02-19,
BACRP,2 weeks,0.05,2024-03-04 00:00:00+08:00,20141.166666666668,24510.0,-17.82,Banks - Diversified,Bank of America Corporation PFD SER B 7%,2024-03-04,
BACRP,2 weeks,0.05,2024-03-18 00:00:00+08:00,19054.8,20141.166666666668,-5.39,Banks - Diversified,Bank of America Corporation PFD SER B 7%,2024-03-18,
BACRP,2 weeks,0.05,2024-04-01 00:00:00+08:00,24410.909090909092,19054.8,28.11,Banks - Diversified,Bank of America Corporation PFD SER B 7%,2024-04-01,
BACRP,2 weeks,0.05,2024-04-15 00:00:00+08:00,22022.428571428572,24410.909090909092,-9.78,Banks - Diversified,Bank of America Corporation PFD SER B 7%,2024-04-15,
BACRP,2 weeks,0.05,2024-04-29 00:00:00+08:00,19170.053571428572,22022.428571428572,-12.95,Banks - Diversified,Bank of America Corporation PFD SER B 7%,2024-04-29,
BACRP,2 weeks,0.05,2024-05-27 00:00:00+08:00,20173.0,18326.27906976744,10.08,Banks - Diversified,Bank of America Corporation PFD SER B 7%,2024-05-27,
BACRP,2 weeks,0.05,2024-07-22 00:00:00+08:00,21912.5,19077.083333333332,14.86,Banks - Diversified,Bank of America Corporation PFD SER B 7%,2024-07-22,
BACRP,1 week,0.1,2021-05-03 00:00:00+08:00,12000.0,10500.0,14.29,Banks - Diversified,Bank of America Corporation PFD SER B 7%,2021-05-03,
BACRP,1 week,0.1,2021-06-21 00:00:00+08:00,16900.0,12000.0,40.83,Banks - Diversified,Bank of America Corporation PFD SER B 7%,2021-06-21,
BACRP,1 week,0.1,2022-02-07 00:00:00+08:00,10113.666666666666,16900.0,-40.16,Banks - Diversified,Bank of America Corporation PFD SER B 7%,2022-02-07,
BACRP,1 week,0.1,2022-04-18 00:00:00+08:00,16250.0,11000.0,47.73,Banks - Diversified,Bank of America Corporation PFD SER B 7%,2022-04-18,
BACRP,1 week,0.1,2022-12-12 00:00:00+08:00,22627.777777777777,20116.666666666668,12.48,Banks - Diversified,Bank of America Corporation PFD SER B 7%,2022-12-12,
BACRP,1 week,0.1,2023-01-02 00:00:00+08:00,23646.315789473683,20567.777777777777,14.97,Banks - Diversified,Bank of America Corporation PFD SER B 7%,2023-01-02,
BACRP,1 week,0.1,2023-01-09 00:00:00+08:00,26646.07894736842,23646.315789473683,12.69,Banks - Diversified,Bank of America Corporation PFD SER B 7%,2023-01-09,
BACRP,1 week,0.1,2023-01-16 00:00:00+08:00,33271.57894736842,26646.07894736842,24.86,Banks - Diversified,Bank of America Corporation PFD SER B 7%,2023-01-16,
BACRP,1 week,0.1,2023-01-30 00:00:00+08:00,19571.29090909091,30271.818181818184,-35.35,Banks - Diversified,Bank of America Corporation PFD SER B 7%,2023-01-30,
BACRP,1 week,0.1,2023-02-06 00:00:00+08:00,16791.86666666667,19571.29090909091,-14.2,Banks - Diversified,Bank of America Corporation PFD SER B 7%,2023-02-06,
BACRP,1 week,0.1,2023-02-27 00:00:00+08:00,15257.882352941177,19506.408163265303,-21.78,Banks - Diversified,Bank of America Corporation PFD SER B 7%,2023-02-27,
BACRP,1 week,0.1,2023-03-06 00:00:00+08:00,18172.410256410258,15257.882352941177,19.1,Banks - Diversified,Bank of America Corporation PFD SER B 7%,2023-03-06,
BACRP,1 week,0.1,2023-03-27 00:00:00+08:00,21675.484848484848,17976.4,20.58,Banks - Diversified,Bank of America Corporation PFD SER B 7%,2023-03-27,
BACRP,1 week,0.1,2023-04-03 00:00:00+08:00,30199.02380952381,21675.484848484848,39.32,Banks - Diversified,Bank of America Corporation PFD SER B 7%,2023-04-03,
BACRP,1 week,0.1,2023-04-10 00:00:00+08:00,34638.86111111111,30199.02380952381,14.7,Banks - Diversified,Bank of America Corporation PFD SER B 7%,2023-04-10,
BACRP,1 week,0.1,2023-04-24 00:00:00+08:00,21055.195652173912,34743.230769230766,-39.4,Banks - Diversified,Bank of America Corporation PFD SER B 7%,2023-04-24,
BACRP,1 week,0.1,2023-05-01 00:00:00+08:00,25588.581818181818,21055.195652173912,21.53,Banks - Diversified,Bank of America Corporation PFD SER B 7%,2023-05-01,
BACRP,1 week,0.1,2023-05-08 00:00:00+08:00,20902.857142857145,25588.581818181818,-18.31,Banks - Diversified,Bank of America Corporation PFD SER B 7%,2023-05-08,
BACRP,1 week,0.1,2023-05-29 00:00:00+08:00,18890.08163265306,21612.127659574468,-12.59,Banks - Diversified,Bank of America Corporation PFD SER B 7%,2023-05-29,
BACRP,1 week,0.1,2023-08-07 00:00:00+08:00,25000.0,22491.071428571428,11.16,Banks - Diversified,Bank of America Corporation PFD SER B 7%,2023-08-07,
BACRP,1 week,0.1,2023-08-28 00:00:00+08:00,21545.5,25000.0,-13.82,Banks - Diversified,Bank of America Corporation PFD SER B 7%,2023-08-28,
BACRP,1 week,0.1,2023-10-16 00:00:00+08:00,24874.666666666668,21500.0,15.7,Banks - Diversified,Bank of America Corporation PFD SER B 7%,2023-10-16,
BACRP,1 week,0.1,2024-01-08 00:00:00+08:00,32068.222222222223,24453.6,31.14,Banks - Diversified,Bank of America Corporation PFD SER B 7%,2024-01-08,
BACRP,1 week,0.1,2024-01-15 00:00:00+08:00,23275.0,32068.222222222223,-27.42,Banks - Diversified,Bank of America Corporation PFD SER B 7%,2024-01-15,
BACRP,1 week,0.1,2024-01-22 00:00:00+08:00,26400.0,23275.0,13.43,Banks - Diversified,Bank of America Corporation PFD SER B 7%,2024-01-22,
BACRP,1 week,0.1,2024-01-29 00:00:00+08:00,21508.571428571428,26400.0,-18.53,Banks - Diversified,Bank of America Corporation PFD SER B 7%,2024-01-29,
BACRP,1 week,0.1,2024-02-05 00:00:00+08:00,28000.0,21508.571428571428,30.18,Banks - Diversified,Bank of America Corporation PFD SER B 7%,2024-02-05,
BACRP,1 week,0.1,2024-02-12 00:00:00+08:00,25000.0,28000.0,-10.71,Banks - Diversified,Bank of America Corporation PFD SER B 7%,2024-02-12,
BACRP,1 week,0.1,2024-03-04 00:00:00+08:00,19495.461538461535,24510.0,-20.46,Banks - Diversified,Bank of America Corporation PFD SER B 7%,2024-03-04,
BACRP,1 week,0.1,2024-03-11 00:00:00+08:00,21820.0,19495.461538461535,11.92,Banks - Diversified,Bank of America Corporation PFD SER B 7%,2024-03-11,
BACRP,1 week,0.1,2024-04-01 00:00:00+08:00,24480.0,18678.5,31.06,Banks - Diversified,Bank of America Corporation PFD SER B 7%,2024-04-01,
BACRP,1 week,0.1,2024-04-15 00:00:00+08:00,21631.4,24371.428571428572,-11.24,Banks - Diversified,Bank of America Corporation PFD SER B 7%,2024-04-15,
BACRP,1 week,0.1,2024-04-29 00:00:00+08:00,18999.814814814818,23000.0,-17.39,Banks - Diversified,Bank of America Corporation PFD SER B 7%,2024-04-29,
BACRP,1 week,0.1,2024-07-01 00:00:00+08:00,20997.75,18392.23076923077,14.17,Banks - Diversified,Bank of America Corporation PFD SER B 7%,2024-07-01,
BACRP,1 week,0.1,2024-07-29 00:00:00+08:00,21912.5,18803.125,16.54,Banks - Diversified,Bank of America Corporation PFD SER B 7%,2024-07-29,
BACRP,2 weeks,0.1,2021-05-03 00:00:00+08:00,12000.0,10500.0,14.29,Banks - Diversified,Bank of America Corporation PFD SER B 7%,2021-05-03,
BACRP,2 weeks,0.1,2021-06-14 00:00:00+08:00,16900.0,12000.0,40.83,Banks - Diversified,Bank of America Corporation PFD SER B 7%,2021-06-14,
BACRP,2 weeks,0.1,2022-02-07 00:00:00+08:00,10335.25,16900.0,-38.84,Banks - Diversified,Bank of America Corporation PFD SER B 7%,2022-02-07,
BACRP,2 weeks,0.1,2022-04-18 00:00:00+08:00,16250.0,10335.25,57.23,Banks - Diversified,Bank of America Corporation PFD SER B 7%,2022-04-18,
BACRP,2 weeks,0.1,2022-12-12 00:00:00+08:00,21853.486486486487,19370.625,12.82,Banks - Diversified,Bank of America Corporation PFD SER B 7%,2022-12-12,
BACRP,2 weeks,0.1,2023-01-09 00:00:00+08:00,29958.82894736842,22148.648648648646,35.26,Banks - Diversified,Bank of America Corporation PFD SER B 7%,2023-01-09,
BACRP,2 weeks,0.1,2023-01-23 00:00:00+08:00,23583.988636363636,29958.82894736842,-21.28,Banks - Diversified,Bank of America Corporation PFD SER B 7%,2023-01-23,
BACRP,2 weeks,0.1,2023-02-06 00:00:00+08:00,17974.194915254237,23583.988636363636,-23.79,Banks - Diversified,Bank of America Corporation PFD SER B 7%,2023-02-06,
BACRP,2 weeks,0.1,2023-04-03 00:00:00+08:00,32248.17948717949,19363.556818181816,66.54,Banks - Diversified,Bank of America Corporation PFD SER B 7%,2023-04-03,
BACRP,2 weeks,0.1,2023-04-17 00:00:00+08:00,25998.097222222223,32248.17948717949,-19.38,Banks - Diversified,Bank of America Corporation PFD SER B 7%,2023-04-17,
BACRP,2 weeks,0.1,2023-05-01 00:00:00+08:00,22855.242424242424,25998.097222222223,-12.09,Banks - Diversified,Bank of America Corporation PFD SER B 7%,2023-05-01,
BACRP,2 weeks,0.1,2023-08-07 00:00:00+08:00,25000.0,22080.40740740741,13.22,Banks - Diversified,Bank of America Corporation PFD SER B 7%,2023-08-07,
BACRP,2 weeks,0.1,2023-08-21 00:00:00+08:00,21545.5,25000.0,-13.82,Banks - Diversified,Bank of America Corporation PFD SER B 7%,2023-08-21,
BACRP,2 weeks,0.1,2024-01-08 00:00:00+08:00,30469.454545454544,24467.25,24.53,Banks - Diversified,Bank of America Corporation PFD SER B 7%,2024-01-08,
BACRP,2 weeks,0.1,2024-01-22 00:00:00+08:00,22976.0,30469.454545454544,-24.59,Banks - Diversified,Bank of America Corporation PFD SER B 7%,2024-01-22,
BACRP,2 weeks,0.1,2024-02-05 00:00:00+08:00,27250.0,22976.0,18.6,Banks - Diversified,Bank of America Corporation PFD SER B 7%,2024-02-05,
BACRP,2 weeks,0.1,2024-02-19 00:00:00+08:00,24510.0,27250.0,-10.06,Banks - Diversified,Bank of America Corporation PFD SER B 7%,2024-02-19,
BACRP,2 weeks,0.1,2024-03-04 00:00:00+08:00,20141.166666666668,24510.0,-17.82,Banks - Diversified,Bank of America Corporation PFD SER B 7%,2024-03-04,
BACRP,2 weeks,0.1,2024-04-01 00:00:00+08:00,24410.909090909092,19054.8,28.11,Banks - Diversified,Bank of America Corporation PFD SER B 7%,2024-04-01,
BACRP,2 weeks,0.1,2024-04-29 00:00:00+08:00,19170.053571428572,22022.428571428572,-12.95,Banks - Diversified,Bank of America Corporation PFD SER B 7%,2024-04-29,
BACRP,2 weeks,0.1,2024-05-27 00:00:00+08:00,20173.0,18326.27906976744,10.08,Banks - Diversified,Bank of America Corporation PFD SER B 7%,2024-05-27,
BACRP,2 weeks,0.1,2024-07-22 00:00:00+08:00,21912.5,19077.083333333332,14.86,Banks - Diversified,Bank of America Corporation PFD SER B 7%,2024-07-22,
BACRP,1 week,0.15,2021-06-21 00:00:00+08:00,16900.0,12000.0,40.83,Banks - Diversified,Bank of America Corporation PFD SER B 7%,2021-06-21,
BACRP,1 week,0.15,2022-02-07 00:00:00+08:00,10113.666666666666,16900.0,-40.16,Banks - Diversified,Bank of America Corporation PFD SER B 7%,2022-02-07,
BACRP,1 week,0.15,2022-04-18 00:00:00+08:00,16250.0,11000.0,47.73,Banks - Diversified,Bank of America Corporation PFD SER B 7%,2022-04-18,
BACRP,1 week,0.15,2023-01-16 00:00:00+08:00,33271.57894736842,26646.07894736842,24.86,Banks - Diversified,Bank of America Corporation PFD SER B 7%,2023-01-16,
BACRP,1 week,0.15,2023-01-30 00:00:00+08:00,19571.29090909091,30271.818181818184,-35.35,Banks - Diversified,Bank of America Corporation PFD SER B 7%,2023-01-30,
BACRP,1 week,0.15,2023-02-27 00:00:00+08:00,15257.882352941177,19506.408163265303,-21.78,Banks - Diversified,Bank of America Corporation PFD SER B 7%,2023-02-27,
BACRP,1 week,0.15,2023-03-06 00:00:00+08:00,18172.410256410258,15257.882352941177,19.1,Banks - Diversified,Bank of America Corporation PFD SER B 7%,2023-03-06,
BACRP,1 week,0.15,2023-03-27 00:00:00+08:00,21675.484848484848,17976.4,20.58,Banks - Diversified,Bank of America Corporation PFD SER B 7%,2023-03-27,
BACRP,1 week,0.15,2023-04-03 00:00:00+08:00,30199.02380952381,21675.484848484848,39.32,Banks - Diversified,Bank of America Corporation PFD SER B 7%,2023-04-03,
BACRP,1 week,0.15,2023-04-24 00:00:00+08:00,21055.195652173912,34743.230769230766,-39.4,Banks - Diversified,Bank of America Corporation PFD SER B 7%,2023-04-24,
BACRP,1 week,0.15,2023-05-01 00:00:00+08:00,25588.581818181818,21055.195652173912,21.53,Banks - Diversified,Bank of America Corporation PFD SER B 7%,2023-05-01,
BACRP,1 week,0.15,2023-05-08 00:00:00+08:00,20902.857142857145,25588.581818181818,-18.31,Banks - Diversified,Bank of America Corporation PFD SER B 7%,2023-05-08,
BACRP,1 week,0.15,2023-10-16 00:00:00+08:00,24874.666666666668,21500.0,15.7,Banks - Diversified,Bank of America Corporation PFD SER B 7%,2023-10-16,
BACRP,1 week,0.15,2024-01-08 00:00:00+08:00,32068.222222222223,24453.6,31.14,Banks - Diversified,Bank of America Corporation PFD SER B 7%,2024-01-08,
BACRP,1 week,0.15,2024-01-15 00:00:00+08:00,23275.0,32068.222222222223,-27.42,Banks - Diversified,Bank of America Corporation PFD SER B 7%,2024-01-15,
BACRP,1 week,0.15,2024-01-29 00:00:00+08:00,21508.571428571428,26400.0,-18.53,Banks - Diversified,Bank of America Corporation PFD SER B 7%,2024-01-29,
BACRP,1 week,0.15,2024-02-05 00:00:00+08:00,28000.0,21508.571428571428,30.18,Banks - Diversified,Bank of America Corporation PFD SER B 7%,2024-02-05,
BACRP,1 week,0.15,2024-03-04 00:00:00+08:00,19495.461538461535,24510.0,-20.46,Banks - Diversified,Bank of America Corporation PFD SER B 7%,2024-03-04,
BACRP,1 week,0.15,2024-04-01 00:00:00+08:00,24480.0,18678.5,31.06,Banks - Diversified,Bank of America Corporation PFD SER B 7%,2024-04-01,
BACRP,1 week,0.15,2024-04-29 00:00:00+08:00,18999.814814814818,23000.0,-17.39,Banks - Diversified,Bank of America Corporation PFD SER B 7%,2024-04-29,
BACRP,1 week,0.15,2024-07-29 00:00:00+08:00,21912.5,18803.125,16.54,Banks - Diversified,Bank of America Corporation PFD SER B 7%,2024-07-29,
BACRP,2 weeks,0.15,2021-06-14 00:00:00+08:00,16900.0,12000.0,40.83,Banks - Diversified,Bank of America Corporation PFD SER B 7%,2021-06-14,
BACRP,2 weeks,0.15,2022-02-07 00:00:00+08:00,10335.25,16900.0,-38.84,Banks - Diversified,Bank of America Corporation PFD SER B 7%,2022-02-07,
BACRP,2 weeks,0.15,2022-04-18 00:00:00+08:00,16250.0,10335.25,57.23,Banks - Diversified,Bank of America Corporation PFD SER B 7%,2022-04-18,
BACRP,2 weeks,0.15,2023-01-09 00:00:00+08:00,29958.82894736842,22148.648648648646,35.26,Banks - Diversified,Bank of America Corporation PFD SER B 7%,2023-01-09,
BACRP,2 weeks,0.15,2023-01-23 00:00:00+08:00,23583.988636363636,29958.82894736842,-21.28,Banks - Diversified,Bank of America Corporation PFD SER B 7%,2023-01-23,
BACRP,2 weeks,0.15,2023-02-06 00:00:00+08:00,17974.194915254237,23583.988636363636,-23.79,Banks - Diversified,Bank of America Corporation PFD SER B 7%,2023-02-06,
BACRP,2 weeks,0.15,2023-04-03 00:00:00+08:00,32248.17948717949,19363.556818181816,66.54,Banks - Diversified,Bank of America Corporation PFD SER B 7%,2023-04-03,
BACRP,2 weeks,0.15,2023-04-17 00:00:00+08:00,25998.097222222223,32248.17948717949,-19.38,Banks - Diversified,Bank of America Corporation PFD SER B 7%,2023-04-17,
BACRP,2 weeks,0.15,2024-01-08 00:00:00+08:00,30469.454545454544,24467.25,24.53,Banks - Diversified,Bank of America Corporation PFD SER B 7%,2024-01-08,
BACRP,2 weeks,0.15,2024-01-22 00:00:00+08:00,22976.0,30469.454545454544,-24.59,Banks - Diversified,Bank of America Corporation PFD SER B 7%,2024-01-22,
BACRP,2 weeks,0.15,2024-02-05 00:00:00+08:00,27250.0,22976.0,18.6,Banks - Diversified,Bank of America Corporation PFD SER B 7%,2024-02-05,
BACRP,2 weeks,0.15,2024-03-04 00:00:00+08:00,20141.166666666668,24510.0,-17.82,Banks - Diversified,Bank of America Corporation PFD SER B 7%,2024-03-04,
BACRP,2 weeks,0.15,2024-04-01 00:00:00+08:00,24410.909090909092,19054.8,28.11,Banks - Diversified,Bank of America Corporation PFD SER B 7%,2024-04-01,
COST,1 week,0.05,2015-02-02 00:00:00+08:00,14915.860982391105,14168.7765,5.27,Discount Stores,Costco Wholesale Corporation,2015-02-02,
COST,1 week,0.05,2017-03-06 00:00:00+08:00,16655.423807080555,17555.09963099631,-5.12,Discount Stores,Costco Wholesale Corporation,2017-03-06,
COST,1 week,0.05,2017-06-19 00:00:00+08:00,16187.336226587484,17755.013527054107,-8.83,Discount Stores,Costco Wholesale Corporation,2017-06-19,
COST,1 week,0.05,2017-12-04 00:00:00+08:00,18775.331285202254,17796.869894099847,5.5,Discount Stores,Costco Wholesale Corporation,2017-12-04,
COST,1 week,0.05,2018-02-05 00:00:00+08:00,18330.763806706113,19593.26970954357,-6.44,Discount Stores,Costco Wholesale Corporation,2018-02-05,
COST,1 week,0.05,2018-12-17 00:00:00+08:00,20145.33300248139,22223.021769337654,-9.35,Discount Stores,Costco Wholesale Corporation,2018-12-17,
COST,1 week,0.05,2019-03-11 00:00:00+08:00,23320.757207890743,22087.075249320034,5.59,Discount Stores,Costco Wholesale Corporation,2019-03-11,
COST,1 week,0.05,2019-08-26 00:00:00+08:00,29027.014370664023,27625.309322033896,5.07,Discount Stores,Costco Wholesale Corporation,2019-08-26,
COST,1 week,0.05,2020-02-24 00:00:00+08:00,30244.595307917887,32282.762389680924,-6.31,Discount Stores,Costco Wholesale Corporation,2020-02-24,
COST,1 week,0.05,2020-04-06 00:00:00+08:00,30211.147286821702,28752.047277936963,5.07,Discount Stores,Costco Wholesale Corporation,2020-04-06,
COST,1 week,0.05,2020-07-06 00:00:00+08:00,31849.12721893491,30321.079573934836,5.04,Discount Stores,Costco Wholesale Corporation,2020-07-06,
COST,1 week,0.05,2021-03-01 00:00:00+08:00,32398.10926258993,34105.48733233979,-5.01,Discount Stores,Costco Wholesale Corporation,2021-03-01,
COST,1 week,0.05,2022-01-10 00:00:00+08:00,51623.32681420484,55454.47893915757,-6.91,Discount Stores,Costco Wholesale Corporation,2022-01-10,
COST,1 week,0.05,2022-01-31 00:00:00+08:00,51212.39233484619,48294.418245264205,6.04,Discount Stores,Costco Wholesale Corporation,2022-01-31,
COST,1 week,0.05,2022-04-25 00:00:00+08:00,55658.7537993921,59179.93132154006,-5.95,Discount Stores,Costco Wholesale Corporation,2022-04-25,
COST,1 week,0.05,2022-05-02 00:00:00+08:00,52282.816004077475,55658.7537993921,-6.07,Discount Stores,Costco Wholesale Corporation,2022-05-02,
COST,1 week,0.05,2022-05-09 00:00:00+08:00,49641.141579731746,52282.816004077475,-5.05,Discount Stores,Costco Wholesale Corporation,2022-05-09,
COST,1 week,0.05,2022-05-16 00:00:00+08:00,44945.27680221811,49641.141579731746,-9.46,Discount Stores,Costco Wholesale Corporation,2022-05-16,
COST,1 week,0.05,2022-05-30 00:00:00+08:00,47064.02331288344,44553.25109553024,5.64,Discount Stores,Costco Wholesale Corporation,2022-05-30,
COST,1 week,0.05,2022-10-24 00:00:00+08:00,49935.71038824764,46934.6613672496,6.39,Discount Stores,Costco Wholesale Corporation,2022-10-24,
COST,1 week,0.05,2022-12-05 00:00:00+08:00,48328.23173173173,51730.173935351464,-6.58,Discount Stores,Costco Wholesale Corporation,2022-12-05,
COST,1 week,0.05,2023-12-18 00:00:00+08:00,67030.07647983238,63626.46640889318,5.35,Discount Stores,Costco Wholesale Corporation,2023-12-18,
COST,1 week,0.05,2024-05-06 00:00:00+08:00,76851.3865030675,72793.060625,5.58,Discount Stores,Costco Wholesale Corporation,2024-05-06,
COST,2 weeks,0.05,2014-10-27 00:00:00+08:00,13394.58987012987,12750.236377396568,5.05,Discount Stores,Costco Wholesale Corporation,2014-10-27,
COST,2 weeks,0.05,2015-02-02 00:00:00+08:00,14838.8512857836,14095.897551365044,5.27,Discount Stores,Costco Wholesale Corporation,2015-02-02,
COST,2 weeks,0.05,2016-05-30 00:00:00+08:00,15199.559164077944,14447.856794340085,5.2,Discount Stores,Costco Wholesale Corporation,2016-05-30,
COST,2 weeks,0.05,2016-07-11 00:00:00+08:00,16702.81806213797,15757.157968574636,6.0,Discount Stores,Costco Wholesale Corporation,2016-07-11,
COST,2 weeks,0.05,2016-09-05 00:00:00+08:00,15284.527738665163,16351.05959752322,-6.52,Discount Stores,Costco Wholesale Corporation,2016-09-05,
COST,2 weeks,0.05,2016-12-12 00:00:00+08:00,16169.054914036438,15306.90256665836,5.63,Discount Stores,Costco Wholesale Corporation,2016-12-12,
COST,2 weeks,0.05,2017-03-06 00:00:00+08:00,16628.418383110195,17594.877989130437,-5.49,Discount Stores,Costco Wholesale Corporation,2017-03-06,
COST,2 weeks,0.05,2017-06-12 00:00:00+08:00,16935.026523297493,18065.792914746544,-6.26,Discount Stores,Costco Wholesale Corporation,2017-06-12,
COST,2 weeks,0.05,2017-06-26 00:00:00+08:00,15889.662674094709,16935.026523297493,-6.17,Discount Stores,Costco Wholesale Corporation,2017-06-26,
COST,2 weeks,0.05,2017-11-27 00:00:00+08:00,18282.37169715447,17160.319550015203,6.54,Discount Stores,Costco Wholesale Corporation,2017-11-27,
COST,2 weeks,0.05,2018-02-05 00:00:00+08:00,18494.57552148781,19560.125910509887,-5.45,Discount Stores,Costco Wholesale Corporation,2018-02-05,
COST,2 weeks,0.05,2018-04-16 00:00:00+08:00,19472.956046814044,18539.29670899197,5.04,Discount Stores,Costco Wholesale Corporation,2018-04-16,
COST,2 weeks,0.05,2018-12-10 00:00:00+08:00,21220.016770483948,22752.426449985993,-6.74,Discount Stores,Costco Wholesale Corporation,2018-12-10,
COST,2 weeks,0.05,2018-12-24 00:00:00+08:00,20031.091151919863,21220.016770483948,-5.6,Discount Stores,Costco Wholesale Corporation,2018-12-24,
COST,2 weeks,0.05,2019-03-18 00:00:00+08:00,23837.126749405863,22670.147023667225,5.15,Discount Stores,Costco Wholesale Corporation,2019-03-18,
COST,2 weeks,0.05,2019-06-10 00:00:00+08:00,26108.89789473684,24485.506097560978,6.63,Discount Stores,Costco Wholesale Corporation,2019-06-10,
COST,2 weeks,0.05,2020-04-13 00:00:00+08:00,30971.594717887157,29452.806403574086,5.16,Discount Stores,Costco Wholesale Corporation,2020-04-13,
COST,2 weeks,0.05,2020-07-06 00:00:00+08:00,32233.85725,30124.110678531702,7.0,Discount Stores,Costco Wholesale Corporation,2020-07-06,
COST,2 weeks,0.05,2020-10-12 00:00:00+08:00,37819.781023784904,35789.59564777328,5.67,Discount Stores,Costco Wholesale Corporation,2020-10-12,
COST,2 weeks,0.05,2021-02-22 00:00:00+08:00,33209.2851073873,35563.669612314705,-6.62,Discount Stores,Costco Wholesale Corporation,2021-02-22,
COST,2 weeks,0.05,2021-03-22 00:00:00+08:00,34671.93202542139,32503.610392778726,6.67,Discount Stores,Costco Wholesale Corporation,2021-03-22,
COST,2 weeks,0.05,2021-10-18 00:00:00+08:00,47960.562278550016,44887.480286738355,6.85,Discount Stores,Costco Wholesale Corporation,2021-10-18,
COST,2 weeks,0.05,2021-11-01 00:00:00+08:00,50606.25093432995,47960.562278550016,5.52,Discount Stores,Costco Wholesale Corporation,2021-11-01,
COST,2 weeks,0.05,2021-11-15 00:00:00+08:00,53447.89652956298,50606.25093432995,5.62,Discount Stores,Costco Wholesale Corporation,2021-11-15,
COST,2 weeks,0.05,2022-01-10 00:00:00+08:00,50479.19100169779,55907.39701744514,-9.71,Discount Stores,Costco Wholesale Corporation,2022-01-10,
COST,2 weeks,0.05,2022-03-21 00:00:00+08:00,56405.90313085362,53613.8912601626,5.21,Discount Stores,Costco Wholesale Corporation,2022-03-21,
COST,2 weeks,0.05,2022-05-02 00:00:00+08:00,50945.03220125786,57395.84394250513,-11.24,Discount Stores,Costco Wholesale Corporation,2022-05-02,
COST,2 weeks,0.05,2022-05-16 00:00:00+08:00,44744.06162843005,50945.03220125786,-12.17,Discount Stores,Costco Wholesale Corporation,2022-05-16,
COST,2 weeks,0.05,2022-05-30 00:00:00+08:00,47078.21587475968,44744.06162843005,5.22,Discount Stores,Costco Wholesale Corporation,2022-05-30,
COST,2 weeks,0.05,2022-06-27 00:00:00+08:00,48436.080436656135,46004.34640522876,5.29,Discount Stores,Costco Wholesale Corporation,2022-06-27,
COST,2 weeks,0.05,2022-07-11 00:00:00+08:00,51392.03761917032,48436.080436656135,6.1,Discount Stores,Costco Wholesale Corporation,2022-07-11,
COST,2 weeks,0.05,2022-09-19 00:00:00+08:00,48567.402547770704,51941.88442969222,-6.5,Discount Stores,Costco Wholesale Corporation,2022-09-19,
COST,2 weeks,0.05,2022-11-14 00:00:00+08:00,52456.72310630172,49566.502396166135,5.83,Discount Stores,Costco Wholesale Corporation,2022-11-14,
COST,2 weeks,0.05,2022-12-12 00:00:00+08:00,46826.024325046776,50008.08614137319,-6.36,Discount Stores,Costco Wholesale Corporation,2022-12-12,
COST,2 weeks,0.05,2023-12-11 00:00:00+08:00,65259.82277526395,59957.42320408777,8.84,Discount Stores,Costco Wholesale Corporation,2023-12-11,
COST,2 weeks,0.05,2024-05-13 00:00:00+08:00,79484.48154093098,74841.07027863778,6.2,Discount Stores,Costco Wholesale Corporation,2024-05-13,
COST,2 weeks,0.1,2022-05-02 00:00:00+08:00,50945.03220125786,57395.84394250513,-11.24,Discount Stores,Costco Wholesale Corporation,2022-05-02,
COST,2 weeks,0.1,2022-05-16 00:00:00+08:00,44744.06162843005,50945.03220125786,-12.17,Discount Stores,Costco Wholesale Corporation,2022-05-16,
CRM,1 week,0.05,2014-04-28 00:00:00+08:00,5116.148277583625,5524.154701718908,-7.39,Software - Application,"Salesforce, Inc.",2014-04-28,
CRM,1 week,0.05,2014-06-16 00:00:00+08:00,5664.698829039813,5282.706957846623,7.23,Software - Application,"Salesforce, Inc.",2014-06-16,
CRM,1 week,0.05,2014-07-07 00:00:00+08:00,5516.723704076498,5867.806107954546,-5.98,Software - Application,"Salesforce, Inc.",2014-07-07,
CRM,1 week,0.05,2014-08-25 00:00:00+08:00,5915.483114446529,5601.86940142319,5.6,Software - Application,"Salesforce, Inc.",2014-08-25,
CRM,1 week,0.05,2014-10-13 00:00:00+08:00,5355.726,5735.99746578814,-6.63,Software - Application,"Salesforce, Inc.",2014-10-13,
CRM,1 week,0.05,2014-10-20 00:00:00+08:00,5729.375939849624,5355.726,6.98,Software - Application,"Salesforce, Inc.",2014-10-20,
CRM,1 week,0.05,2014-10-27 00:00:00+08:00,6116.784623217923,5729.375939849624,6.76,Software - Application,"Salesforce, Inc.",2014-10-27,
CRM,1 week,0.05,2014-11-17 00:00:00+08:00,6042.351715154146,6361.431211498973,-5.02,Software - Application,"Salesforce, Inc.",2014-11-17,
CRM,1 week,0.05,2014-12-08 00:00:00+08:00,5590.180303030304,5898.762600806451,-5.23,Software - Application,"Salesforce, Inc.",2014-12-08,
CRM,1 week,0.05,2014-12-22 00:00:00+08:00,6043.9567448680355,5711.833824975418,5.81,Software - Application,"Salesforce, Inc.",2014-12-22,
CRM,1 week,0.05,2015-02-23 00:00:00+08:00,6602.966841892438,6270.565217391304,5.3,Software - Application,"Salesforce, Inc.",2015-02-23,
CRM,1 week,0.05,2015-10-05 00:00:00+08:00,7476.326747720364,7047.582997987927,6.08,Software - Application,"Salesforce, Inc.",2015-10-05,
CRM,1 week,0.05,2016-02-01 00:00:00+08:00,6460.545200372786,6836.675675675675,-5.5,Software - Application,"Salesforce, Inc.",2016-02-01,
CRM,1 week,0.05,2016-02-08 00:00:00+08:00,5771.565928777671,6460.545200372786,-10.66,Software - Application,"Salesforce, Inc.",2016-02-08,
CRM,1 week,0.05,2016-02-15 00:00:00+08:00,6160.68375,5771.565928777671,6.74,Software - Application,"Salesforce, Inc.",2016-02-15,
CRM,1 week,0.05,2016-02-22 00:00:00+08:00,6558.484706881904,6160.68375,6.46,Software - Application,"Salesforce, Inc.",2016-02-22,
CRM,1 week,0.05,2016-02-29 00:00:00+08:00,6977.519727228447,6558.484706881904,6.39,Software - Application,"Salesforce, Inc.",2016-02-29,
CRM,1 week,0.05,2016-11-28 00:00:00+08:00,7101.069457221711,7515.412491420728,-5.51,Software - Application,"Salesforce, Inc.",2016-11-28,
CRM,1 week,0.05,2018-03-05 00:00:00+08:00,12474.9918699187,11806.131885806191,5.67,Software - Application,"Salesforce, Inc.",2018-03-05,
CRM,1 week,0.05,2018-05-07 00:00:00+08:00,12892.620723847298,12275.753932014206,5.03,Software - Application,"Salesforce, Inc.",2018-05-07,
CRM,1 week,0.05,2018-07-30 00:00:00+08:00,13920.137370753324,14700.721674876848,-5.31,Software - Application,"Salesforce, Inc.",2018-07-30,
CRM,1 week,0.05,2018-10-08 00:00:00+08:00,14460.40855855856,15747.19617459539,-8.17,Software - Application,"Salesforce, Inc.",2018-10-08,
CRM,1 week,0.05,2018-11-19 00:00:00+08:00,12240.539449541284,13156.716332378224,-6.96,Software - Application,"Salesforce, Inc.",2018-11-19,
CRM,1 week,0.05,2018-11-26 00:00:00+08:00,13454.2631990614,12240.539449541284,9.92,Software - Application,"Salesforce, Inc.",2018-11-26,
CRM,1 week,0.05,2018-12-17 00:00:00+08:00,13037.530593180756,13915.001809954752,-6.31,Software - Application,"Salesforce, Inc.",2018-12-17,
CRM,1 week,0.05,2019-01-07 00:00:00+08:00,14506.446311858075,13517.91281451141,7.31,Software - Application,"Salesforce, Inc.",2019-01-07,
CRM,1 week,0.05,2019-08-05 00:00:00+08:00,14260.489545454544,15431.11282283643,-7.59,Software - Application,"Salesforce, Inc.",2019-08-05,
CRM,1 week,0.05,2019-10-28 00:00:00+08:00,15618.266208251473,14567.664953271027,7.21,Software - Application,"Salesforce, Inc.",2019-10-28,
CRM,1 week,0.05,2020-01-06 00:00:00+08:00,17623.27620783956,16435.395731707315,7.23,Software - Application,"Salesforce, Inc.",2020-01-06,
CRM,1 week,0.05,2020-02-24 00:00:00+08:00,17761.143747565253,19133.36419001218,-7.17,Software - Application,"Salesforce, Inc.",2020-02-24,
CRM,1 week,0.05,2020-03-09 00:00:00+08:00,14995.72192513369,17014.18805002316,-11.86,Software - Application,"Salesforce, Inc.",2020-03-09,
CRM,1 week,0.05,2020-03-16 00:00:00+08:00,13384.441743119267,14995.72192513369,-10.74,Software - Application,"Salesforce, Inc.",2020-03-16,
CRM,1 week,0.05,2020-03-23 00:00:00+08:00,14865.934373565857,13384.441743119267,11.07,Software - Application,"Salesforce, Inc.",2020-03-23,
CRM,1 week,0.05,2020-03-30 00:00:00+08:00,14016.424487851358,14865.934373565857,-5.71,Software - Application,"Salesforce, Inc.",2020-03-30,
CRM,1 week,0.05,2020-04-06 00:00:00+08:00,14864.81253627394,14016.424487851358,6.05,Software - Application,"Salesforce, Inc.",2020-04-06,
CRM,1 week,0.05,2020-04-13 00:00:00+08:00,15642.195424213536,14864.81253627394,5.23,Software - Application,"Salesforce, Inc.",2020-04-13,
CRM,1 week,0.05,2020-07-06 00:00:00+08:00,19864.977582846004,18816.767726161368,5.57,Software - Application,"Salesforce, Inc.",2020-07-06,
CRM,1 week,0.05,2020-07-13 00:00:00+08:00,18843.088457899717,19864.977582846004,-5.14,Software - Application,"Salesforce, Inc.",2020-07-13,
CRM,1 week,0.05,2020-08-03 00:00:00+08:00,20290.870315581855,19164.166829745594,5.88,Software - Application,"Salesforce, Inc.",2020-08-03,
CRM,1 week,0.05,2020-08-24 00:00:00+08:00,24710.19581280788,20384.17751196172,21.22,Software - Application,"Salesforce, Inc.",2020-08-24,
CRM,1 week,0.05,2020-08-31 00:00:00+08:00,26722.78149205055,24710.19581280788,8.14,Software - Application,"Salesforce, Inc.",2020-08-31,
CRM,1 week,0.05,2020-09-07 00:00:00+08:00,24815.06779661017,26722.78149205055,-7.14,Software - Application,"Salesforce, Inc.",2020-09-07,
CRM,1 week,0.05,2020-10-26 00:00:00+08:00,24041.7628959276,25348.116313454902,-5.15,Software - Application,"Salesforce, Inc.",2020-10-26,
CRM,1 week,0.05,2020-11-30 00:00:00+08:00,22991.922820823245,25512.887877063175,-9.88,Software - Application,"Salesforce, Inc.",2020-11-30,
CRM,1 week,0.05,2021-02-22 00:00:00+08:00,23285.190972222223,24720.69162011173,-5.81,Software - Application,"Salesforce, Inc.",2021-02-22,
CRM,1 week,0.05,2021-03-01 00:00:00+08:00,21144.682386134624,23285.190972222223,-9.19,Software - Application,"Salesforce, Inc.",2021-03-01,
CRM,1 week,0.05,2021-05-03 00:00:00+08:00,21885.362215909092,23436.311601150526,-6.62,Software - Application,"Salesforce, Inc.",2021-05-03,
CRM,1 week,0.05,2021-05-24 00:00:00+08:00,23114.178994687372,21962.60998151571,5.24,Software - Application,"Salesforce, Inc.",2021-05-24,
CRM,1 week,0.05,2021-08-23 00:00:00+08:00,26455.37051331532,25154.34474560152,5.17,Software - Application,"Salesforce, Inc.",2021-08-23,
CRM,1 week,0.05,2021-11-29 00:00:00+08:00,27049.373989713447,29147.452081956377,-7.2,Software - Application,"Salesforce, Inc.",2021-11-29,
CRM,1 week,0.05,2022-01-03 00:00:00+08:00,23839.89003436426,25598.442021803767,-6.87,Software - Application,"Salesforce, Inc.",2022-01-03,
CRM,1 week,0.05,2022-02-14 00:00:00+08:00,20586.47899159664,21715.330765527204,-5.2,Software - Application,"Salesforce, Inc.",2022-02-14,
CRM,1 week,0.05,2022-02-28 00:00:00+08:00,20862.496532027744,19773.005592841164,5.51,Software - Application,"Salesforce, Inc.",2022-02-28,
CRM,1 week,0.05,2022-04-11 00:00:00+08:00,19476.59623307828,20572.088080421257,-5.33,Software - Application,"Salesforce, Inc.",2022-04-11,
CRM,1 week,0.05,2022-04-18 00:00:00+08:00,18418.736942980355,19476.59623307828,-5.43,Software - Application,"Salesforce, Inc.",2022-04-18,
CRM,1 week,0.05,2022-05-09 00:00:00+08:00,16475.61090573013,17501.6618635927,-5.86,Software - Application,"Salesforce, Inc.",2022-05-09,
CRM,1 week,0.05,2022-05-30 00:00:00+08:00,17695.17983043284,16004.36680613668,10.56,Software - Application,"Salesforce, Inc.",2022-05-30,
CRM,1 week,0.05,2022-06-06 00:00:00+08:00,18589.263409961688,17695.17983043284,5.05,Software - Application,"Salesforce, Inc.",2022-06-06,
CRM,1 week,0.05,2022-06-13 00:00:00+08:00,16511.445677300046,18589.263409961688,-11.18,Software - Application,"Salesforce, Inc.",2022-06-13,
CRM,1 week,0.05,2022-07-18 00:00:00+08:00,17807.87788131437,16645.972128784237,6.98,Software - Application,"Salesforce, Inc.",2022-07-18,
CRM,1 week,0.05,2022-08-01 00:00:00+08:00,18702.292156862743,17783.57536852116,5.17,Software - Application,"Salesforce, Inc.",2022-08-01,
CRM,1 week,0.05,2022-08-22 00:00:00+08:00,17311.961730449253,18759.57121879589,-7.72,Software - Application,"Salesforce, Inc.",2022-08-22,
CRM,1 week,0.05,2022-08-29 00:00:00+08:00,15767.452972493344,17311.961730449253,-8.92,Software - Application,"Salesforce, Inc.",2022-08-29,
CRM,1 week,0.05,2022-09-19 00:00:00+08:00,14987.18703784254,15820.064606741573,-5.26,Software - Application,"Salesforce, Inc.",2022-09-19,
CRM,1 week,0.05,2022-10-10 00:00:00+08:00,14372.974580335733,15280.071121718376,-5.94,Software - Application,"Salesforce, Inc.",2022-10-10,
CRM,1 week,0.05,2022-10-17 00:00:00+08:00,15441.480537534753,14372.974580335733,7.43,Software - Application,"Salesforce, Inc.",2022-10-17,
CRM,1 week,0.05,2022-10-31 00:00:00+08:00,15278.308357348704,16175.491470723837,-5.55,Software - Application,"Salesforce, Inc.",2022-10-31,
CRM,1 week,0.05,2022-12-05 00:00:00+08:00,13269.778467908904,14949.365705614568,-11.24,Software - Application,"Salesforce, Inc.",2022-12-05,
CRM,1 week,0.05,2023-01-02 00:00:00+08:00,13735.557639271923,13068.202260559192,5.11,Software - Application,"Salesforce, Inc.",2023-01-02,
CRM,1 week,0.05,2023-01-09 00:00:00+08:00,14701.99294221438,13735.557639271923,7.04,Software - Application,"Salesforce, Inc.",2023-01-09,
CRM,1 week,0.05,2023-01-23 00:00:00+08:00,15845.182156133827,14736.842799770511,7.52,Software - Application,"Salesforce, Inc.",2023-01-23,
CRM,1 week,0.05,2023-01-30 00:00:00+08:00,16975.232208029196,15845.182156133827,7.13,Software - Application,"Salesforce, Inc.",2023-01-30,
CRM,1 week,0.05,2023-02-27 00:00:00+08:00,17696.584460765363,16259.035608308604,8.84,Software - Application,"Salesforce, Inc.",2023-02-27,
CRM,1 week,0.05,2023-07-10 00:00:00+08:00,22301.05149425287,21116.415342087075,5.61,Software - Application,"Salesforce, Inc.",2023-07-10,
CRM,1 week,0.05,2023-08-28 00:00:00+08:00,22175.444186046512,20918.667676003028,6.01,Software - Application,"Salesforce, Inc.",2023-08-28,
CRM,1 week,0.05,2023-11-27 00:00:00+08:00,23959.430941358023,22429.35629784273,6.82,Software - Application,"Salesforce, Inc.",2023-11-27,
CRM,1 week,0.05,2024-02-26 00:00:00+08:00,31579.47529411765,28651.460431654676,10.22,Software - Application,"Salesforce, Inc.",2024-02-26,
CRM,1 week,0.05,2024-04-15 00:00:00+08:00,27547.97976470588,29937.895634721524,-7.98,Software - Application,"Salesforce, Inc.",2024-04-15,
CRM,1 week,0.05,2024-05-27 00:00:00+08:00,23954.14210526316,28149.01425061425,-14.9,Software - Application,"Salesforce, Inc.",2024-05-27,
CRM,2 weeks,0.05,2014-03-17 00:00:00+08:00,5735.836341161928,6117.374234573716,-6.24,Software - Application,"Salesforce, Inc.",2014-03-17,
CRM,2 weeks,0.05,2014-04-28 00:00:00+08:00,5132.67560854446,5503.694701429773,-6.74,Software - Application,"Salesforce, Inc.",2014-04-28,
CRM,2 weeks,0.05,2014-06-23 00:00:00+08:00,5798.327180708544,5481.4283625731,5.78,Software - Application,"Salesforce, Inc.",2014-06-23,
CRM,2 weeks,0.05,2014-07-07 00:00:00+08:00,5456.657610062893,5798.327180708544,-5.89,Software - Application,"Salesforce, Inc.",2014-07-07,
CRM,2 weeks,0.05,2014-08-18 00:00:00+08:00,5749.762441937624,5394.238203381276,6.59,Software - Application,"Salesforce, Inc.",2014-08-18,
CRM,2 weeks,0.05,2014-10-27 00:00:00+08:00,6229.6580416032475,5542.317146433042,12.4,Software - Application,"Salesforce, Inc.",2014-10-27,
CRM,2 weeks,0.05,2014-12-22 00:00:00+08:00,6006.220814789456,5651.825361235675,6.27,Software - Application,"Salesforce, Inc.",2014-12-22,
CRM,2 weeks,0.05,2015-02-16 00:00:00+08:00,6474.189001733961,5911.66437659033,9.52,Software - Application,"Salesforce, Inc.",2015-02-16,
CRM,2 weeks,0.05,2015-04-27 00:00:00+08:00,7173.5287912087915,6738.158234383066,6.46,Software - Application,"Salesforce, Inc.",2015-04-27,
CRM,2 weeks,0.05,2015-10-12 00:00:00+08:00,7720.310797174571,7261.1973750631,6.32,Software - Application,"Salesforce, Inc.",2015-10-12,
CRM,2 weeks,0.05,2016-01-11 00:00:00+08:00,7153.807347167694,7565.678195488722,-5.44,Software - Application,"Salesforce, Inc.",2016-01-11,
CRM,2 weeks,0.05,2016-01-25 00:00:00+08:00,6641.893822393822,7153.807347167694,-7.16,Software - Application,"Salesforce, Inc.",2016-01-25,
CRM,2 weeks,0.05,2016-02-08 00:00:00+08:00,5940.83958673192,6641.893822393822,-10.56,Software - Application,"Salesforce, Inc.",2016-02-08,
CRM,2 weeks,0.05,2016-02-22 00:00:00+08:00,6753.692080780576,5940.83958673192,13.68,Software - Application,"Salesforce, Inc.",2016-02-22,
CRM,2 weeks,0.05,2016-03-07 00:00:00+08:00,7147.9262357414445,6753.692080780576,5.84,Software - Application,"Salesforce, Inc.",2016-03-07,
CRM,2 weeks,0.05,2016-05-16 00:00:00+08:00,8103.829550717925,7529.945890760592,7.62,Software - Application,"Salesforce, Inc.",2016-05-16,
CRM,2 weeks,0.05,2016-11-28 00:00:00+08:00,7104.3404408241495,7526.761336515514,-5.61,Software - Application,"Salesforce, Inc.",2016-11-28,
CRM,2 weeks,0.05,2017-01-09 00:00:00+08:00,7507.039110861002,7078.6965865992415,6.05,Software - Application,"Salesforce, Inc.",2017-01-09,
CRM,2 weeks,0.05,2018-01-08 00:00:00+08:00,10982.767316935257,10427.734056122448,5.32,Software - Application,"Salesforce, Inc.",2018-01-08,
CRM,2 weeks,0.05,2018-02-19 00:00:00+08:00,11652.47418879056,10896.729689440994,6.94,Software - Application,"Salesforce, Inc.",2018-02-19,
CRM,2 weeks,0.05,2018-03-05 00:00:00+08:00,12597.339476236664,11652.47418879056,8.11,Software - Application,"Salesforce, Inc.",2018-03-05,
CRM,2 weeks,0.05,2018-03-19 00:00:00+08:00,11907.246216978712,12597.339476236664,-5.48,Software - Application,"Salesforce, Inc.",2018-03-19,
CRM,2 weeks,0.05,2018-07-09 00:00:00+08:00,14586.073110893032,13690.100143884893,6.54,Software - Application,"Salesforce, Inc.",2018-07-09,
CRM,2 weeks,0.05,2018-10-15 00:00:00+08:00,14169.218053927316,15076.459262737731,-6.02,Software - Application,"Salesforce, Inc.",2018-10-15,
CRM,2 weeks,0.05,2018-11-12 00:00:00+08:00,12755.013676588898,13704.102637205988,-6.93,Software - Application,"Salesforce, Inc.",2018-11-12,
CRM,2 weeks,0.05,2018-11-26 00:00:00+08:00,13712.587246777164,12755.013676588898,7.51,Software - Application,"Salesforce, Inc.",2018-11-26,
CRM,2 weeks,0.05,2019-01-07 00:00:00+08:00,14698.663593380616,13236.607329842933,11.05,Software - Application,"Salesforce, Inc.",2019-01-07,
CRM,2 weeks,0.05,2019-02-04 00:00:00+08:00,15873.388106042512,14919.470852017936,6.39,Software - Application,"Salesforce, Inc.",2019-02-04,
CRM,2 weeks,0.05,2019-08-05 00:00:00+08:00,14238.726421717764,15628.936608187136,-8.9,Software - Application,"Salesforce, Inc.",2019-08-05,
CRM,2 weeks,0.05,2019-08-19 00:00:00+08:00,15132.39922163048,14238.726421717764,6.28,Software - Application,"Salesforce, Inc.",2019-08-19,
CRM,2 weeks,0.05,2019-10-28 00:00:00+08:00,15758.26932545544,14671.517053529133,7.41,Software - Application,"Salesforce, Inc.",2019-10-28,
CRM,2 weeks,0.05,2020-01-06 00:00:00+08:00,17923.57443289225,16428.0178919974,9.1,Software - Application,"Salesforce, Inc.",2020-01-06,
CRM,2 weeks,0.05,2020-03-02 00:00:00+08:00,15985.471723824665,18296.46947018294,-12.63,Software - Application,"Salesforce, Inc.",2020-03-02,
CRM,2 weeks,0.05,2020-03-16 00:00:00+08:00,14125.018123422804,15985.471723824665,-11.64,Software - Application,"Salesforce, Inc.",2020-03-16,
CRM,2 weeks,0.05,2020-04-13 00:00:00+08:00,15570.230054774946,14398.887231815805,8.13,Software - Application,"Salesforce, Inc.",2020-04-13,
CRM,2 weeks,0.05,2020-05-11 00:00:00+08:00,17470.880349964533,16244.14615747289,7.55,Software - Application,"Salesforce, Inc.",2020-05-11,
CRM,2 weeks,0.05,2020-08-17 00:00:00+08:00,23016.4194454852,19892.13289118153,15.71,Software - Application,"Salesforce, Inc.",2020-08-17,
CRM,2 weeks,0.05,2020-08-31 00:00:00+08:00,25907.926669780474,23016.4194454852,12.56,Software - Application,"Salesforce, Inc.",2020-08-31,
CRM,2 weeks,0.05,2020-09-14 00:00:00+08:00,24433.293162588612,25907.926669780474,-5.69,Software - Application,"Salesforce, Inc.",2020-09-14,
CRM,2 weeks,0.05,2020-10-26 00:00:00+08:00,24397.13542376733,25837.641098484848,-5.58,Software - Application,"Salesforce, Inc.",2020-10-26,
CRM,2 weeks,0.05,2020-11-23 00:00:00+08:00,23867.112625963247,25593.362803481446,-6.74,Software - Application,"Salesforce, Inc.",2020-11-23,
CRM,2 weeks,0.05,2020-12-07 00:00:00+08:00,22500.240444444444,23867.112625963247,-5.73,Software - Application,"Salesforce, Inc.",2020-12-07,
CRM,2 weeks,0.05,2021-02-08 00:00:00+08:00,24260.938707185167,23002.37807986406,5.47,Software - Application,"Salesforce, Inc.",2021-02-08,
CRM,2 weeks,0.05,2021-02-22 00:00:00+08:00,22238.354425389316,24260.938707185167,-8.34,Software - Application,"Salesforce, Inc.",2021-02-22,
CRM,2 weeks,0.05,2021-04-05 00:00:00+08:00,22675.03518299882,21171.57579683856,7.1,Software - Application,"Salesforce, Inc.",2021-04-05,
CRM,2 weeks,0.05,2021-05-03 00:00:00+08:00,21631.63548539114,23258.51350048216,-6.99,Software - Application,"Salesforce, Inc.",2021-05-03,
CRM,2 weeks,0.05,2021-08-23 00:00:00+08:00,26543.38477936474,24928.38157581528,6.48,Software - Application,"Salesforce, Inc.",2021-08-23,
CRM,2 weeks,0.05,2021-10-18 00:00:00+08:00,29377.237394451146,27831.274767247553,5.55,Software - Application,"Salesforce, Inc.",2021-10-18,
CRM,2 weeks,0.05,2021-11-29 00:00:00+08:00,26766.806319244974,29944.93501702611,-10.61,Software - Application,"Salesforce, Inc.",2021-11-29,
CRM,2 weeks,0.05,2021-12-13 00:00:00+08:00,25419.95762260128,26766.806319244974,-5.03,Software - Application,"Salesforce, Inc.",2021-12-13,
CRM,2 weeks,0.05,2022-01-10 00:00:00+08:00,22928.617341640704,24656.447307869304,-7.01,Software - Application,"Salesforce, Inc.",2022-01-10,
CRM,2 weeks,0.05,2022-03-21 00:00:00+08:00,21398.765568646308,20118.466028708135,6.36,Software - Application,"Salesforce, Inc.",2022-03-21,
CRM,2 weeks,0.05,2022-04-04 00:00:00+08:00,20080.73627243928,21398.765568646308,-6.16,Software - Application,"Salesforce, Inc.",2022-04-04,
CRM,2 weeks,0.05,2022-04-18 00:00:00+08:00,18005.400662251657,20080.73627243928,-10.33,Software - Application,"Salesforce, Inc.",2022-04-18,
CRM,2 weeks,0.05,2022-05-02 00:00:00+08:00,16978.72868582195,18005.400662251657,-5.7,Software - Application,"Salesforce, Inc.",2022-05-02,
CRM,2 weeks,0.05,2022-05-16 00:00:00+08:00,16006.590610328638,16978.72868582195,-5.73,Software - Application,"Salesforce, Inc.",2022-05-16,
CRM,2 weeks,0.05,2022-05-30 00:00:00+08:00,18126.421806421808,16006.590610328638,13.24,Software - Application,"Salesforce, Inc.",2022-05-30,
CRM,2 weeks,0.05,2022-06-13 00:00:00+08:00,16844.202300052275,18126.421806421808,-7.07,Software - Application,"Salesforce, Inc.",2022-06-13,
CRM,2 weeks,0.05,2022-07-25 00:00:00+08:00,18235.948587979725,17221.00266990291,5.89,Software - Application,"Salesforce, Inc.",2022-07-25,
CRM,2 weeks,0.05,2022-08-22 00:00:00+08:00,16564.575998282526,18758.55762261416,-11.7,Software - Application,"Salesforce, Inc.",2022-08-22,
CRM,2 weeks,0.05,2022-09-05 00:00:00+08:00,15691.478225367448,16564.575998282526,-5.27,Software - Application,"Salesforce, Inc.",2022-09-05,
CRM,2 weeks,0.05,2022-09-19 00:00:00+08:00,14878.058837485172,15691.478225367448,-5.18,Software - Application,"Salesforce, Inc.",2022-09-19,
CRM,2 weeks,0.05,2022-10-17 00:00:00+08:00,15809.418996995608,14827.607894736842,6.62,Software - Application,"Salesforce, Inc.",2022-10-17,
CRM,2 weeks,0.05,2022-11-28 00:00:00+08:00,14146.316175014848,15244.759977979633,-7.21,Software - Application,"Salesforce, Inc.",2022-11-28,
CRM,2 weeks,0.05,2022-12-12 00:00:00+08:00,13089.874707807388,14146.316175014848,-7.47,Software - Application,"Salesforce, Inc.",2022-12-12,
CRM,2 weeks,0.05,2023-01-09 00:00:00+08:00,14717.140897755611,13414.485975958785,9.71,Software - Application,"Salesforce, Inc.",2023-01-09,
CRM,2 weeks,0.05,2023-01-23 00:00:00+08:00,16382.158031649686,14717.140897755611,11.31,Software - Application,"Salesforce, Inc.",2023-01-23,
CRM,2 weeks,0.05,2023-03-06 00:00:00+08:00,18289.981651376147,17129.573735955055,6.77,Software - Application,"Salesforce, Inc.",2023-03-06,
CRM,2 weeks,0.05,2023-05-15 00:00:00+08:00,20919.926393520724,19832.672633643942,5.48,Software - Application,"Salesforce, Inc.",2023-05-15,
CRM,2 weeks,0.05,2023-07-10 00:00:00+08:00,22644.922413793105,21079.707740466703,7.43,Software - Application,"Salesforce, Inc.",2023-07-10,
CRM,2 weeks,0.05,2023-08-07 00:00:00+08:00,20978.78693437219,22296.524872603735,-5.91,Software - Application,"Salesforce, Inc.",2023-08-07,
CRM,2 weeks,0.05,2023-08-21 00:00:00+08:00,22175.444186046512,20978.78693437219,5.7,Software - Application,"Salesforce, Inc.",2023-08-21,
CRM,2 weeks,0.05,2023-09-18 00:00:00+08:00,20796.787546699878,22086.169714900483,-5.84,Software - Application,"Salesforce, Inc.",2023-09-18,
CRM,2 weeks,0.05,2023-11-13 00:00:00+08:00,22140.64396551724,20710.548907646476,6.91,Software - Application,"Salesforce, Inc.",2023-11-13,
CRM,2 weeks,0.05,2023-11-27 00:00:00+08:00,24457.902821981752,22140.64396551724,10.47,Software - Application,"Salesforce, Inc.",2023-11-27,
CRM,2 weeks,0.05,2023-12-11 00:00:00+08:00,26063.047495885257,24457.902821981752,6.56,Software - Application,"Salesforce, Inc.",2023-12-11,
CRM,2 weeks,0.05,2024-01-22 00:00:00+08:00,28243.582486695697,26871.995668651867,5.1,Software - Application,"Salesforce, Inc.",2024-01-22,
CRM,2 weeks,0.05,2024-02-19 00:00:00+08:00,30857.85460992908,28817.59215396003,7.08,Software - Application,"Salesforce, Inc.",2024-02-19,
CRM,2 weeks,0.05,2024-04-15 00:00:00+08:00,27492.053066037737,30060.63586137619,-8.54,Software - Application,"Salesforce, Inc.",2024-04-15,
CRM,2 weeks,0.05,2024-05-27 00:00:00+08:00,23855.43233082707,28185.35648493901,-15.36,Software - Application,"Salesforce, Inc.",2024-05-27,
CRM,2 weeks,0.05,2024-06-24 00:00:00+08:00,25223.08573878251,23629.312955254944,6.74,Software - Application,"Salesforce, Inc.",2024-06-24,
CRM,1 week,0.1,2016-02-08 00:00:00+08:00,5771.565928777671,6460.545200372786,-10.66,Software - Application,"Salesforce, Inc.",2016-02-08,
CRM,1 week,0.1,2020-03-09 00:00:00+08:00,14995.72192513369,17014.18805002316,-11.86,Software - Application,"Salesforce, Inc.",2020-03-09,
CRM,1 week,0.1,2020-03-16 00:00:00+08:00,13384.441743119267,14995.72192513369,-10.74,Software - Application,"Salesforce, Inc.",2020-03-16,
CRM,1 week,0.1,2020-03-23 00:00:00+08:00,14865.934373565857,13384.441743119267,11.07,Software - Application,"Salesforce, Inc.",2020-03-23,
CRM,1 week,0.1,2020-08-24 00:00:00+08:00,24710.19581280788,20384.17751196172,21.22,Software - Application,"Salesforce, Inc.",2020-08-24,
CRM,1 week,0.1,2022-05-30 00:00:00+08:00,17695.17983043284,16004.36680613668,10.56,Software - Application,"Salesforce, Inc.",2022-05-30,
CRM,1 week,0.1,2022-06-13 00:00:00+08:00,16511.445677300046,18589.263409961688,-11.18,Software - Application,"Salesforce, Inc.",2022-06-13,
CRM,1 week,0.1,2022-12-05 00:00:00+08:00,13269.778467908904,14949.365705614568,-11.24,Software - Application,"Salesforce, Inc.",2022-12-05,
CRM,1 week,0.1,2024-02-26 00:00:00+08:00,31579.47529411765,28651.460431654676,10.22,Software - Application,"Salesforce, Inc.",2024-02-26,
CRM,1 week,0.1,2024-05-27 00:00:00+08:00,23954.14210526316,28149.01425061425,-14.9,Software - Application,"Salesforce, Inc.",2024-05-27,
CRM,2 weeks,0.1,2014-10-27 00:00:00+08:00,6229.6580416032475,5542.317146433042,12.4,Software - Application,"Salesforce, Inc.",2014-10-27,
CRM,2 weeks,0.1,2016-02-08 00:00:00+08:00,5940.83958673192,6641.893822393822,-10.56,Software - Application,"Salesforce, Inc.",2016-02-08,
CRM,2 weeks,0.1,2016-02-22 00:00:00+08:00,6753.692080780576,5940.83958673192,13.68,Software - Application,"Salesforce, Inc.",2016-02-22,
CRM,2 weeks,0.1,2019-01-07 00:00:00+08:00,14698.663593380616,13236.607329842933,11.05,Software - Application,"Salesforce, Inc.",2019-01-07,
CRM,2 weeks,0.1,2020-03-02 00:00:00+08:00,15985.471723824665,18296.46947018294,-12.63,Software - Application,"Salesforce, Inc.",2020-03-02,
CRM,2 weeks,0.1,2020-03-16 00:00:00+08:00,14125.018123422804,15985.471723824665,-11.64,Software - Application,"Salesforce, Inc.",2020-03-16,
CRM,2 weeks,0.1,2020-08-17 00:00:00+08:00,23016.4194454852,19892.13289118153,15.71,Software - Application,"Salesforce, Inc.",2020-08-17,
CRM,2 weeks,0.1,2020-08-31 00:00:00+08:00,25907.926669780474,23016.4194454852,12.56,Software - Application,"Salesforce, Inc.",2020-08-31,
CRM,2 weeks,0.1,2021-11-29 00:00:00+08:00,26766.806319244974,29944.93501702611,-10.61,Software - Application,"Salesforce, Inc.",2021-11-29,
CRM,2 weeks,0.1,2022-04-18 00:00:00+08:00,18005.400662251657,20080.73627243928,-10.33,Software - Application,"Salesforce, Inc.",2022-04-18,
CRM,2 weeks,0.1,2022-05-30 00:00:00+08:00,18126.421806421808,16006.590610328638,13.24,Software - Application,"Salesforce, Inc.",2022-05-30,
CRM,2 weeks,0.1,2022-08-22 00:00:00+08:00,16564.575998282526,18758.55762261416,-11.7,Software - Application,"Salesforce, Inc.",2022-08-22,
CRM,2 weeks,0.1,2023-01-23 00:00:00+08:00,16382.158031649686,14717.140897755611,11.31,Software - Application,"Salesforce, Inc.",2023-01-23,
CRM,2 weeks,0.1,2023-11-27 00:00:00+08:00,24457.902821981752,22140.64396551724,10.47,Software - Application,"Salesforce, Inc.",2023-11-27,
CRM,2 weeks,0.1,2024-05-27 00:00:00+08:00,23855.43233082707,28185.35648493901,-15.36,Software - Application,"Salesforce, Inc.",2024-05-27,
CRM,1 week,0.15,2020-08-24 00:00:00+08:00,24710.19581280788,20384.17751196172,21.22,Software - Application,"Salesforce, Inc.",2020-08-24,
CRM,2 weeks,0.15,2020-08-17 00:00:00+08:00,23016.4194454852,19892.13289118153,15.71,Software - Application,"Salesforce, Inc.",2020-08-17,
CRM,2 weeks,0.15,2024-05-27 00:00:00+08:00,23855.43233082707,28185.35648493901,-15.36,Software - Application,"Salesforce, Inc.",2024-05-27,
CVX,1 week,0.05,2014-12-08 00:00:00+08:00,10553.444903581269,11226.27564717162,-5.99,Oil & Gas Integrated,Chevron Corporation,2014-12-08,
CVX,1 week,0.05,2014-12-22 00:00:00+08:00,11300.731836195508,10561.951469278718,6.99,Oil & Gas Integrated,Chevron Corporation,2014-12-22,
CVX,1 week,0.05,2015-08-03 00:00:00+08:00,8505.336118848652,9117.893586698336,-6.72,Oil & Gas Integrated,Chevron Corporation,2015-08-03,
CVX,1 week,0.05,2015-08-17 00:00:00+08:00,8110.224777099954,8557.234877126655,-5.22,Oil & Gas Integrated,Chevron Corporation,2015-08-17,
CVX,1 week,0.05,2015-08-24 00:00:00+08:00,7468.136,8110.224777099954,-7.92,Oil & Gas Integrated,Chevron Corporation,2015-08-24,
CVX,1 week,0.05,2015-08-31 00:00:00+08:00,7844.0460496614,7468.136,5.03,Oil & Gas Integrated,Chevron Corporation,2015-08-31,
CVX,1 week,0.05,2015-10-05 00:00:00+08:00,8718.479464697739,7782.2846820809245,12.03,Oil & Gas Integrated,Chevron Corporation,2015-10-05,
CVX,1 week,0.05,2015-11-02 00:00:00+08:00,9531.345497630333,8938.35426653883,6.63,Oil & Gas Integrated,Chevron Corporation,2015-11-02,
CVX,1 week,0.05,2016-01-04 00:00:00+08:00,8594.1054512958,9051.917556346381,-5.06,Oil & Gas Integrated,Chevron Corporation,2016-01-04,
CVX,1 week,0.05,2016-03-07 00:00:00+08:00,9187.13676402411,8610.574324324325,6.7,Oil & Gas Integrated,Chevron Corporation,2016-03-07,
CVX,1 week,0.05,2018-02-05 00:00:00+08:00,11458.70094722598,12536.621254681648,-8.6,Oil & Gas Integrated,Chevron Corporation,2018-02-05,
CVX,1 week,0.05,2018-11-05 00:00:00+08:00,11934.579050416056,11160.112230215827,6.94,Oil & Gas Integrated,Chevron Corporation,2018-11-05,
CVX,1 week,0.05,2018-12-17 00:00:00+08:00,10913.911012782693,11513.448717948719,-5.21,Oil & Gas Integrated,Chevron Corporation,2018-12-17,
CVX,1 week,0.05,2019-09-30 00:00:00+08:00,11484.807276302852,12249.818590704648,-6.25,Oil & Gas Integrated,Chevron Corporation,2019-09-30,
CVX,1 week,0.05,2020-02-24 00:00:00+08:00,9898.237113402061,10977.417391304349,-9.83,Oil & Gas Integrated,Chevron Corporation,2020-02-24,
CVX,1 week,0.05,2020-03-09 00:00:00+08:00,8055.885908726981,9558.521998166822,-15.72,Oil & Gas Integrated,Chevron Corporation,2020-03-09,
CVX,1 week,0.05,2020-03-16 00:00:00+08:00,6323.847965738759,8055.885908726981,-21.5,Oil & Gas Integrated,Chevron Corporation,2020-03-16,
CVX,1 week,0.05,2020-03-30 00:00:00+08:00,7272.809505259058,6619.788534548216,9.86,Oil & Gas Integrated,Chevron Corporation,2020-03-30,
CVX,1 week,0.05,2020-04-06 00:00:00+08:00,8288.453071253072,7272.809505259058,13.96,Oil & Gas Integrated,Chevron Corporation,2020-04-06,
CVX,1 week,0.05,2020-04-27 00:00:00+08:00,9085.925115692047,8466.665203511573,7.31,Oil & Gas Integrated,Chevron Corporation,2020-04-27,
CVX,1 week,0.05,2020-06-15 00:00:00+08:00,9221.006696428572,9732.023130937629,-5.25,Oil & Gas Integrated,Chevron Corporation,2020-06-15,
CVX,1 week,0.05,2020-09-21 00:00:00+08:00,7366.333027522936,7779.799448022079,-5.31,Oil & Gas Integrated,Chevron Corporation,2020-09-21,
CVX,1 week,0.05,2020-11-09 00:00:00+08:00,8133.881856540085,7206.234234234234,12.87,Oil & Gas Integrated,Chevron Corporation,2020-11-09,
CVX,1 week,0.05,2020-11-16 00:00:00+08:00,8629.947594501718,8133.881856540085,6.1,Oil & Gas Integrated,Chevron Corporation,2020-11-16,
CVX,1 week,0.05,2020-11-23 00:00:00+08:00,9224.647944412276,8629.947594501718,6.89,Oil & Gas Integrated,Chevron Corporation,2020-11-23,
CVX,1 week,0.05,2021-02-22 00:00:00+08:00,10071.591286307053,9501.90185546875,6.0,Oil & Gas Integrated,Chevron Corporation,2021-02-22,
CVX,1 week,0.05,2021-03-08 00:00:00+08:00,11066.59483488569,10464.459412780656,5.75,Oil & Gas Integrated,Chevron Corporation,2021-03-08,
CVX,1 week,0.05,2021-09-27 00:00:00+08:00,10320.770013268464,9739.373261552264,5.97,Oil & Gas Integrated,Chevron Corporation,2021-09-27,
CVX,1 week,0.05,2022-02-28 00:00:00+08:00,15146.089259796809,13566.872469635628,11.64,Oil & Gas Integrated,Chevron Corporation,2022-02-28,
CVX,1 week,0.05,2022-03-07 00:00:00+08:00,16706.524275118005,15146.089259796809,10.3,Oil & Gas Integrated,Chevron Corporation,2022-03-07,
CVX,1 week,0.05,2022-04-25 00:00:00+08:00,15783.157730116176,16972.904250350304,-7.01,Oil & Gas Integrated,Chevron Corporation,2022-04-25,
CVX,1 week,0.05,2022-06-13 00:00:00+08:00,16177.368278355174,17854.790996784566,-9.39,Oil & Gas Integrated,Chevron Corporation,2022-06-13,
CVX,1 week,0.05,2022-06-20 00:00:00+08:00,14799.522355507088,16177.368278355174,-8.52,Oil & Gas Integrated,Chevron Corporation,2022-06-20,
CVX,1 week,0.05,2022-07-25 00:00:00+08:00,15140.586725663716,14342.558236658931,5.56,Oil & Gas Integrated,Chevron Corporation,2022-07-25,
CVX,1 week,0.05,2022-09-26 00:00:00+08:00,14341.593142272262,15404.872676579926,-6.9,Oil & Gas Integrated,Chevron Corporation,2022-09-26,
CVX,1 week,0.05,2022-10-03 00:00:00+08:00,15752.724656927843,14341.593142272262,9.84,Oil & Gas Integrated,Chevron Corporation,2022-10-03,
CVX,1 week,0.05,2022-10-24 00:00:00+08:00,17697.047157338035,16661.985209923663,6.21,Oil & Gas Integrated,Chevron Corporation,2022-10-24,
CVX,1 week,0.05,2023-01-30 00:00:00+08:00,17197.89157706093,18184.865483234713,-5.43,Oil & Gas Integrated,Chevron Corporation,2023-01-30,
CVX,1 week,0.05,2023-03-13 00:00:00+08:00,15459.957842529448,16363.448202959831,-5.52,Oil & Gas Integrated,Chevron Corporation,2023-03-13,
CVX,1 week,0.05,2023-04-03 00:00:00+08:00,16920.02794520548,16036.329095354524,5.51,Oil & Gas Integrated,Chevron Corporation,2023-04-03,
CVX,1 week,0.05,2023-10-23 00:00:00+08:00,15544.687134502925,16766.93720266413,-7.29,Oil & Gas Integrated,Chevron Corporation,2023-10-23,
CVX,1 week,0.05,2023-10-30 00:00:00+08:00,14599.797670405522,15544.687134502925,-6.08,Oil & Gas Integrated,Chevron Corporation,2023-10-30,
CVX,2 weeks,0.05,2014-12-08 00:00:00+08:00,10557.76356238698,11341.259006550217,-6.91,Oil & Gas Integrated,Chevron Corporation,2014-12-08,
CVX,2 weeks,0.05,2014-12-22 00:00:00+08:00,11290.538125,10557.76356238698,6.94,Oil & Gas Integrated,Chevron Corporation,2014-12-22,
CVX,2 weeks,0.05,2015-01-05 00:00:00+08:00,10652.336996336997,11290.538125,-5.65,Oil & Gas Integrated,Chevron Corporation,2015-01-05,
CVX,2 weeks,0.05,2015-08-03 00:00:00+08:00,8531.054566744731,9207.19174112533,-7.34,Oil & Gas Integrated,Chevron Corporation,2015-08-03,
CVX,2 weeks,0.05,2015-08-17 00:00:00+08:00,7771.795827785176,8531.054566744731,-8.9,Oil & Gas Integrated,Chevron Corporation,2015-08-17,
CVX,2 weeks,0.05,2015-09-28 00:00:00+08:00,8260.421399952864,7739.856237816764,6.73,Oil & Gas Integrated,Chevron Corporation,2015-09-28,
CVX,2 weeks,0.05,2015-10-12 00:00:00+08:00,8984.844552058112,8260.421399952864,8.77,Oil & Gas Integrated,Chevron Corporation,2015-10-12,
CVX,2 weeks,0.05,2015-12-28 00:00:00+08:00,8594.1054512958,9075.795192007492,-5.31,Oil & Gas Integrated,Chevron Corporation,2015-12-28,
CVX,2 weeks,0.05,2016-01-11 00:00:00+08:00,8161.393654822335,8594.1054512958,-5.03,Oil & Gas Integrated,Chevron Corporation,2016-01-11,
CVX,2 weeks,0.05,2016-03-07 00:00:00+08:00,9346.574806836807,8596.378205128205,8.73,Oil & Gas Integrated,Chevron Corporation,2016-03-07,
CVX,2 weeks,0.05,2016-04-18 00:00:00+08:00,10143.677033492824,9569.200824642252,6.0,Oil & Gas Integrated,Chevron Corporation,2016-04-18,
CVX,2 weeks,0.05,2018-02-05 00:00:00+08:00,11375.922621864647,12831.43768115942,-11.34,Oil & Gas Integrated,Chevron Corporation,2018-02-05,
CVX,2 weeks,0.05,2018-04-16 00:00:00+08:00,12304.990568319226,11650.687686196625,5.62,Oil & Gas Integrated,Chevron Corporation,2018-04-16,
CVX,2 weeks,0.05,2018-10-15 00:00:00+08:00,11535.39487804878,12376.735821261967,-6.8,Oil & Gas Integrated,Chevron Corporation,2018-10-15,
CVX,2 weeks,0.05,2019-09-30 00:00:00+08:00,11444.184478056039,12328.986987478516,-7.18,Oil & Gas Integrated,Chevron Corporation,2019-09-30,
CVX,2 weeks,0.05,2020-01-20 00:00:00+08:00,11127.454545454544,11739.169982805208,-5.21,Oil & Gas Integrated,Chevron Corporation,2020-01-20,
CVX,2 weeks,0.05,2020-02-17 00:00:00+08:00,10362.307692307691,10956.80410403245,-5.43,Oil & Gas Integrated,Chevron Corporation,2020-02-17,
CVX,2 weeks,0.05,2020-03-02 00:00:00+08:00,8756.473931623932,10362.307692307691,-15.5,Oil & Gas Integrated,Chevron Corporation,2020-03-02,
CVX,2 weeks,0.05,2020-03-16 00:00:00+08:00,6480.722076876636,8756.473931623932,-25.99,Oil & Gas Integrated,Chevron Corporation,2020-03-16,
CVX,2 weeks,0.05,2020-03-30 00:00:00+08:00,7721.926119078661,6480.722076876636,19.15,Oil & Gas Integrated,Chevron Corporation,2020-03-30,
CVX,2 weeks,0.05,2020-04-13 00:00:00+08:00,8405.181985294119,7721.926119078661,8.85,Oil & Gas Integrated,Chevron Corporation,2020-04-13,
CVX,2 weeks,0.05,2020-04-27 00:00:00+08:00,9170.00087183958,8405.181985294119,9.1,Oil & Gas Integrated,Chevron Corporation,2020-04-27,
CVX,2 weeks,0.05,2020-06-22 00:00:00+08:00,8892.782291666666,9486.437030680112,-6.26,Oil & Gas Integrated,Chevron Corporation,2020-06-22,
CVX,2 weeks,0.05,2020-08-31 00:00:00+08:00,8140.719561895059,8634.932246210381,-5.72,Oil & Gas Integrated,Chevron Corporation,2020-08-31,
CVX,2 weeks,0.05,2020-09-14 00:00:00+08:00,7572.781350482315,8140.719561895059,-6.98,Oil & Gas Integrated,Chevron Corporation,2020-09-14,
CVX,2 weeks,0.05,2020-11-09 00:00:00+08:00,8379.697318007662,7046.174203608822,18.93,Oil & Gas Integrated,Chevron Corporation,2020-11-09,
CVX,2 weeks,0.05,2020-11-23 00:00:00+08:00,9093.090724269376,8379.697318007662,8.51,Oil & Gas Integrated,Chevron Corporation,2020-11-23,
CVX,2 weeks,0.05,2021-01-11 00:00:00+08:00,9319.025265285496,8868.789427312777,5.08,Oil & Gas Integrated,Chevron Corporation,2021-01-11,
CVX,2 weeks,0.05,2021-01-25 00:00:00+08:00,8844.543565683647,9319.025265285496,-5.09,Oil & Gas Integrated,Chevron Corporation,2021-01-25,
CVX,2 weeks,0.05,2021-02-08 00:00:00+08:00,9318.580080435298,8844.543565683647,5.36,Oil & Gas Integrated,Chevron Corporation,2021-02-08,
CVX,2 weeks,0.05,2021-02-22 00:00:00+08:00,10264.118281845113,9318.580080435298,10.15,Oil & Gas Integrated,Chevron Corporation,2021-02-22,
CVX,2 weeks,0.05,2021-03-08 00:00:00+08:00,10891.051456098096,10264.118281845113,6.11,Oil & Gas Integrated,Chevron Corporation,2021-03-08,
CVX,2 weeks,0.05,2021-10-04 00:00:00+08:00,10704.370949467482,10032.143429844098,6.7,Oil & Gas Integrated,Chevron Corporation,2021-10-04,
CVX,2 weeks,0.05,2021-10-18 00:00:00+08:00,11251.529145955716,10704.370949467482,5.11,Oil & Gas Integrated,Chevron Corporation,2021-10-18,
CVX,2 weeks,0.05,2022-01-10 00:00:00+08:00,12788.478324403311,12020.151704940849,6.39,Oil & Gas Integrated,Chevron Corporation,2022-01-10,
CVX,2 weeks,0.05,2022-02-21 00:00:00+08:00,14486.636094674555,13586.65655021834,6.62,Oil & Gas Integrated,Chevron Corporation,2022-02-21,
CVX,2 weeks,0.05,2022-03-07 00:00:00+08:00,16402.87587695629,14486.636094674555,13.23,Oil & Gas Integrated,Chevron Corporation,2022-03-07,
CVX,2 weeks,0.05,2022-05-16 00:00:00+08:00,17219.494486104984,16374.188009698039,5.16,Oil & Gas Integrated,Chevron Corporation,2022-05-16,
CVX,2 weeks,0.05,2022-06-13 00:00:00+08:00,15552.962688411168,17780.082232743585,-12.53,Oil & Gas Integrated,Chevron Corporation,2022-06-13,
CVX,2 weeks,0.05,2022-06-27 00:00:00+08:00,14487.659596217736,15552.962688411168,-6.85,Oil & Gas Integrated,Chevron Corporation,2022-06-27,
CVX,2 weeks,0.05,2022-07-25 00:00:00+08:00,15398.346284935242,14070.150666054204,9.44,Oil & Gas Integrated,Chevron Corporation,2022-07-25,
CVX,2 weeks,0.05,2022-09-19 00:00:00+08:00,14898.869702873844,15887.844654939108,-6.22,Oil & Gas Integrated,Chevron Corporation,2022-09-19,
CVX,2 weeks,0.05,2022-10-03 00:00:00+08:00,15854.130623430008,14898.869702873844,6.41,Oil & Gas Integrated,Chevron Corporation,2022-10-03,
CVX,2 weeks,0.05,2022-10-17 00:00:00+08:00,17200.027720504007,15854.130623430008,8.49,Oil & Gas Integrated,Chevron Corporation,2022-10-17,
CVX,2 weeks,0.05,2022-10-31 00:00:00+08:00,18266.16433239963,17200.027720504007,6.2,Oil & Gas Integrated,Chevron Corporation,2022-10-31,
CVX,2 weeks,0.05,2023-04-03 00:00:00+08:00,16980.88971722365,15828.327060505002,7.28,Oil & Gas Integrated,Chevron Corporation,2023-04-03,
CVX,2 weeks,0.05,2023-05-01 00:00:00+08:00,15913.134844868737,16920.19865642994,-5.95,Oil & Gas Integrated,Chevron Corporation,2023-05-01,
CVX,2 weeks,0.05,2023-10-30 00:00:00+08:00,14501.128524590164,16116.121663701068,-10.02,Oil & Gas Integrated,Chevron Corporation,2023-10-30,
CVX,1 week,0.1,2015-10-05 00:00:00+08:00,8718.479464697739,7782.2846820809245,12.03,Oil & Gas Integrated,Chevron Corporation,2015-10-05,
CVX,1 week,0.1,2020-03-09 00:00:00+08:00,8055.885908726981,9558.521998166822,-15.72,Oil & Gas Integrated,Chevron Corporation,2020-03-09,
CVX,1 week,0.1,2020-03-16 00:00:00+08:00,6323.847965738759,8055.885908726981,-21.5,Oil & Gas Integrated,Chevron Corporation,2020-03-16,
CVX,1 week,0.1,2020-04-06 00:00:00+08:00,8288.453071253072,7272.809505259058,13.96,Oil & Gas Integrated,Chevron Corporation,2020-04-06,
CVX,1 week,0.1,2020-11-09 00:00:00+08:00,8133.881856540085,7206.234234234234,12.87,Oil & Gas Integrated,Chevron Corporation,2020-11-09,
CVX,1 week,0.1,2022-02-28 00:00:00+08:00,15146.089259796809,13566.872469635628,11.64,Oil & Gas Integrated,Chevron Corporation,2022-02-28,
CVX,1 week,0.1,2022-03-07 00:00:00+08:00,16706.524275118005,15146.089259796809,10.3,Oil & Gas Integrated,Chevron Corporation,2022-03-07,
CVX,2 weeks,0.1,2018-02-05 00:00:00+08:00,11375.922621864647,12831.43768115942,-11.34,Oil & Gas Integrated,Chevron Corporation,2018-02-05,
CVX,2 weeks,0.1,2020-03-02 00:00:00+08:00,8756.473931623932,10362.307692307691,-15.5,Oil & Gas Integrated,Chevron Corporation,2020-03-02,
CVX,2 weeks,0.1,2020-03-16 00:00:00+08:00,6480.722076876636,8756.473931623932,-25.99,Oil & Gas Integrated,Chevron Corporation,2020-03-16,
CVX,2 weeks,0.1,2020-03-30 00:00:00+08:00,7721.926119078661,6480.722076876636,19.15,Oil & Gas Integrated,Chevron Corporation,2020-03-30,
CVX,2 weeks,0.1,2020-11-09 00:00:00+08:00,8379.697318007662,7046.174203608822,18.93,Oil & Gas Integrated,Chevron Corporation,2020-11-09,
CVX,2 weeks,0.1,2021-02-22 00:00:00+08:00,10264.118281845113,9318.580080435298,10.15,Oil & Gas Integrated,Chevron Corporation,2021-02-22,
CVX,2 weeks,0.1,2022-03-07 00:00:00+08:00,16402.87587695629,14486.636094674555,13.23,Oil & Gas Integrated,Chevron Corporation,2022-03-07,
CVX,2 weeks,0.1,2022-06-13 00:00:00+08:00,15552.962688411168,17780.082232743585,-12.53,Oil & Gas Integrated,Chevron Corporation,2022-06-13,
CVX,2 weeks,0.1,2023-10-30 00:00:00+08:00,14501.128524590164,16116.121663701068,-10.02,Oil & Gas Integrated,Chevron Corporation,2023-10-30,
CVX,1 week,0.15,2020-03-09 00:00:00+08:00,8055.885908726981,9558.521998166822,-15.72,Oil & Gas Integrated,Chevron Corporation,2020-03-09,
CVX,1 week,0.15,2020-03-16 00:00:00+08:00,6323.847965738759,8055.885908726981,-21.5,Oil & Gas Integrated,Chevron Corporation,2020-03-16,
CVX,2 weeks,0.15,2020-03-02 00:00:00+08:00,8756.473931623932,10362.307692307691,-15.5,Oil & Gas Integrated,Chevron Corporation,2020-03-02,
CVX,2 weeks,0.15,2020-03-16 00:00:00+08:00,6480.722076876636,8756.473931623932,-25.99,Oil & Gas Integrated,Chevron Corporation,2020-03-16,
CVX,2 weeks,0.15,2020-03-30 00:00:00+08:00,7721.926119078661,6480.722076876636,19.15,Oil & Gas Integrated,Chevron Corporation,2020-03-30,
CVX,2 weeks,0.15,2020-11-09 00:00:00+08:00,8379.697318007662,7046.174203608822,18.93,Oil & Gas Integrated,Chevron Corporation,2020-11-09,
GOOG,1 week,0.05,2014-03-31 00:00:00+08:00,88675.71643835616,114237.28340466,-22.38,Internet Content & Information,Alphabet Inc.,2014-03-31,
GOOG,1 week,0.05,2014-04-07 00:00:00+08:00,54572.680926916226,88675.71643835616,-38.46,Internet Content & Information,Alphabet Inc.,2014-04-07,
GOOG,1 week,0.05,2014-10-13 00:00:00+08:00,52814.6284,56545.52101661779,-6.6,Internet Content & Information,Alphabet Inc.,2014-10-13,
GOOG,1 week,0.05,2015-07-13 00:00:00+08:00,59045.152155887234,52295.91418105704,12.91,Internet Content & Information,Alphabet Inc.,2015-07-13,
GOOG,1 week,0.05,2015-07-20 00:00:00+08:00,65547.37845303868,59045.152155887234,11.01,Internet Content & Information,Alphabet Inc.,2015-07-20,
GOOG,1 week,0.05,2015-08-24 00:00:00+08:00,61372.43861892583,64983.561448240696,-5.56,Internet Content & Information,Alphabet Inc.,2015-08-24,
GOOG,1 week,0.05,2015-10-05 00:00:00+08:00,63878.919715447155,60493.83390494855,5.6,Internet Content & Information,Alphabet Inc.,2015-10-05,
GOOG,1 week,0.05,2015-10-26 00:00:00+08:00,71207.22336592898,67242.3694869487,5.9,Internet Content & Information,Alphabet Inc.,2015-10-26,
GOOG,1 week,0.05,2016-02-08 00:00:00+08:00,68099.81095890411,74008.49566246057,-7.98,Internet Content & Information,Alphabet Inc.,2016-02-08,
GOOG,1 week,0.05,2016-04-25 00:00:00+08:00,70588.76442536958,74651.88744975436,-5.44,Internet Content & Information,Alphabet Inc.,2016-04-25,
GOOG,1 week,0.05,2018-02-05 00:00:00+08:00,105144.31266726136,115762.50489510488,-9.17,Internet Content & Information,Alphabet Inc.,2018-02-05,
GOOG,1 week,0.05,2018-03-19 00:00:00+08:00,108015.21792966816,115247.86761710794,-6.28,Internet Content & Information,Alphabet Inc.,2018-03-19,
GOOG,1 week,0.05,2018-10-08 00:00:00+08:00,111645.60069101678,118513.12219850588,-5.79,Internet Content & Information,Alphabet Inc.,2018-10-08,
GOOG,1 week,0.05,2019-04-29 00:00:00+08:00,119584.35657193603,125905.42833425567,-5.02,Internet Content & Information,Alphabet Inc.,2019-04-29,
GOOG,1 week,0.05,2019-06-03 00:00:00+08:00,104569.69391727493,112023.94785478548,-6.65,Internet Content & Information,Alphabet Inc.,2019-06-03,
GOOG,1 week,0.05,2020-02-24 00:00:00+08:00,137493.804029304,151508.80227596016,-9.25,Internet Content & Information,Alphabet Inc.,2020-02-24,
GOOG,1 week,0.05,2020-03-09 00:00:00+08:00,119710.13348729792,133946.079241614,-10.63,Internet Content & Information,Alphabet Inc.,2020-03-09,
GOOG,1 week,0.05,2020-03-16 00:00:00+08:00,110245.9754948162,119710.13348729792,-7.91,Internet Content & Information,Alphabet Inc.,2020-03-16,
GOOG,1 week,0.05,2020-04-06 00:00:00+08:00,119442.82349360923,112363.56971514242,6.3,Internet Content & Information,Alphabet Inc.,2020-04-06,
GOOG,1 week,0.05,2020-07-06 00:00:00+08:00,150330.853200883,141909.51923076925,5.93,Internet Content & Information,Alphabet Inc.,2020-07-06,
GOOG,1 week,0.05,2020-09-07 00:00:00+08:00,154563.5431034483,164383.66806282723,-5.97,Internet Content & Information,Alphabet Inc.,2020-09-07,
GOOG,1 week,0.05,2020-09-21 00:00:00+08:00,143470.6210471747,151460.03347502655,-5.27,Internet Content & Information,Alphabet Inc.,2020-09-21,
GOOG,1 week,0.05,2020-10-12 00:00:00+08:00,156877.18280123585,147799.7903050109,6.14,Internet Content & Information,Alphabet Inc.,2020-10-12,
GOOG,1 week,0.05,2020-11-02 00:00:00+08:00,171192.63484251968,159000.03492213308,7.67,Internet Content & Information,Alphabet Inc.,2020-11-02,
GOOG,1 week,0.05,2021-01-18 00:00:00+08:00,186560.56043256997,175414.39079169006,6.35,Internet Content & Information,Alphabet Inc.,2021-01-18,
GOOG,1 week,0.05,2021-02-01 00:00:00+08:00,201573.74823860967,187137.5715010142,7.71,Internet Content & Information,Alphabet Inc.,2021-02-01,
GOOG,1 week,0.05,2021-04-05 00:00:00+08:00,224302.85811192764,207575.32112676057,8.06,Internet Content & Information,Alphabet Inc.,2021-04-05,
GOOG,1 week,0.05,2022-01-31 00:00:00+08:00,285014.9328153565,258681.7614445575,10.18,Internet Content & Information,Alphabet Inc.,2022-01-31,
GOOG,1 week,0.05,2022-03-21 00:00:00+08:00,278390.0791841632,263273.8376444689,5.74,Internet Content & Information,Alphabet Inc.,2022-03-21,
GOOG,1 week,0.05,2022-04-11 00:00:00+08:00,259212.4592074592,277495.4592592592,-6.59,Internet Content & Information,Alphabet Inc.,2022-04-11,
GOOG,1 week,0.05,2022-04-25 00:00:00+08:00,236306.30495049505,253516.29993777224,-6.79,Internet Content & Information,Alphabet Inc.,2022-04-25,
GOOG,1 week,0.05,2022-05-30 00:00:00+08:00,230232.45692625776,216323.29430214324,6.43,Internet Content & Information,Alphabet Inc.,2022-05-30,
GOOG,1 week,0.05,2022-06-13 00:00:00+08:00,215746.15027027027,232275.2877656519,-7.12,Internet Content & Information,Alphabet Inc.,2022-06-13,
GOOG,1 week,0.05,2022-06-20 00:00:00+08:00,226945.09347181008,215746.15027027027,5.19,Internet Content & Information,Alphabet Inc.,2022-06-20,
GOOG,1 week,0.05,2022-07-18 00:00:00+08:00,11274.10422624722,227922.56229508197,-95.05,Internet Content & Information,Alphabet Inc.,2022-07-18,
GOOG,1 week,0.05,2022-08-01 00:00:00+08:00,11722.972840437573,11110.741379310344,5.51,Internet Content & Information,Alphabet Inc.,2022-08-01,
GOOG,1 week,0.05,2022-08-22 00:00:00+08:00,11494.378420641126,12102.837904216129,-5.03,Internet Content & Information,Alphabet Inc.,2022-08-22,
GOOG,1 week,0.05,2022-10-31 00:00:00+08:00,8932.264995239606,9761.17980714691,-8.49,Internet Content & Information,Alphabet Inc.,2022-10-31,
GOOG,1 week,0.05,2022-11-14 00:00:00+08:00,9796.29504587156,9093.890608512136,7.72,Internet Content & Information,Alphabet Inc.,2022-11-14,
GOOG,1 week,0.05,2023-01-23 00:00:00+08:00,9902.269568269568,9405.195206971677,5.29,Internet Content & Information,Alphabet Inc.,2023-01-23,
GOOG,1 week,0.05,2023-02-13 00:00:00+08:00,9523.318677892112,10029.742442205097,-5.05,Internet Content & Information,Alphabet Inc.,2023-02-13,
GOOG,1 week,0.05,2023-03-20 00:00:00+08:00,10462.668785547006,9782.992537313434,6.95,Internet Content & Information,Alphabet Inc.,2023-03-20,
GOOG,1 week,0.05,2023-05-08 00:00:00+08:00,11231.074208443271,10640.355219476209,5.55,Internet Content & Information,Alphabet Inc.,2023-05-08,
GOOG,1 week,0.05,2023-05-15 00:00:00+08:00,12082.286233080224,11231.074208443271,7.58,Internet Content & Information,Alphabet Inc.,2023-05-15,
GOOG,1 week,0.05,2023-10-23 00:00:00+08:00,12979.567022196597,13958.210667689946,-7.01,Internet Content & Information,Alphabet Inc.,2023-10-23,
GOOG,1 week,0.05,2024-03-18 00:00:00+08:00,14923.96850132626,14097.32292381606,5.86,Internet Content & Information,Alphabet Inc.,2024-03-18,
GOOG,1 week,0.05,2024-04-29 00:00:00+08:00,16729.157142857144,15891.79880952381,5.27,Internet Content & Information,Alphabet Inc.,2024-04-29,
GOOG,1 week,0.05,2024-07-01 00:00:00+08:00,18696.05940023068,17745.81682389937,5.35,Internet Content & Information,Alphabet Inc.,2024-07-01,
GOOG,2 weeks,0.05,2014-03-31 00:00:00+08:00,71416.53473161931,116996.29398933591,-38.96,Internet Content & Information,Alphabet Inc.,2014-03-31,
GOOG,2 weeks,0.05,2014-04-14 00:00:00+08:00,53267.15740965317,71416.53473161931,-25.41,Internet Content & Information,Alphabet Inc.,2014-04-14,
GOOG,2 weeks,0.05,2014-10-13 00:00:00+08:00,52950.71360174102,56919.63620253165,-6.97,Internet Content & Information,Alphabet Inc.,2014-10-13,
GOOG,2 weeks,0.05,2015-01-05 00:00:00+08:00,50177.147937762405,52904.21164772727,-5.15,Internet Content & Information,Alphabet Inc.,2015-01-05,
GOOG,2 weeks,0.05,2015-07-06 00:00:00+08:00,56061.62364099006,53096.45047923322,5.58,Internet Content & Information,Alphabet Inc.,2015-07-06,
GOOG,2 weeks,0.05,2015-07-20 00:00:00+08:00,64287.09059576563,56061.62364099006,14.67,Internet Content & Information,Alphabet Inc.,2015-07-20,
GOOG,2 weeks,0.05,2015-10-12 00:00:00+08:00,66398.81908693541,62155.557246196055,6.83,Internet Content & Information,Alphabet Inc.,2015-10-12,
GOOG,2 weeks,0.05,2015-10-26 00:00:00+08:00,71879.82074495603,66398.81908693541,8.25,Internet Content & Information,Alphabet Inc.,2015-10-26,
GOOG,2 weeks,0.05,2016-02-08 00:00:00+08:00,68877.25702284064,73175.16232379325,-5.87,Internet Content & Information,Alphabet Inc.,2016-02-08,
GOOG,2 weeks,0.05,2016-07-11 00:00:00+08:00,72801.0634579188,68871.20701357466,5.71,Internet Content & Information,Alphabet Inc.,2016-07-11,
GOOG,2 weeks,0.05,2017-05-01 00:00:00+08:00,92588.9039200615,86082.9806451613,7.56,Internet Content & Information,Alphabet Inc.,2017-05-01,
GOOG,2 weeks,0.05,2018-02-05 00:00:00+08:00,106025.94033356824,116148.30587074494,-8.72,Internet Content & Information,Alphabet Inc.,2018-02-05,
GOOG,2 weeks,0.05,2018-03-19 00:00:00+08:00,105587.8241639698,113155.55183861082,-6.69,Internet Content & Information,Alphabet Inc.,2018-03-19,
GOOG,2 weeks,0.05,2018-07-09 00:00:00+08:00,117909.04446946242,112063.5328,5.22,Internet Content & Information,Alphabet Inc.,2018-07-09,
GOOG,2 weeks,0.05,2019-04-29 00:00:00+08:00,118344.13845050216,124595.94150246304,-5.02,Internet Content & Information,Alphabet Inc.,2019-04-29,
GOOG,2 weeks,0.05,2019-05-27 00:00:00+08:00,107733.0537815126,114875.662747194,-6.22,Internet Content & Information,Alphabet Inc.,2019-05-27,
GOOG,2 weeks,0.05,2020-01-06 00:00:00+08:00,142607.64675324675,135045.67538213998,5.6,Internet Content & Information,Alphabet Inc.,2020-01-06,
GOOG,2 weeks,0.05,2020-03-02 00:00:00+08:00,126646.02652771198,142982.68635097492,-11.43,Internet Content & Information,Alphabet Inc.,2020-03-02,
GOOG,2 weeks,0.05,2020-03-16 00:00:00+08:00,110327.16878232252,126646.02652771198,-12.89,Internet Content & Information,Alphabet Inc.,2020-03-16,
GOOG,2 weeks,0.05,2020-04-13 00:00:00+08:00,125676.46950917204,115555.45060373216,8.76,Internet Content & Information,Alphabet Inc.,2020-04-13,
GOOG,2 weeks,0.05,2020-04-27 00:00:00+08:00,133112.2699536246,125676.46950917204,5.92,Internet Content & Information,Alphabet Inc.,2020-04-27,
GOOG,2 weeks,0.05,2020-07-06 00:00:00+08:00,151015.05852072607,142733.98926291353,5.8,Internet Content & Information,Alphabet Inc.,2020-07-06,
GOOG,2 weeks,0.05,2020-08-17 00:00:00+08:00,158970.5677706652,149189.46120455777,6.56,Internet Content & Information,Alphabet Inc.,2020-08-17,
GOOG,2 weeks,0.05,2020-09-14 00:00:00+08:00,147416.06166360536,160051.09098888238,-7.89,Internet Content & Information,Alphabet Inc.,2020-09-14,
GOOG,2 weeks,0.05,2020-10-12 00:00:00+08:00,157885.20577523412,147554.055058313,7.0,Internet Content & Information,Alphabet Inc.,2020-10-12,
GOOG,2 weeks,0.05,2020-11-09 00:00:00+08:00,176332.5975187536,164968.56371958565,6.89,Internet Content & Information,Alphabet Inc.,2020-11-09,
GOOG,2 weeks,0.05,2021-01-25 00:00:00+08:00,194631.99244086808,180640.09275275873,7.75,Internet Content & Information,Alphabet Inc.,2021-01-25,
GOOG,2 weeks,0.05,2021-02-08 00:00:00+08:00,210538.0556097561,194631.99244086808,8.17,Internet Content & Information,Alphabet Inc.,2021-02-08,
GOOG,2 weeks,0.05,2021-04-05 00:00:00+08:00,225827.62574935768,205935.51900674432,9.66,Internet Content & Information,Alphabet Inc.,2021-04-05,
GOOG,2 weeks,0.05,2022-03-21 00:00:00+08:00,280866.14066809684,262271.5617114646,7.09,Internet Content & Information,Alphabet Inc.,2022-03-21,
GOOG,2 weeks,0.05,2022-04-18 00:00:00+08:00,243931.46677695063,268572.35684489954,-9.17,Internet Content & Information,Alphabet Inc.,2022-04-18,
GOOG,2 weeks,0.05,2022-05-02 00:00:00+08:00,231490.57708049112,243931.46677695063,-5.1,Internet Content & Information,Alphabet Inc.,2022-05-02,
GOOG,2 weeks,0.05,2022-07-11 00:00:00+08:00,90933.87482419128,227669.5445108525,-60.06,Internet Content & Information,Alphabet Inc.,2022-07-11,
GOOG,2 weeks,0.05,2022-07-25 00:00:00+08:00,11383.198254154777,90933.87482419128,-87.48,Internet Content & Information,Alphabet Inc.,2022-07-25,
GOOG,2 weeks,0.05,2022-08-08 00:00:00+08:00,12038.521454112039,11383.198254154777,5.76,Internet Content & Information,Alphabet Inc.,2022-08-08,
GOOG,2 weeks,0.05,2022-08-22 00:00:00+08:00,11242.007962085308,12038.521454112039,-6.62,Internet Content & Information,Alphabet Inc.,2022-08-22,
GOOG,2 weeks,0.05,2022-09-19 00:00:00+08:00,10005.128500191791,10758.843597883599,-7.01,Internet Content & Information,Alphabet Inc.,2022-09-19,
GOOG,2 weeks,0.05,2022-10-31 00:00:00+08:00,9008.925258591924,9908.016499614494,-9.07,Internet Content & Information,Alphabet Inc.,2022-10-31,
GOOG,2 weeks,0.05,2022-11-14 00:00:00+08:00,9769.4158083296,9008.925258591924,8.44,Internet Content & Information,Alphabet Inc.,2022-11-14,
GOOG,2 weeks,0.05,2022-12-12 00:00:00+08:00,9152.725111154068,9745.187752627326,-6.08,Internet Content & Information,Alphabet Inc.,2022-12-12,
GOOG,2 weeks,0.05,2023-01-23 00:00:00+08:00,10086.995230263157,9222.506385566592,9.37,Internet Content & Information,Alphabet Inc.,2023-01-23,
GOOG,2 weeks,0.05,2023-02-20 00:00:00+08:00,9118.388575869438,9782.95608570126,-6.79,Internet Content & Information,Alphabet Inc.,2023-02-20,
GOOG,2 weeks,0.05,2023-03-06 00:00:00+08:00,9600.643991416307,9118.388575869438,5.29,Internet Content & Information,Alphabet Inc.,2023-03-06,
GOOG,2 weeks,0.05,2023-03-20 00:00:00+08:00,10427.52718446602,9600.643991416307,8.61,Internet Content & Information,Alphabet Inc.,2023-03-20,
GOOG,2 weeks,0.05,2023-05-15 00:00:00+08:00,12258.025765678172,10952.223576527947,11.92,Internet Content & Information,Alphabet Inc.,2023-05-15,
GOOG,2 weeks,0.05,2023-07-24 00:00:00+08:00,12929.146962870904,12185.533119838192,6.1,Internet Content & Information,Alphabet Inc.,2023-07-24,
GOOG,2 weeks,0.05,2023-11-13 00:00:00+08:00,13705.825471698112,12963.882829771555,5.72,Internet Content & Information,Alphabet Inc.,2023-11-13,
GOOG,2 weeks,0.05,2024-03-18 00:00:00+08:00,14937.367755222123,13758.61786188579,8.57,Internet Content & Information,Alphabet Inc.,2024-03-18,
GOOG,2 weeks,0.05,2024-04-29 00:00:00+08:00,16932.418549905837,15779.304210049797,7.31,Internet Content & Information,Alphabet Inc.,2024-04-29,
GOOG,2 weeks,0.05,2024-06-24 00:00:00+08:00,18696.05940023068,17745.81682389937,5.35,Internet Content & Information,Alphabet Inc.,2024-06-24,
GOOG,2 weeks,0.05,2024-07-22 00:00:00+08:00,17675.998464844946,18677.605510081852,-5.36,Internet Content & Information,Alphabet Inc.,2024-07-22,
GOOG,1 week,0.1,2014-03-31 00:00:00+08:00,88675.71643835616,114237.28340466,-22.38,Internet Content & Information,Alphabet Inc.,2014-03-31,
GOOG,1 week,0.1,2014-04-07 00:00:00+08:00,54572.680926916226,88675.71643835616,-38.46,Internet Content & Information,Alphabet Inc.,2014-04-07,
GOOG,1 week,0.1,2015-07-13 00:00:00+08:00,59045.152155887234,52295.91418105704,12.91,Internet Content & Information,Alphabet Inc.,2015-07-13,
GOOG,1 week,0.1,2015-07-20 00:00:00+08:00,65547.37845303868,59045.152155887234,11.01,Internet Content & Information,Alphabet Inc.,2015-07-20,
GOOG,1 week,0.1,2020-03-09 00:00:00+08:00,119710.13348729792,133946.079241614,-10.63,Internet Content & Information,Alphabet Inc.,2020-03-09,
GOOG,1 week,0.1,2022-01-31 00:00:00+08:00,285014.9328153565,258681.7614445575,10.18,Internet Content & Information,Alphabet Inc.,2022-01-31,
GOOG,1 week,0.1,2022-07-18 00:00:00+08:00,11274.10422624722,227922.56229508197,-95.05,Internet Content & Information,Alphabet Inc.,2022-07-18,
GOOG,2 weeks,0.1,2014-03-31 00:00:00+08:00,71416.53473161931,116996.29398933591,-38.96,Internet Content & Information,Alphabet Inc.,2014-03-31,
GOOG,2 weeks,0.1,2014-04-14 00:00:00+08:00,53267.15740965317,71416.53473161931,-25.41,Internet Content & Information,Alphabet Inc.,2014-04-14,
GOOG,2 weeks,0.1,2015-07-20 00:00:00+08:00,64287.09059576563,56061.62364099006,14.67,Internet Content & Information,Alphabet Inc.,2015-07-20,
GOOG,2 weeks,0.1,2020-03-02 00:00:00+08:00,126646.02652771198,142982.68635097492,-11.43,Internet Content & Information,Alphabet Inc.,2020-03-02,
GOOG,2 weeks,0.1,2020-03-16 00:00:00+08:00,110327.16878232252,126646.02652771198,-12.89,Internet Content & Information,Alphabet Inc.,2020-03-16,
GOOG,2 weeks,0.1,2022-07-11 00:00:00+08:00,90933.87482419128,227669.5445108525,-60.06,Internet Content & Information,Alphabet Inc.,2022-07-11,
GOOG,2 weeks,0.1,2022-07-25 00:00:00+08:00,11383.198254154777,90933.87482419128,-87.48,Internet Content & Information,Alphabet Inc.,2022-07-25,
GOOG,2 weeks,0.1,2023-05-15 00:00:00+08:00,12258.025765678172,10952.223576527947,11.92,Internet Content & Information,Alphabet Inc.,2023-05-15,
GOOG,1 week,0.15,2014-03-31 00:00:00+08:00,88675.71643835616,114237.28340466,-22.38,Internet Content & Information,Alphabet Inc.,2014-03-31,
GOOG,1 week,0.15,2014-04-07 00:00:00+08:00,54572.680926916226,88675.71643835616,-38.46,Internet Content & Information,Alphabet Inc.,2014-04-07,
GOOG,1 week,0.15,2022-07-18 00:00:00+08:00,11274.10422624722,227922.56229508197,-95.05,Internet Content & Information,Alphabet Inc.,2022-07-18,
GOOG,2 weeks,0.15,2014-03-31 00:00:00+08:00,71416.53473161931,116996.29398933591,-38.96,Internet Content & Information,Alphabet Inc.,2014-03-31,
GOOG,2 weeks,0.15,2014-04-14 00:00:00+08:00,53267.15740965317,71416.53473161931,-25.41,Internet Content & Information,Alphabet Inc.,2014-04-14,
GOOG,2 weeks,0.15,2022-07-11 00:00:00+08:00,90933.87482419128,227669.5445108525,-60.06,Internet Content & Information,Alphabet Inc.,2022-07-11,
GOOG,2 weeks,0.15,2022-07-25 00:00:00+08:00,11383.198254154777,90933.87482419128,-87.48,Internet Content & Information,Alphabet Inc.,2022-07-25,
GOOGL,1 week,0.05,2014-10-13 00:00:00+08:00,53943.90421940928,57598.54054054055,-6.35,Internet Content & Information,Alphabet Inc.,2014-10-13,
GOOGL,1 week,0.05,2015-03-02 00:00:00+08:00,57575.4189258312,54818.182907764465,5.03,Internet Content & Information,Alphabet Inc.,2015-03-02,
GOOGL,1 week,0.05,2015-07-13 00:00:00+08:00,61633.19251559251,54760.64807995792,12.55,Internet Content & Information,Alphabet Inc.,2015-07-13,
GOOGL,1 week,0.05,2015-07-20 00:00:00+08:00,68775.75907441016,61633.19251559251,11.59,Internet Content & Information,Alphabet Inc.,2015-07-20,
GOOGL,1 week,0.05,2015-08-24 00:00:00+08:00,64447.89655172414,68263.96876600102,-5.59,Internet Content & Information,Alphabet Inc.,2015-08-24,
GOOGL,1 week,0.05,2015-10-05 00:00:00+08:00,66650.68024439919,63472.05,5.01,Internet Content & Information,Alphabet Inc.,2015-10-05,
GOOGL,1 week,0.05,2016-02-08 00:00:00+08:00,70292.84457611668,75949.21951219512,-7.45,Internet Content & Information,Alphabet Inc.,2016-02-08,
GOOGL,1 week,0.05,2016-04-25 00:00:00+08:00,72320.02528625954,76693.59144478393,-5.7,Internet Content & Information,Alphabet Inc.,2016-04-25,
GOOGL,1 week,0.05,2017-05-01 00:00:00+08:00,94335.42247867536,89657.44680851063,5.22,Internet Content & Information,Alphabet Inc.,2017-05-01,
GOOGL,1 week,0.05,2018-02-05 00:00:00+08:00,105657.31926121372,116778.35323383084,-9.52,Internet Content & Information,Alphabet Inc.,2018-02-05,
GOOGL,1 week,0.05,2018-03-19 00:00:00+08:00,108152.98264223721,115320.58192955588,-6.22,Internet Content & Information,Alphabet Inc.,2018-03-19,
GOOGL,1 week,0.05,2018-10-08 00:00:00+08:00,112590.48988653182,119503.8236196319,-5.79,Internet Content & Information,Alphabet Inc.,2018-10-08,
GOOGL,1 week,0.05,2019-04-29 00:00:00+08:00,120143.09631849316,126468.75380434783,-5.0,Internet Content & Information,Alphabet Inc.,2019-04-29,
GOOGL,1 week,0.05,2019-06-03 00:00:00+08:00,104847.02263969171,112366.69562243501,-6.69,Internet Content & Information,Alphabet Inc.,2019-06-03,
GOOGL,1 week,0.05,2020-02-24 00:00:00+08:00,137356.723853211,151347.6129496403,-9.24,Internet Content & Information,Alphabet Inc.,2020-02-24,
GOOGL,1 week,0.05,2020-03-09 00:00:00+08:00,119426.54315886134,133625.35963653753,-10.63,Internet Content & Information,Alphabet Inc.,2020-03-09,
GOOGL,1 week,0.05,2020-03-16 00:00:00+08:00,109869.47180451128,119426.54315886134,-8.0,Internet Content & Information,Alphabet Inc.,2020-03-16,
GOOGL,1 week,0.05,2020-04-06 00:00:00+08:00,119010.4509921828,112187.70225269345,6.08,Internet Content & Information,Alphabet Inc.,2020-04-06,
GOOGL,1 week,0.05,2020-07-06 00:00:00+08:00,150807.17272727273,142320.7947464875,5.96,Internet Content & Information,Alphabet Inc.,2020-07-06,
GOOGL,1 week,0.05,2020-09-07 00:00:00+08:00,153715.1459528362,163685.223880597,-6.09,Internet Content & Information,Alphabet Inc.,2020-09-07,
GOOGL,1 week,0.05,2020-09-21 00:00:00+08:00,142991.37660338636,150684.42467248908,-5.11,Internet Content & Information,Alphabet Inc.,2020-09-21,
GOOGL,1 week,0.05,2020-10-12 00:00:00+08:00,156456.45060483873,147523.4483133841,6.06,Internet Content & Information,Alphabet Inc.,2020-10-12,
GOOGL,1 week,0.05,2020-11-02 00:00:00+08:00,171111.75829145728,158604.98536808413,7.89,Internet Content & Information,Alphabet Inc.,2020-11-02,
GOOGL,1 week,0.05,2021-01-18 00:00:00+08:00,185990.92685925015,174607.11712707183,6.52,Internet Content & Information,Alphabet Inc.,2021-01-18,
GOOGL,1 week,0.05,2021-02-01 00:00:00+08:00,200524.36071592473,186208.03275529863,7.69,Internet Content & Information,Alphabet Inc.,2021-02-01,
GOOGL,1 week,0.05,2021-04-05 00:00:00+08:00,223044.69115191983,206845.55539872972,7.83,Internet Content & Information,Alphabet Inc.,2021-04-05,
GOOGL,1 week,0.05,2021-07-26 00:00:00+08:00,269358.91415885545,255468.91335311573,5.44,Internet Content & Information,Alphabet Inc.,2021-07-26,
GOOGL,1 week,0.05,2022-01-31 00:00:00+08:00,285734.2193133047,258704.09878419453,10.45,Internet Content & Information,Alphabet Inc.,2022-01-31,
GOOGL,1 week,0.05,2022-03-21 00:00:00+08:00,278151.34,262021.20749440716,6.16,Internet Content & Information,Alphabet Inc.,2022-03-21,
GOOGL,1 week,0.05,2022-04-11 00:00:00+08:00,258001.6306107432,276484.58242463117,-6.68,Internet Content & Information,Alphabet Inc.,2022-04-11,
GOOGL,1 week,0.05,2022-04-25 00:00:00+08:00,234764.03400735295,252803.92002369667,-7.14,Internet Content & Information,Alphabet Inc.,2022-04-25,
GOOGL,1 week,0.05,2022-05-30 00:00:00+08:00,229739.19331911867,215850.17214799588,6.43,Internet Content & Information,Alphabet Inc.,2022-05-30,
GOOGL,1 week,0.05,2022-06-13 00:00:00+08:00,214570.2140591966,231765.73990498812,-7.42,Internet Content & Information,Alphabet Inc.,2022-06-13,
GOOGL,1 week,0.05,2022-06-20 00:00:00+08:00,226073.24449182657,214570.2140591966,5.36,Internet Content & Information,Alphabet Inc.,2022-06-20,
GOOGL,1 week,0.05,2022-07-18 00:00:00+08:00,11187.702763047724,225959.8608742004,-95.05,Internet Content & Information,Alphabet Inc.,2022-07-18,
GOOGL,1 week,0.05,2022-08-01 00:00:00+08:00,11653.671378091873,11066.155844155845,5.31,Internet Content & Information,Alphabet Inc.,2022-08-01,
GOOGL,1 week,0.05,2022-08-22 00:00:00+08:00,11401.176241134752,12022.564323111445,-5.17,Internet Content & Information,Alphabet Inc.,2022-08-22,
GOOGL,1 week,0.05,2022-10-31 00:00:00+08:00,8901.903019213174,9746.526878844612,-8.67,Internet Content & Information,Alphabet Inc.,2022-10-31,
GOOGL,1 week,0.05,2022-11-14 00:00:00+08:00,9769.815674402962,9072.030497592295,7.69,Internet Content & Information,Alphabet Inc.,2022-11-14,
GOOGL,1 week,0.05,2023-02-13 00:00:00+08:00,9497.101165103722,10011.159796573877,-5.13,Internet Content & Information,Alphabet Inc.,2023-02-13,
GOOGL,1 week,0.05,2023-03-20 00:00:00+08:00,10374.5598559856,9726.834448160536,6.66,Internet Content & Information,Alphabet Inc.,2023-03-20,
GOOGL,1 week,0.05,2023-05-08 00:00:00+08:00,11187.23255095738,10575.039090262972,5.79,Internet Content & Information,Alphabet Inc.,2023-05-08,
GOOGL,1 week,0.05,2023-05-15 00:00:00+08:00,12025.010322580643,11187.23255095738,7.49,Internet Content & Information,Alphabet Inc.,2023-05-15,
GOOGL,1 week,0.05,2023-10-23 00:00:00+08:00,12857.184512161028,13830.405561993048,-7.04,Internet Content & Information,Alphabet Inc.,2023-10-23,
GOOGL,1 week,0.05,2024-03-18 00:00:00+08:00,14825.737328657951,13991.705439616831,5.96,Internet Content & Information,Alphabet Inc.,2024-03-18,
GOOGL,2 weeks,0.05,2014-10-13 00:00:00+08:00,54056.11165698973,57992.30767263427,-6.79,Internet Content & Information,Alphabet Inc.,2014-10-13,
GOOGL,2 weeks,0.05,2015-01-05 00:00:00+08:00,50586.40210732664,53554.43342484558,-5.54,Internet Content & Information,Alphabet Inc.,2015-01-05,
GOOGL,2 weeks,0.05,2015-07-06 00:00:00+08:00,58599.122155132376,55245.93534230544,6.07,Internet Content & Information,Alphabet Inc.,2015-07-06,
GOOGL,2 weeks,0.05,2015-07-20 00:00:00+08:00,67445.3165467626,58599.122155132376,15.1,Internet Content & Information,Alphabet Inc.,2015-07-20,
GOOGL,2 weeks,0.05,2015-10-12 00:00:00+08:00,69306.78214285715,65031.19830169831,6.57,Internet Content & Information,Alphabet Inc.,2015-10-12,
GOOGL,2 weeks,0.05,2015-10-26 00:00:00+08:00,74386.15137730604,69306.78214285715,7.33,Internet Content & Information,Alphabet Inc.,2015-10-26,
GOOGL,2 weeks,0.05,2016-02-08 00:00:00+08:00,71085.42724128757,75112.39019143903,-5.36,Internet Content & Information,Alphabet Inc.,2016-02-08,
GOOGL,2 weeks,0.05,2016-07-11 00:00:00+08:00,74313.58929546695,70000.44965277778,6.16,Internet Content & Information,Alphabet Inc.,2016-07-11,
GOOGL,2 weeks,0.05,2016-07-25 00:00:00+08:00,78485.57928015565,74313.58929546695,5.61,Internet Content & Information,Alphabet Inc.,2016-07-25,
GOOGL,2 weeks,0.05,2017-05-01 00:00:00+08:00,94890.52450090744,87844.97608859804,8.02,Internet Content & Information,Alphabet Inc.,2017-05-01,
GOOGL,2 weeks,0.05,2018-02-05 00:00:00+08:00,106440.01120186696,117096.66252686888,-9.1,Internet Content & Information,Alphabet Inc.,2018-02-05,
GOOGL,2 weeks,0.05,2018-03-19 00:00:00+08:00,105721.10047219308,113315.54147698532,-6.7,Internet Content & Information,Alphabet Inc.,2018-03-19,
GOOGL,2 weeks,0.05,2018-07-09 00:00:00+08:00,119419.1599791558,113390.81501425404,5.32,Internet Content & Information,Alphabet Inc.,2018-07-09,
GOOGL,2 weeks,0.05,2019-04-29 00:00:00+08:00,118839.13646895273,125123.30897513645,-5.02,Internet Content & Information,Alphabet Inc.,2019-04-29,
GOOGL,2 weeks,0.05,2019-05-27 00:00:00+08:00,107954.3606557377,115387.3871401668,-6.44,Internet Content & Information,Alphabet Inc.,2019-05-27,
GOOGL,2 weeks,0.05,2020-01-06 00:00:00+08:00,142567.6334455087,135264.33240667195,5.4,Internet Content & Information,Alphabet Inc.,2020-01-06,
GOOGL,2 weeks,0.05,2020-03-02 00:00:00+08:00,126381.26914968377,142804.1568627451,-11.5,Internet Content & Information,Alphabet Inc.,2020-03-02,
GOOGL,2 weeks,0.05,2020-03-16 00:00:00+08:00,110059.89600938967,126381.26914968377,-12.91,Internet Content & Information,Alphabet Inc.,2020-03-16,
GOOGL,2 weeks,0.05,2020-04-13 00:00:00+08:00,125189.61523532264,115250.11282051282,8.62,Internet Content & Information,Alphabet Inc.,2020-04-13,
GOOGL,2 weeks,0.05,2020-04-27 00:00:00+08:00,132972.4358672629,125189.61523532264,6.22,Internet Content & Information,Alphabet Inc.,2020-04-27,
GOOGL,2 weeks,0.05,2020-07-06 00:00:00+08:00,151243.88132545594,142925.61148086522,5.82,Internet Content & Information,Alphabet Inc.,2020-07-06,
GOOGL,2 weeks,0.05,2020-08-17 00:00:00+08:00,158544.6641618497,149476.16694398224,6.07,Internet Content & Information,Alphabet Inc.,2020-08-17,
GOOGL,2 weeks,0.05,2020-09-14 00:00:00+08:00,146718.8730494578,159144.42496371552,-7.81,Internet Content & Information,Alphabet Inc.,2020-09-14,
GOOGL,2 weeks,0.05,2020-10-12 00:00:00+08:00,157373.64974874372,147204.8869588455,6.91,Internet Content & Information,Alphabet Inc.,2020-10-12,
GOOGL,2 weeks,0.05,2020-11-09 00:00:00+08:00,175849.68655387356,164563.44314101027,6.86,Internet Content & Information,Alphabet Inc.,2020-11-09,
GOOGL,2 weeks,0.05,2021-01-25 00:00:00+08:00,193539.47309048177,179995.96159441373,7.52,Internet Content & Information,Alphabet Inc.,2021-01-25,
GOOGL,2 weeks,0.05,2021-02-08 00:00:00+08:00,209491.4649434572,193539.47309048177,8.24,Internet Content & Information,Alphabet Inc.,2021-02-08,
GOOGL,2 weeks,0.05,2021-04-05 00:00:00+08:00,224525.6814792723,205047.51196935843,9.5,Internet Content & Information,Alphabet Inc.,2021-04-05,
GOOGL,2 weeks,0.05,2021-07-26 00:00:00+08:00,269880.7513982103,255027.52459016393,5.82,Internet Content & Information,Alphabet Inc.,2021-07-26,
GOOGL,2 weeks,0.05,2022-03-21 00:00:00+08:00,280287.5672120629,261225.5185185185,7.3,Internet Content & Information,Alphabet Inc.,2022-03-21,
GOOGL,2 weeks,0.05,2022-04-18 00:00:00+08:00,242644.8123706004,267876.51816312544,-9.42,Internet Content & Information,Alphabet Inc.,2022-04-18,
GOOGL,2 weeks,0.05,2022-07-11 00:00:00+08:00,84994.73126946327,226387.9156365884,-62.46,Internet Content & Information,Alphabet Inc.,2022-07-11,
GOOGL,2 weeks,0.05,2022-07-25 00:00:00+08:00,11323.973949449528,84994.73126946327,-86.68,Internet Content & Information,Alphabet Inc.,2022-07-25,
GOOGL,2 weeks,0.05,2022-08-08 00:00:00+08:00,11951.332414553472,11323.973949449528,5.54,Internet Content & Information,Alphabet Inc.,2022-08-08,
GOOGL,2 weeks,0.05,2022-08-22 00:00:00+08:00,11150.09948364888,11951.332414553472,-6.7,Internet Content & Information,Alphabet Inc.,2022-08-22,
GOOGL,2 weeks,0.05,2022-09-19 00:00:00+08:00,10023.971226927251,10663.954303722672,-6.0,Internet Content & Information,Alphabet Inc.,2022-09-19,
GOOGL,2 weeks,0.05,2022-10-31 00:00:00+08:00,8984.78495464498,9874.458387235876,-9.01,Internet Content & Information,Alphabet Inc.,2022-10-31,
GOOGL,2 weeks,0.05,2022-11-14 00:00:00+08:00,9742.125650093612,8984.78495464498,8.43,Internet Content & Information,Alphabet Inc.,2022-11-14,
GOOGL,2 weeks,0.05,2022-12-12 00:00:00+08:00,9100.402309218834,9715.930797170711,-6.34,Internet Content & Information,Alphabet Inc.,2022-12-12,
GOOGL,2 weeks,0.05,2023-01-23 00:00:00+08:00,9966.431774024808,9134.122255303311,9.11,Internet Content & Information,Alphabet Inc.,2023-01-23,
GOOGL,2 weeks,0.05,2023-02-20 00:00:00+08:00,9098.469520789287,9761.818332184701,-6.8,Internet Content & Information,Alphabet Inc.,2023-02-20,
GOOGL,2 weeks,0.05,2023-03-20 00:00:00+08:00,10322.935810153667,9551.500768344218,8.08,Internet Content & Information,Alphabet Inc.,2023-03-20,
GOOGL,2 weeks,0.05,2023-05-15 00:00:00+08:00,12191.568059512503,10902.580799735624,11.82,Internet Content & Information,Alphabet Inc.,2023-05-15,
GOOGL,2 weeks,0.05,2023-07-24 00:00:00+08:00,12886.03983038013,12136.022848808943,6.18,Internet Content & Information,Alphabet Inc.,2023-07-24,
GOOGL,2 weeks,0.05,2023-11-13 00:00:00+08:00,13540.681177446104,12835.226911976912,5.5,Internet Content & Information,Alphabet Inc.,2023-11-13,
GOOGL,2 weeks,0.05,2024-03-18 00:00:00+08:00,14912.363497225942,13653.001288659794,9.22,Internet Content & Information,Alphabet Inc.,2024-03-18,
GOOGL,2 weeks,0.05,2024-04-29 00:00:00+08:00,16735.6745977405,15881.668017506889,5.38,Internet Content & Information,Alphabet Inc.,2024-04-29,
GOOGL,2 weeks,0.05,2024-06-24 00:00:00+08:00,18527.02298236237,17576.22093981863,5.41,Internet Content & Information,Alphabet Inc.,2024-06-24,
GOOGL,1 week,0.1,2015-07-13 00:00:00+08:00,61633.19251559251,54760.64807995792,12.55,Internet Content & Information,Alphabet Inc.,2015-07-13,
GOOGL,1 week,0.1,2015-07-20 00:00:00+08:00,68775.75907441016,61633.19251559251,11.59,Internet Content & Information,Alphabet Inc.,2015-07-20,
GOOGL,1 week,0.1,2020-03-09 00:00:00+08:00,119426.54315886134,133625.35963653753,-10.63,Internet Content & Information,Alphabet Inc.,2020-03-09,
GOOGL,1 week,0.1,2022-01-31 00:00:00+08:00,285734.2193133047,258704.09878419453,10.45,Internet Content & Information,Alphabet Inc.,2022-01-31,
GOOGL,1 week,0.1,2022-07-18 00:00:00+08:00,11187.702763047724,225959.8608742004,-95.05,Internet Content & Information,Alphabet Inc.,2022-07-18,
GOOGL,2 weeks,0.1,2015-07-20 00:00:00+08:00,67445.3165467626,58599.122155132376,15.1,Internet Content & Information,Alphabet Inc.,2015-07-20,
GOOGL,2 weeks,0.1,2020-03-02 00:00:00+08:00,126381.26914968377,142804.1568627451,-11.5,Internet Content & Information,Alphabet Inc.,2020-03-02,
GOOGL,2 weeks,0.1,2020-03-16 00:00:00+08:00,110059.89600938967,126381.26914968377,-12.91,Internet Content & Information,Alphabet Inc.,2020-03-16,
GOOGL,2 weeks,0.1,2022-07-11 00:00:00+08:00,84994.73126946327,226387.9156365884,-62.46,Internet Content & Information,Alphabet Inc.,2022-07-11,
GOOGL,2 weeks,0.1,2022-07-25 00:00:00+08:00,11323.973949449528,84994.73126946327,-86.68,Internet Content & Information,Alphabet Inc.,2022-07-25,
GOOGL,2 weeks,0.1,2023-05-15 00:00:00+08:00,12191.568059512503,10902.580799735624,11.82,Internet Content & Information,Alphabet Inc.,2023-05-15,
GOOGL,1 week,0.15,2022-07-18 00:00:00+08:00,11187.702763047724,225959.8608742004,-95.05,Internet Content & Information,Alphabet Inc.,2022-07-18,
GOOGL,2 weeks,0.15,2015-07-20 00:00:00+08:00,67445.3165467626,58599.122155132376,15.1,Internet Content & Information,Alphabet Inc.,2015-07-20,
GOOGL,2 weeks,0.15,2022-07-11 00:00:00+08:00,84994.73126946327,226387.9156365884,-62.46,Internet Content & Information,Alphabet Inc.,2022-07-11,
GOOGL,2 weeks,0.15,2022-07-25 00:00:00+08:00,11323.973949449528,84994.73126946327,-86.68,Internet Content & Information,Alphabet Inc.,2022-07-25,
HD,1 week,0.05,2014-08-18 00:00:00+08:00,8869.299401197604,8317.928140703516,6.63,Home Improvement,"The Home Depot, Inc.",2014-08-18,
HD,1 week,0.05,2015-11-23 00:00:00+08:00,13355.01788170564,12531.248611111112,6.57,Home Improvement,"The Home Depot, Inc.",2015-11-23,
HD,1 week,0.05,2016-02-08 00:00:00+08:00,11355.88148148148,12263.491254372813,-7.4,Home Improvement,"The Home Depot, Inc.",2016-02-08,
HD,1 week,0.05,2016-02-15 00:00:00+08:00,12022.556511056511,11355.88148148148,5.87,Home Improvement,"The Home Depot, Inc.",2016-02-15,
HD,1 week,0.05,2018-02-05 00:00:00+08:00,18720.34401805869,20150.867122618463,-7.1,Home Improvement,"The Home Depot, Inc.",2018-02-05,
HD,1 week,0.05,2019-08-19 00:00:00+08:00,21630.032325776658,20485.69024390244,5.59,Home Improvement,"The Home Depot, Inc.",2019-08-19,
HD,1 week,0.05,2020-03-09 00:00:00+08:00,20679.94362416107,23005.706451612903,-10.11,Home Improvement,"The Home Depot, Inc.",2020-03-09,
HD,1 week,0.05,2020-03-16 00:00:00+08:00,16321.216027874563,20679.94362416107,-21.08,Home Improvement,"The Home Depot, Inc.",2020-03-16,
HD,1 week,0.05,2020-03-23 00:00:00+08:00,18069.324452084227,16321.216027874563,10.71,Home Improvement,"The Home Depot, Inc.",2020-03-23,
HD,1 week,0.05,2020-04-06 00:00:00+08:00,19585.721555174383,18434.8359592215,6.24,Home Improvement,"The Home Depot, Inc.",2020-04-06,
HD,1 week,0.05,2020-04-27 00:00:00+08:00,21954.18936567164,20525.618241654913,6.96,Home Improvement,"The Home Depot, Inc.",2020-04-27,
HD,1 week,0.05,2021-02-22 00:00:00+08:00,26379.32138172278,28003.356097560976,-5.8,Home Improvement,"The Home Depot, Inc.",2021-02-22,
HD,1 week,0.05,2021-03-15 00:00:00+08:00,28201.551306873185,26651.070242050308,5.82,Home Improvement,"The Home Depot, Inc.",2021-03-15,
HD,1 week,0.05,2021-10-18 00:00:00+08:00,35911.570256410254,34166.56967840735,5.11,Home Improvement,"The Home Depot, Inc.",2021-10-18,
HD,1 week,0.05,2021-11-15 00:00:00+08:00,39285.549455535394,36952.210953346854,6.31,Home Improvement,"The Home Depot, Inc.",2021-11-15,
HD,1 week,0.05,2022-01-10 00:00:00+08:00,38543.937803692905,40628.484592445326,-5.13,Home Improvement,"The Home Depot, Inc.",2022-01-10,
HD,1 week,0.05,2022-01-17 00:00:00+08:00,35922.42959427208,38543.937803692905,-6.8,Home Improvement,"The Home Depot, Inc.",2022-01-17,
HD,1 week,0.05,2022-02-21 00:00:00+08:00,31366.147970085472,34987.19900744417,-10.35,Home Improvement,"The Home Depot, Inc.",2022-02-21,
HD,1 week,0.05,2022-06-13 00:00:00+08:00,27776.610402355247,29922.87622789784,-7.17,Home Improvement,"The Home Depot, Inc.",2022-06-13,
HD,1 week,0.05,2023-02-20 00:00:00+08:00,29828.879232505646,31930.37493759361,-6.58,Home Improvement,"The Home Depot, Inc.",2023-02-20,
HD,1 week,0.05,2024-04-01 00:00:00+08:00,36354.10020242915,38392.921925829534,-5.31,Home Improvement,"The Home Depot, Inc.",2024-04-01,
HD,1 week,0.05,2024-07-15 00:00:00+08:00,36615.67394778902,34634.372413793106,5.72,Home Improvement,"The Home Depot, Inc.",2024-07-15,
HD,2 weeks,0.05,2014-08-18 00:00:00+08:00,9023.167084568042,8194.962607377463,10.11,Home Improvement,"The Home Depot, Inc.",2014-08-18,
HD,2 weeks,0.05,2014-10-27 00:00:00+08:00,9649.255340537824,9175.720307463427,5.16,Home Improvement,"The Home Depot, Inc.",2014-10-27,
HD,2 weeks,0.05,2015-11-23 00:00:00+08:00,13366.441329479769,12461.21047573282,7.26,Home Improvement,"The Home Depot, Inc.",2015-11-23,
HD,2 weeks,0.05,2016-01-11 00:00:00+08:00,12154.231353403851,12835.221473278769,-5.31,Home Improvement,"The Home Depot, Inc.",2016-01-11,
HD,2 weeks,0.05,2016-02-08 00:00:00+08:00,11652.992608814671,12266.67616904226,-5.0,Home Improvement,"The Home Depot, Inc.",2016-02-08,
HD,2 weeks,0.05,2016-02-22 00:00:00+08:00,12526.327148896196,11652.992608814671,7.49,Home Improvement,"The Home Depot, Inc.",2016-02-22,
HD,2 weeks,0.05,2016-07-11 00:00:00+08:00,13554.511973783716,12888.521010711343,5.17,Home Improvement,"The Home Depot, Inc.",2016-07-11,
HD,2 weeks,0.05,2017-09-04 00:00:00+08:00,15806.445196889892,14978.141317365267,5.53,Home Improvement,"The Home Depot, Inc.",2017-09-04,
HD,2 weeks,0.05,2017-11-27 00:00:00+08:00,18005.063173007897,16851.512108843537,6.85,Home Improvement,"The Home Depot, Inc.",2017-11-27,
HD,2 weeks,0.05,2018-02-05 00:00:00+08:00,18585.279347576383,20318.906735751298,-8.53,Home Improvement,"The Home Depot, Inc.",2018-02-05,
HD,2 weeks,0.05,2018-10-15 00:00:00+08:00,18214.041172196656,19920.273717328168,-8.57,Home Improvement,"The Home Depot, Inc.",2018-10-15,
HD,2 weeks,0.05,2019-01-07 00:00:00+08:00,17754.067738791426,16865.23458401305,5.27,Home Improvement,"The Home Depot, Inc.",2019-01-07,
HD,2 weeks,0.05,2019-04-01 00:00:00+08:00,19964.661093087096,18816.63042394015,6.1,Home Improvement,"The Home Depot, Inc.",2019-04-01,
HD,2 weeks,0.05,2019-06-10 00:00:00+08:00,20454.555833750623,19316.109201773837,5.89,Home Improvement,"The Home Depot, Inc.",2019-06-10,
HD,2 weeks,0.05,2019-08-19 00:00:00+08:00,21916.44940542966,20635.725873442465,6.21,Home Improvement,"The Home Depot, Inc.",2019-08-19,
HD,2 weeks,0.05,2019-11-25 00:00:00+08:00,21704.863215258854,22955.796560964714,-5.45,Home Improvement,"The Home Depot, Inc.",2019-11-25,
HD,2 weeks,0.05,2020-03-02 00:00:00+08:00,21825.665607264473,23832.173789173787,-8.42,Home Improvement,"The Home Depot, Inc.",2020-03-02,
HD,2 weeks,0.05,2020-03-16 00:00:00+08:00,17201.131300021632,21825.665607264473,-21.19,Home Improvement,"The Home Depot, Inc.",2020-03-16,
HD,2 weeks,0.05,2020-03-30 00:00:00+08:00,18950.03916048119,17201.131300021632,10.17,Home Improvement,"The Home Depot, Inc.",2020-03-30,
HD,2 weeks,0.05,2020-04-13 00:00:00+08:00,20382.168109339407,18950.03916048119,7.56,Home Improvement,"The Home Depot, Inc.",2020-04-13,
HD,2 weeks,0.05,2020-04-27 00:00:00+08:00,22337.863583000704,20382.168109339407,9.6,Home Improvement,"The Home Depot, Inc.",2020-04-27,
HD,2 weeks,0.05,2020-05-11 00:00:00+08:00,23804.0761778952,22337.863583000704,6.56,Home Improvement,"The Home Depot, Inc.",2020-05-11,
HD,2 weeks,0.05,2021-02-22 00:00:00+08:00,26025.159216589866,27891.42691351202,-6.69,Home Improvement,"The Home Depot, Inc.",2021-02-22,
HD,2 weeks,0.05,2021-03-08 00:00:00+08:00,27418.693985142585,26025.159216589866,5.35,Home Improvement,"The Home Depot, Inc.",2021-03-08,
HD,2 weeks,0.05,2021-03-22 00:00:00+08:00,29876.67076838939,27418.693985142585,8.96,Home Improvement,"The Home Depot, Inc.",2021-03-22,
HD,2 weeks,0.05,2021-04-05 00:00:00+08:00,31812.59217603912,29876.67076838939,6.48,Home Improvement,"The Home Depot, Inc.",2021-04-05,
HD,2 weeks,0.05,2021-10-18 00:00:00+08:00,36560.584611451945,33652.525094577555,8.64,Home Improvement,"The Home Depot, Inc.",2021-10-18,
HD,2 weeks,0.05,2021-11-15 00:00:00+08:00,39919.70704302549,36922.18347693867,8.12,Home Improvement,"The Home Depot, Inc.",2021-11-15,
HD,2 weeks,0.05,2022-01-10 00:00:00+08:00,37367.27798607391,40742.23264683448,-8.28,Home Improvement,"The Home Depot, Inc.",2022-01-10,
HD,2 weeks,0.05,2022-02-21 00:00:00+08:00,31775.00308404009,35444.96556886227,-10.35,Home Improvement,"The Home Depot, Inc.",2022-02-21,
HD,2 weeks,0.05,2022-06-13 00:00:00+08:00,27580.87623762376,30056.74191780822,-8.24,Home Improvement,"The Home Depot, Inc.",2022-06-13,
HD,2 weeks,0.05,2022-07-11 00:00:00+08:00,29436.474507824332,27942.792269187987,5.35,Home Improvement,"The Home Depot, Inc.",2022-07-11,
HD,2 weeks,0.05,2022-08-22 00:00:00+08:00,30036.99871266735,31657.722551576953,-5.12,Home Improvement,"The Home Depot, Inc.",2022-08-22,
HD,2 weeks,0.05,2022-11-14 00:00:00+08:00,31538.96947595894,29446.283870967745,7.11,Home Improvement,"The Home Depot, Inc.",2022-11-14,
HD,2 weeks,0.05,2023-02-20 00:00:00+08:00,29633.07328730749,32048.05301691492,-7.54,Home Improvement,"The Home Depot, Inc.",2023-02-20,
HD,2 weeks,0.05,2023-09-18 00:00:00+08:00,30785.3723156533,32736.689644970415,-5.96,Home Improvement,"The Home Depot, Inc.",2023-09-18,
HD,2 weeks,0.05,2023-12-11 00:00:00+08:00,34570.53731343283,31928.608104642215,8.27,Home Improvement,"The Home Depot, Inc.",2023-12-11,
HD,2 weeks,0.05,2024-04-01 00:00:00+08:00,35823.10511651469,38375.34389400922,-6.65,Home Improvement,"The Home Depot, Inc.",2024-04-01,
HD,2 weeks,0.05,2024-04-15 00:00:00+08:00,33504.24857881137,35823.10511651469,-6.47,Home Improvement,"The Home Depot, Inc.",2024-04-15,
HD,2 weeks,0.05,2024-07-08 00:00:00+08:00,35622.91653375864,33553.93284132841,6.17,Home Improvement,"The Home Depot, Inc.",2024-07-08,
HD,1 week,0.1,2020-03-09 00:00:00+08:00,20679.94362416107,23005.706451612903,-10.11,Home Improvement,"The Home Depot, Inc.",2020-03-09,
HD,1 week,0.1,2020-03-16 00:00:00+08:00,16321.216027874563,20679.94362416107,-21.08,Home Improvement,"The Home Depot, Inc.",2020-03-16,
HD,1 week,0.1,2020-03-23 00:00:00+08:00,18069.324452084227,16321.216027874563,10.71,Home Improvement,"The Home Depot, Inc.",2020-03-23,
HD,1 week,0.1,2022-02-21 00:00:00+08:00,31366.147970085472,34987.19900744417,-10.35,Home Improvement,"The Home Depot, Inc.",2022-02-21,
HD,2 weeks,0.1,2014-08-18 00:00:00+08:00,9023.167084568042,8194.962607377463,10.11,Home Improvement,"The Home Depot, Inc.",2014-08-18,
HD,2 weeks,0.1,2020-03-16 00:00:00+08:00,17201.131300021632,21825.665607264473,-21.19,Home Improvement,"The Home Depot, Inc.",2020-03-16,
HD,2 weeks,0.1,2020-03-30 00:00:00+08:00,18950.03916048119,17201.131300021632,10.17,Home Improvement,"The Home Depot, Inc.",2020-03-30,
HD,2 weeks,0.1,2022-02-21 00:00:00+08:00,31775.00308404009,35444.96556886227,-10.35,Home Improvement,"The Home Depot, Inc.",2022-02-21,
HD,1 week,0.15,2020-03-16 00:00:00+08:00,16321.216027874563,20679.94362416107,-21.08,Home Improvement,"The Home Depot, Inc.",2020-03-16,
HD,2 weeks,0.15,2020-03-16 00:00:00+08:00,17201.131300021632,21825.665607264473,-21.19,Home Improvement,"The Home Depot, Inc.",2020-03-16,
JNJ,1 week,0.05,2018-02-05 00:00:00+08:00,13053.330748175182,14100.69734939759,-7.43,Drug Manufacturers - General,Johnson & Johnson,2018-02-05,
JNJ,1 week,0.05,2018-12-17 00:00:00+08:00,12954.942215088284,14390.25234521576,-9.97,Drug Manufacturers - General,Johnson & Johnson,2018-12-17,
JNJ,1 week,0.05,2020-03-23 00:00:00+08:00,11962.699161887958,12948.77712742008,-7.62,Drug Manufacturers - General,Johnson & Johnson,2020-03-23,
JNJ,1 week,0.05,2020-03-30 00:00:00+08:00,13130.178749520523,11962.699161887958,9.76,Drug Manufacturers - General,Johnson & Johnson,2020-03-30,
JNJ,1 week,0.05,2020-04-06 00:00:00+08:00,13989.349465391108,13130.178749520523,6.54,Drug Manufacturers - General,Johnson & Johnson,2020-04-06,
JNJ,1 week,0.05,2020-11-09 00:00:00+08:00,14798.128944995491,14011.843075539568,5.61,Drug Manufacturers - General,Johnson & Johnson,2020-11-09,
JNJ,1 week,0.05,2021-01-04 00:00:00+08:00,15847.536067892504,15068.441881100265,5.17,Drug Manufacturers - General,Johnson & Johnson,2021-01-04,
JNJ,1 week,0.05,2023-04-03 00:00:00+08:00,16136.976558337772,15332.28309370352,5.25,Drug Manufacturers - General,Johnson & Johnson,2023-04-03,
JNJ,1 week,0.05,2023-07-24 00:00:00+08:00,17286.294836956524,16291.166593018119,6.11,Drug Manufacturers - General,Johnson & Johnson,2023-07-24,
JNJ,2 weeks,0.05,2014-10-27 00:00:00+08:00,10678.91478388998,9964.418690724033,7.17,Drug Manufacturers - General,Johnson & Johnson,2014-10-27,
JNJ,2 weeks,0.05,2017-02-20 00:00:00+08:00,12198.91212458287,11544.214536340853,5.67,Drug Manufacturers - General,Johnson & Johnson,2017-02-20,
JNJ,2 weeks,0.05,2017-10-16 00:00:00+08:00,14121.730334316619,13388.907546226888,5.47,Drug Manufacturers - General,Johnson & Johnson,2017-10-16,
JNJ,2 weeks,0.05,2018-02-05 00:00:00+08:00,13047.60241820768,14278.552068805207,-8.62,Drug Manufacturers - General,Johnson & Johnson,2018-02-05,
JNJ,2 weeks,0.05,2018-12-10 00:00:00+08:00,13616.724480968858,14469.669139873591,-5.89,Drug Manufacturers - General,Johnson & Johnson,2018-12-10,
JNJ,2 weeks,0.05,2018-12-24 00:00:00+08:00,12645.414049854322,13616.724480968858,-7.13,Drug Manufacturers - General,Johnson & Johnson,2018-12-24,
JNJ,2 weeks,0.05,2020-03-02 00:00:00+08:00,13591.89297964784,14506.8964332893,-6.31,Drug Manufacturers - General,Johnson & Johnson,2020-03-02,
JNJ,2 weeks,0.05,2020-03-16 00:00:00+08:00,12450.684714795008,13591.89297964784,-8.4,Drug Manufacturers - General,Johnson & Johnson,2020-03-16,
JNJ,2 weeks,0.05,2020-03-30 00:00:00+08:00,13478.432937956204,12450.684714795008,8.25,Drug Manufacturers - General,Johnson & Johnson,2020-03-30,
JNJ,2 weeks,0.05,2020-04-13 00:00:00+08:00,14946.492731936723,13478.432937956204,10.89,Drug Manufacturers - General,Johnson & Johnson,2020-04-13,
JNJ,2 weeks,0.05,2020-11-09 00:00:00+08:00,14823.684367816091,14002.528600964852,5.86,Drug Manufacturers - General,Johnson & Johnson,2020-11-09,
JNJ,2 weeks,0.05,2022-03-07 00:00:00+08:00,17224.510360138134,16398.385098253275,5.04,Drug Manufacturers - General,Johnson & Johnson,2022-03-07,
JNJ,2 weeks,0.05,2023-04-03 00:00:00+08:00,16303.493203385484,15286.721020656136,6.65,Drug Manufacturers - General,Johnson & Johnson,2023-04-03,
JNJ,2 weeks,0.05,2023-07-24 00:00:00+08:00,17117.536392405065,16103.252522881952,6.3,Drug Manufacturers - General,Johnson & Johnson,2023-07-24,
JNJ,2 weeks,0.1,2020-04-13 00:00:00+08:00,14946.492731936723,13478.432937956204,10.89,Drug Manufacturers - General,Johnson & Johnson,2020-04-13,
JPM,1 week,0.05,2014-04-14 00:00:00+08:00,5501.091633466135,5794.57974793568,-5.06,Banks - Diversified,JPMorgan Chase & Co.,2014-04-14,
JPM,1 week,0.05,2015-08-24 00:00:00+08:00,6252.747381144239,6691.23380799265,-6.55,Banks - Diversified,JPMorgan Chase & Co.,2015-08-24,
JPM,1 week,0.05,2016-01-04 00:00:00+08:00,6207.786878027301,6655.603243917654,-6.73,Banks - Diversified,JPMorgan Chase & Co.,2016-01-04,
JPM,1 week,0.05,2016-01-11 00:00:00+08:00,5819.340841478963,6207.786878027301,-6.26,Banks - Diversified,JPMorgan Chase & Co.,2016-01-11,
JPM,1 week,0.05,2016-07-11 00:00:00+08:00,6346.495700773861,6041.233931673422,5.05,Banks - Diversified,JPMorgan Chase & Co.,2016-07-11,
JPM,1 week,0.05,2016-11-07 00:00:00+08:00,7295.355463917526,6872.137481184145,6.16,Banks - Diversified,JPMorgan Chase & Co.,2016-11-07,
JPM,1 week,0.05,2016-11-14 00:00:00+08:00,7821.6182266009855,7295.355463917526,7.21,Banks - Diversified,JPMorgan Chase & Co.,2016-11-14,
JPM,1 week,0.05,2018-12-10 00:00:00+08:00,10121.446922390724,10724.78534923339,-5.63,Banks - Diversified,JPMorgan Chase & Co.,2018-12-10,
JPM,1 week,0.05,2019-04-01 00:00:00+08:00,10497.955639452572,9993.598012646791,5.05,Banks - Diversified,JPMorgan Chase & Co.,2019-04-01,
JPM,1 week,0.05,2019-08-05 00:00:00+08:00,10898.141279337322,11498.55038387716,-5.22,Banks - Diversified,JPMorgan Chase & Co.,2019-08-05,
JPM,1 week,0.05,2019-09-09 00:00:00+08:00,11711.882193022202,11086.737559241707,5.64,Banks - Diversified,JPMorgan Chase & Co.,2019-09-09,
JPM,1 week,0.05,2020-02-24 00:00:00+08:00,12548.331480746328,13659.362379807691,-8.13,Banks - Diversified,JPMorgan Chase & Co.,2020-02-24,
JPM,1 week,0.05,2020-03-02 00:00:00+08:00,11496.046643913538,12548.331480746328,-8.39,Banks - Diversified,JPMorgan Chase & Co.,2020-03-02,
JPM,1 week,0.05,2020-03-09 00:00:00+08:00,9525.167148826746,11496.046643913538,-17.14,Banks - Diversified,JPMorgan Chase & Co.,2020-03-09,
JPM,1 week,0.05,2020-03-16 00:00:00+08:00,8732.285567715458,9525.167148826746,-8.32,Banks - Diversified,JPMorgan Chase & Co.,2020-03-16,
JPM,1 week,0.05,2020-04-06 00:00:00+08:00,9374.396869244936,8792.819709702062,6.61,Banks - Diversified,JPMorgan Chase & Co.,2020-04-06,
JPM,1 week,0.05,2020-04-27 00:00:00+08:00,9549.661577608142,9049.888408927285,5.52,Banks - Diversified,JPMorgan Chase & Co.,2020-04-27,
JPM,1 week,0.05,2020-05-11 00:00:00+08:00,8708.841160220994,9209.240437158469,-5.43,Banks - Diversified,JPMorgan Chase & Co.,2020-05-11,
JPM,1 week,0.05,2020-05-25 00:00:00+08:00,9855.34058577406,9010.775047258981,9.37,Banks - Diversified,JPMorgan Chase & Co.,2020-05-25,
JPM,1 week,0.05,2020-06-01 00:00:00+08:00,10370.363805276847,9855.34058577406,5.23,Banks - Diversified,JPMorgan Chase & Co.,2020-06-01,
JPM,1 week,0.05,2020-06-15 00:00:00+08:00,10004.62531194296,10574.794616151545,-5.39,Banks - Diversified,JPMorgan Chase & Co.,2020-06-15,
JPM,1 week,0.05,2020-07-13 00:00:00+08:00,9884.138404825737,9323.941719971572,6.01,Banks - Diversified,JPMorgan Chase & Co.,2020-07-13,
JPM,1 week,0.05,2020-08-10 00:00:00+08:00,10281.679069767442,9691.686167989972,6.09,Banks - Diversified,JPMorgan Chase & Co.,2020-08-10,
JPM,1 week,0.05,2020-09-21 00:00:00+08:00,9367.825098039217,10001.125363221252,-6.33,Banks - Diversified,JPMorgan Chase & Co.,2020-09-21,
JPM,1 week,0.05,2020-11-09 00:00:00+08:00,11472.24088688463,10226.473167044596,12.18,Banks - Diversified,JPMorgan Chase & Co.,2020-11-09,
JPM,1 week,0.05,2021-01-04 00:00:00+08:00,13091.165544554457,11982.47852147852,9.25,Banks - Diversified,JPMorgan Chase & Co.,2021-01-04,
JPM,1 week,0.05,2021-01-11 00:00:00+08:00,13959.606387071952,13091.165544554457,6.63,Banks - Diversified,JPMorgan Chase & Co.,2021-01-11,
JPM,1 week,0.05,2021-06-14 00:00:00+08:00,15371.982441812985,16311.568957669548,-5.76,Banks - Diversified,JPMorgan Chase & Co.,2021-06-14,
JPM,1 week,0.05,2021-09-27 00:00:00+08:00,16588.692835692837,15702.671256454389,5.64,Banks - Diversified,JPMorgan Chase & Co.,2021-09-27,
JPM,1 week,0.05,2022-01-17 00:00:00+08:00,14961.572433192687,16574.4226487524,-9.73,Banks - Diversified,JPMorgan Chase & Co.,2022-01-17,
JPM,1 week,0.05,2022-02-28 00:00:00+08:00,13819.79751263117,14797.0436382755,-6.6,Banks - Diversified,JPMorgan Chase & Co.,2022-02-28,
JPM,1 week,0.05,2022-03-07 00:00:00+08:00,13112.89158110883,13819.79751263117,-5.12,Banks - Diversified,JPMorgan Chase & Co.,2022-03-07,
JPM,1 week,0.05,2022-04-25 00:00:00+08:00,12307.76427923844,13010.686409550046,-5.4,Banks - Diversified,JPMorgan Chase & Co.,2022-04-25,
JPM,1 week,0.05,2022-05-23 00:00:00+08:00,12689.576545842216,11921.132049518568,6.45,Banks - Diversified,JPMorgan Chase & Co.,2022-05-23,
JPM,1 week,0.05,2022-06-13 00:00:00+08:00,11464.100992662927,12699.459372114496,-9.73,Banks - Diversified,JPMorgan Chase & Co.,2022-06-13,
JPM,1 week,0.05,2022-09-26 00:00:00+08:00,10663.411526794742,11357.427171492203,-6.11,Banks - Diversified,JPMorgan Chase & Co.,2022-09-26,
JPM,1 week,0.05,2022-10-17 00:00:00+08:00,11749.96049165935,10681.530679933663,10.0,Banks - Diversified,JPMorgan Chase & Co.,2022-10-17,
JPM,1 week,0.05,2022-10-24 00:00:00+08:00,12386.715944618132,11749.96049165935,5.42,Banks - Diversified,JPMorgan Chase & Co.,2022-10-24,
JPM,1 week,0.05,2023-03-13 00:00:00+08:00,12926.858685446008,13680.634032634032,-5.51,Banks - Diversified,JPMorgan Chase & Co.,2023-03-13,
JPM,1 week,0.05,2023-04-17 00:00:00+08:00,14031.189129474147,13068.082516339868,7.37,Banks - Diversified,JPMorgan Chase & Co.,2023-04-17,
JPM,1 week,0.05,2024-04-15 00:00:00+08:00,18220.334375,19361.16036560033,-5.89,Banks - Diversified,JPMorgan Chase & Co.,2024-04-15,
JPM,1 week,0.05,2024-04-22 00:00:00+08:00,19170.831719686492,18220.334375,5.22,Banks - Diversified,JPMorgan Chase & Co.,2024-04-22,
JPM,2 weeks,0.05,2014-04-14 00:00:00+08:00,5541.11038961039,5920.178280542987,-6.4,Banks - Diversified,JPMorgan Chase & Co.,2014-04-14,
JPM,2 weeks,0.05,2015-01-05 00:00:00+08:00,5835.723408989764,6265.521994134898,-6.86,Banks - Diversified,JPMorgan Chase & Co.,2015-01-05,
JPM,2 weeks,0.05,2015-08-17 00:00:00+08:00,6457.637905129856,6808.2620525059665,-5.15,Banks - Diversified,JPMorgan Chase & Co.,2015-08-17,
JPM,2 weeks,0.05,2015-10-26 00:00:00+08:00,6538.567099567099,6206.867842418689,5.34,Banks - Diversified,JPMorgan Chase & Co.,2015-10-26,
JPM,2 weeks,0.05,2015-12-28 00:00:00+08:00,6207.786878027301,6620.741788617886,-6.24,Banks - Diversified,JPMorgan Chase & Co.,2015-12-28,
JPM,2 weeks,0.05,2016-01-11 00:00:00+08:00,5736.517635611773,6207.786878027301,-7.59,Banks - Diversified,JPMorgan Chase & Co.,2016-01-11,
JPM,2 weeks,0.05,2016-04-18 00:00:00+08:00,6352.590587661545,5963.055454956994,6.53,Banks - Diversified,JPMorgan Chase & Co.,2016-04-18,
JPM,2 weeks,0.05,2016-07-11 00:00:00+08:00,6368.781171067739,6018.411196911196,5.82,Banks - Diversified,JPMorgan Chase & Co.,2016-07-11,
JPM,2 weeks,0.05,2016-11-14 00:00:00+08:00,7826.3686635944705,7104.437980986872,10.16,Banks - Diversified,JPMorgan Chase & Co.,2016-11-14,
JPM,2 weeks,0.05,2017-11-27 00:00:00+08:00,10407.76204217536,9833.186033519552,5.84,Banks - Diversified,JPMorgan Chase & Co.,2017-11-27,
JPM,2 weeks,0.05,2018-07-23 00:00:00+08:00,11530.453250631748,10849.481449710487,6.28,Banks - Diversified,JPMorgan Chase & Co.,2018-07-23,
JPM,2 weeks,0.05,2018-10-15 00:00:00+08:00,10662.999552472587,11296.929460580912,-5.61,Banks - Diversified,JPMorgan Chase & Co.,2018-10-15,
JPM,2 weeks,0.05,2018-12-10 00:00:00+08:00,9971.45633676668,10871.819798917248,-8.28,Banks - Diversified,JPMorgan Chase & Co.,2018-12-10,
JPM,2 weeks,0.05,2019-04-15 00:00:00+08:00,11288.048126951093,10584.215039281706,6.65,Banks - Diversified,JPMorgan Chase & Co.,2019-04-15,
JPM,2 weeks,0.05,2019-08-05 00:00:00+08:00,10798.8980195766,11535.58270949046,-6.39,Banks - Diversified,JPMorgan Chase & Co.,2019-08-05,
JPM,2 weeks,0.05,2019-09-02 00:00:00+08:00,11440.9594351733,10781.261332099908,6.12,Banks - Diversified,JPMorgan Chase & Co.,2019-09-02,
JPM,2 weeks,0.05,2019-10-14 00:00:00+08:00,12187.212333408628,11449.11815629387,6.45,Banks - Diversified,JPMorgan Chase & Co.,2019-10-14,
JPM,2 weeks,0.05,2020-02-17 00:00:00+08:00,12990.30026296916,13704.121968616262,-5.21,Banks - Diversified,JPMorgan Chase & Co.,2020-02-17,
JPM,2 weeks,0.05,2020-03-02 00:00:00+08:00,10429.344119693807,12990.30026296916,-19.71,Banks - Diversified,JPMorgan Chase & Co.,2020-03-02,
JPM,2 weeks,0.05,2020-03-16 00:00:00+08:00,8816.604076697184,10429.344119693807,-15.46,Banks - Diversified,JPMorgan Chase & Co.,2020-03-16,
JPM,2 weeks,0.05,2020-05-11 00:00:00+08:00,8852.969500090237,9385.505928853756,-5.67,Banks - Diversified,JPMorgan Chase & Co.,2020-05-11,
JPM,2 weeks,0.05,2020-05-25 00:00:00+08:00,10128.107262349931,8852.969500090237,14.4,Banks - Diversified,JPMorgan Chase & Co.,2020-05-25,
JPM,2 weeks,0.05,2020-06-22 00:00:00+08:00,9505.174859141249,10299.712934296525,-7.71,Banks - Diversified,JPMorgan Chase & Co.,2020-06-22,
JPM,2 weeks,0.05,2020-11-09 00:00:00+08:00,11524.222683264175,10037.650971159506,14.81,Banks - Diversified,JPMorgan Chase & Co.,2020-11-09,
JPM,2 weeks,0.05,2020-12-28 00:00:00+08:00,13091.165544554457,12051.94178403756,8.62,Banks - Diversified,JPMorgan Chase & Co.,2020-12-28,
JPM,2 weeks,0.05,2021-01-11 00:00:00+08:00,13808.020755133584,13091.165544554457,5.48,Banks - Diversified,JPMorgan Chase & Co.,2021-01-11,
JPM,2 weeks,0.05,2021-02-08 00:00:00+08:00,14232.378569623452,13250.12326208757,7.41,Banks - Diversified,JPMorgan Chase & Co.,2021-02-08,
JPM,2 weeks,0.05,2021-02-22 00:00:00+08:00,15099.888936443398,14232.378569623452,6.1,Banks - Diversified,JPMorgan Chase & Co.,2021-02-22,
JPM,2 weeks,0.05,2021-05-03 00:00:00+08:00,15902.138441156989,15132.794720072829,5.08,Banks - Diversified,JPMorgan Chase & Co.,2021-05-03,
JPM,2 weeks,0.05,2021-06-14 00:00:00+08:00,15262.689683350358,16441.28929679421,-7.17,Banks - Diversified,JPMorgan Chase & Co.,2021-06-14,
JPM,2 weeks,0.05,2022-01-24 00:00:00+08:00,14726.799917830733,15848.333685099198,-7.08,Banks - Diversified,JPMorgan Chase & Co.,2022-01-24,
JPM,2 weeks,0.05,2022-02-21 00:00:00+08:00,14235.15441340782,15443.16055348122,-7.82,Banks - Diversified,JPMorgan Chase & Co.,2022-02-21,
JPM,2 weeks,0.05,2022-03-07 00:00:00+08:00,13333.541553276116,14235.15441340782,-6.33,Banks - Diversified,JPMorgan Chase & Co.,2022-03-07,
JPM,2 weeks,0.05,2022-04-04 00:00:00+08:00,13144.814840499308,13994.10875863606,-6.07,Banks - Diversified,JPMorgan Chase & Co.,2022-04-04,
JPM,2 weeks,0.05,2022-06-13 00:00:00+08:00,11487.460014323227,12871.442631310556,-10.75,Banks - Diversified,JPMorgan Chase & Co.,2022-06-13,
JPM,2 weeks,0.05,2022-09-19 00:00:00+08:00,11032.358986502486,11709.553208137717,-5.78,Banks - Diversified,JPMorgan Chase & Co.,2022-09-19,
JPM,2 weeks,0.05,2022-10-17 00:00:00+08:00,12065.589329200797,10779.481238075048,11.93,Banks - Diversified,JPMorgan Chase & Co.,2022-10-17,
JPM,2 weeks,0.05,2022-10-31 00:00:00+08:00,13012.355432780849,12065.589329200797,7.85,Banks - Diversified,JPMorgan Chase & Co.,2022-10-31,
JPM,2 weeks,0.05,2023-03-06 00:00:00+08:00,13305.068771929824,14102.454715969989,-5.65,Banks - Diversified,JPMorgan Chase & Co.,2023-03-06,
JPM,2 weeks,0.05,2023-04-17 00:00:00+08:00,13913.15442477876,12971.876680028296,7.26,Banks - Diversified,JPMorgan Chase & Co.,2023-04-17,
JPM,2 weeks,0.05,2023-07-10 00:00:00+08:00,15107.156916578668,14248.028810895756,6.03,Banks - Diversified,JPMorgan Chase & Co.,2023-07-10,
JPM,2 weeks,0.05,2023-11-13 00:00:00+08:00,15093.386977537673,14203.903855421688,6.26,Banks - Diversified,JPMorgan Chase & Co.,2023-11-13,
JPM,2 weeks,0.05,2023-12-11 00:00:00+08:00,16436.71558971895,15611.490056469433,5.29,Banks - Diversified,JPMorgan Chase & Co.,2023-12-11,
JPM,1 week,0.1,2020-03-09 00:00:00+08:00,9525.167148826746,11496.046643913538,-17.14,Banks - Diversified,JPMorgan Chase & Co.,2020-03-09,
JPM,1 week,0.1,2020-11-09 00:00:00+08:00,11472.24088688463,10226.473167044596,12.18,Banks - Diversified,JPMorgan Chase & Co.,2020-11-09,
JPM,1 week,0.1,2022-10-17 00:00:00+08:00,11749.96049165935,10681.530679933663,10.0,Banks - Diversified,JPMorgan Chase & Co.,2022-10-17,
JPM,2 weeks,0.1,2016-11-14 00:00:00+08:00,7826.3686635944705,7104.437980986872,10.16,Banks - Diversified,JPMorgan Chase & Co.,2016-11-14,
JPM,2 weeks,0.1,2020-03-02 00:00:00+08:00,10429.344119693807,12990.30026296916,-19.71,Banks - Diversified,JPMorgan Chase & Co.,2020-03-02,
JPM,2 weeks,0.1,2020-03-16 00:00:00+08:00,8816.604076697184,10429.344119693807,-15.46,Banks - Diversified,JPMorgan Chase & Co.,2020-03-16,
JPM,2 weeks,0.1,2020-05-25 00:00:00+08:00,10128.107262349931,8852.969500090237,14.4,Banks - Diversified,JPMorgan Chase & Co.,2020-05-25,
JPM,2 weeks,0.1,2020-11-09 00:00:00+08:00,11524.222683264175,10037.650971159506,14.81,Banks - Diversified,JPMorgan Chase & Co.,2020-11-09,
JPM,2 weeks,0.1,2022-06-13 00:00:00+08:00,11487.460014323227,12871.442631310556,-10.75,Banks - Diversified,JPMorgan Chase & Co.,2022-06-13,
JPM,2 weeks,0.1,2022-10-17 00:00:00+08:00,12065.589329200797,10779.481238075048,11.93,Banks - Diversified,JPMorgan Chase & Co.,2022-10-17,
JPM,1 week,0.15,2020-03-09 00:00:00+08:00,9525.167148826746,11496.046643913538,-17.14,Banks - Diversified,JPMorgan Chase & Co.,2020-03-09,
JPM,2 weeks,0.15,2020-03-02 00:00:00+08:00,10429.344119693807,12990.30026296916,-19.71,Banks - Diversified,JPMorgan Chase & Co.,2020-03-02,
JPM,2 weeks,0.15,2020-03-16 00:00:00+08:00,8816.604076697184,10429.344119693807,-15.46,Banks - Diversified,JPMorgan Chase & Co.,2020-03-16,
KO,1 week,0.05,2015-08-24 00:00:00+08:00,3872.1905626134303,4084.2926108374386,-5.19,Beverages - Non-Alcoholic,The Coca-Cola Company,2015-08-24,
KO,1 week,0.05,2018-02-05 00:00:00+08:00,4435.077674418605,4752.385257985257,-6.68,Beverages - Non-Alcoholic,The Coca-Cola Company,2018-02-05,
KO,1 week,0.05,2019-02-18 00:00:00+08:00,4531.666852678572,4791.25349219392,-5.42,Beverages - Non-Alcoholic,The Coca-Cola Company,2019-02-18,
KO,1 week,0.05,2020-03-09 00:00:00+08:00,5057.854771784232,5618.482520500647,-9.98,Beverages - Non-Alcoholic,The Coca-Cola Company,2020-03-09,
KO,1 week,0.05,2020-03-16 00:00:00+08:00,4349.718260188088,5057.854771784232,-14.0,Beverages - Non-Alcoholic,The Coca-Cola Company,2020-03-16,
KO,1 week,0.05,2020-03-23 00:00:00+08:00,4119.15995941833,4349.718260188088,-5.3,Beverages - Non-Alcoholic,The Coca-Cola Company,2020-03-23,
KO,1 week,0.05,2020-03-30 00:00:00+08:00,4374.932538050185,4119.15995941833,6.21,Beverages - Non-Alcoholic,The Coca-Cola Company,2020-03-30,
KO,1 week,0.05,2020-04-06 00:00:00+08:00,4750.451143451143,4374.932538050185,8.58,Beverages - Non-Alcoholic,The Coca-Cola Company,2020-04-06,
KO,1 week,0.05,2020-11-09 00:00:00+08:00,5312.914470842333,4941.033568904593,7.53,Beverages - Non-Alcoholic,The Coca-Cola Company,2020-11-09,
KO,1 week,0.05,2021-12-13 00:00:00+08:00,5803.705730288669,5511.802686428902,5.3,Beverages - Non-Alcoholic,The Coca-Cola Company,2021-12-13,
KO,1 week,0.05,2022-10-24 00:00:00+08:00,5897.838803489822,5585.708490566038,5.59,Beverages - Non-Alcoholic,The Coca-Cola Company,2022-10-24,
KO,2 weeks,0.05,2014-12-08 00:00:00+08:00,4170.792251815981,4418.834590829948,-5.61,Beverages - Non-Alcoholic,The Coca-Cola Company,2014-12-08,
KO,2 weeks,0.05,2018-02-05 00:00:00+08:00,4437.439467034229,4763.126148497641,-6.84,Beverages - Non-Alcoholic,The Coca-Cola Company,2018-02-05,
KO,2 weeks,0.05,2018-10-29 00:00:00+08:00,4822.902486121168,4591.775344488189,5.03,Beverages - Non-Alcoholic,The Coca-Cola Company,2018-10-29,
KO,2 weeks,0.05,2019-02-18 00:00:00+08:00,4518.584405558415,4850.631413141315,-6.85,Beverages - Non-Alcoholic,The Coca-Cola Company,2019-02-18,
KO,2 weeks,0.05,2020-03-02 00:00:00+08:00,5332.653691559128,5805.410269317896,-8.14,Beverages - Non-Alcoholic,The Coca-Cola Company,2020-03-02,
KO,2 weeks,0.05,2020-03-16 00:00:00+08:00,4225.964240333999,5332.653691559128,-20.75,Beverages - Non-Alcoholic,The Coca-Cola Company,2020-03-16,
KO,2 weeks,0.05,2020-03-30 00:00:00+08:00,4540.833295063146,4225.964240333999,7.45,Beverages - Non-Alcoholic,The Coca-Cola Company,2020-03-30,
KO,2 weeks,0.05,2020-05-25 00:00:00+08:00,4726.512873563219,4485.382557404677,5.38,Beverages - Non-Alcoholic,The Coca-Cola Company,2020-05-25,
KO,2 weeks,0.05,2020-07-20 00:00:00+08:00,4771.496967071057,4543.525402201524,5.02,Beverages - Non-Alcoholic,The Coca-Cola Company,2020-07-20,
KO,2 weeks,0.05,2020-11-09 00:00:00+08:00,5318.379609062638,4908.032565352238,8.36,Beverages - Non-Alcoholic,The Coca-Cola Company,2020-11-09,
KO,2 weeks,0.05,2021-12-13 00:00:00+08:00,5794.806387719733,5420.8573006406,6.9,Beverages - Non-Alcoholic,The Coca-Cola Company,2021-12-13,
KO,2 weeks,0.05,2023-10-02 00:00:00+08:00,5364.10766721044,5715.431238185255,-6.15,Beverages - Non-Alcoholic,The Coca-Cola Company,2023-10-02,
KO,1 week,0.1,2020-03-16 00:00:00+08:00,4349.718260188088,5057.854771784232,-14.0,Beverages - Non-Alcoholic,The Coca-Cola Company,2020-03-16,
KO,2 weeks,0.1,2020-03-16 00:00:00+08:00,4225.964240333999,5332.653691559128,-20.75,Beverages - Non-Alcoholic,The Coca-Cola Company,2020-03-16,
KO,2 weeks,0.15,2020-03-16 00:00:00+08:00,4225.964240333999,5332.653691559128,-20.75,Beverages - Non-Alcoholic,The Coca-Cola Company,2020-03-16,
LLY,1 week,0.05,2014-02-17 00:00:00+08:00,5715.94434470377,5374.770632911392,6.35,Drug Manufacturers - General,Eli Lilly and Company,2014-02-17,
LLY,1 week,0.05,2015-10-12 00:00:00+08:00,7987.815494849978,8462.156932453023,-5.61,Drug Manufacturers - General,Eli Lilly and Company,2015-10-12,
LLY,1 week,0.05,2016-02-01 00:00:00+08:00,7589.646700507615,8058.418144956919,-5.82,Drug Manufacturers - General,Eli Lilly and Company,2016-02-01,
LLY,1 week,0.05,2016-11-21 00:00:00+08:00,7165.566229116945,7704.73116089613,-7.0,Drug Manufacturers - General,Eli Lilly and Company,2016-11-21,
LLY,1 week,0.05,2016-11-28 00:00:00+08:00,6701.165004985045,7165.566229116945,-6.48,Drug Manufacturers - General,Eli Lilly and Company,2016-11-28,
LLY,1 week,0.05,2016-12-19 00:00:00+08:00,7353.873786407767,6965.242191254205,5.58,Drug Manufacturers - General,Eli Lilly and Company,2016-12-19,
LLY,1 week,0.05,2018-02-05 00:00:00+08:00,7704.769464105157,8414.752613240418,-8.44,Drug Manufacturers - General,Eli Lilly and Company,2018-02-05,
LLY,1 week,0.05,2018-07-30 00:00:00+08:00,9885.590955284553,9334.22314049587,5.91,Drug Manufacturers - General,Eli Lilly and Company,2018-07-30,
LLY,1 week,0.05,2019-04-15 00:00:00+08:00,11958.13855799373,12620.760469867211,-5.25,Drug Manufacturers - General,Eli Lilly and Company,2019-04-15,
LLY,1 week,0.05,2019-12-16 00:00:00+08:00,12798.126600985222,12076.154670750384,5.98,Drug Manufacturers - General,Eli Lilly and Company,2019-12-16,
LLY,1 week,0.05,2020-02-24 00:00:00+08:00,13346.157229524772,14145.640076579451,-5.65,Drug Manufacturers - General,Eli Lilly and Company,2020-02-24,
LLY,1 week,0.05,2020-03-23 00:00:00+08:00,12586.761088709676,13471.117501239463,-6.56,Drug Manufacturers - General,Eli Lilly and Company,2020-03-23,
LLY,1 week,0.05,2020-03-30 00:00:00+08:00,13858.516932270915,12586.761088709676,10.1,Drug Manufacturers - General,Eli Lilly and Company,2020-03-30,
LLY,1 week,0.05,2020-04-13 00:00:00+08:00,15086.674583122787,14340.425373134329,5.2,Drug Manufacturers - General,Eli Lilly and Company,2020-04-13,
LLY,1 week,0.05,2020-06-15 00:00:00+08:00,15690.731002331002,14807.423929098966,5.97,Drug Manufacturers - General,Eli Lilly and Company,2020-06-15,
LLY,1 week,0.05,2020-10-26 00:00:00+08:00,13401.589755422245,14285.248089658686,-6.19,Drug Manufacturers - General,Eli Lilly and Company,2020-10-26,
LLY,1 week,0.05,2020-11-02 00:00:00+08:00,14074.710552268243,13401.589755422245,5.02,Drug Manufacturers - General,Eli Lilly and Company,2020-11-02,
LLY,1 week,0.05,2020-12-07 00:00:00+08:00,15460.984290623466,14588.521584560693,5.98,Drug Manufacturers - General,Eli Lilly and Company,2020-12-07,
LLY,1 week,0.05,2020-12-14 00:00:00+08:00,16768.694100148736,15460.984290623466,8.46,Drug Manufacturers - General,Eli Lilly and Company,2020-12-14,
LLY,1 week,0.05,2021-01-11 00:00:00+08:00,18578.60116123269,16528.163015792157,12.41,Drug Manufacturers - General,Eli Lilly and Company,2021-01-11,
LLY,1 week,0.05,2021-01-18 00:00:00+08:00,20100.16146788991,18578.60116123269,8.19,Drug Manufacturers - General,Eli Lilly and Company,2021-01-18,
LLY,1 week,0.05,2021-03-15 00:00:00+08:00,18803.52459749553,20701.62233009709,-9.17,Drug Manufacturers - General,Eli Lilly and Company,2021-03-15,
LLY,1 week,0.05,2021-06-07 00:00:00+08:00,22404.05646359584,20058.236351958894,11.7,Drug Manufacturers - General,Eli Lilly and Company,2021-06-07,
LLY,1 week,0.05,2021-08-02 00:00:00+08:00,25859.74722502523,24463.176377952757,5.71,Drug Manufacturers - General,Eli Lilly and Company,2021-08-02,
LLY,1 week,0.05,2021-09-13 00:00:00+08:00,23347.043855175933,24904.534615384615,-6.25,Drug Manufacturers - General,Eli Lilly and Company,2021-09-13,
LLY,1 week,0.05,2021-12-13 00:00:00+08:00,26344.37566650509,24335.834271099742,8.25,Drug Manufacturers - General,Eli Lilly and Company,2021-12-13,
LLY,1 week,0.05,2022-01-03 00:00:00+08:00,26362.390410958906,27755.369785082177,-5.02,Drug Manufacturers - General,Eli Lilly and Company,2022-01-03,
LLY,1 week,0.05,2022-03-14 00:00:00+08:00,27821.069156991416,26460.633521271146,5.14,Drug Manufacturers - General,Eli Lilly and Company,2022-03-14,
LLY,1 week,0.05,2022-06-13 00:00:00+08:00,29105.30323242689,30685.276723276726,-5.15,Drug Manufacturers - General,Eli Lilly and Company,2022-06-13,
LLY,1 week,0.05,2022-06-20 00:00:00+08:00,30962.65211891208,29105.30323242689,6.38,Drug Manufacturers - General,Eli Lilly and Company,2022-06-20,
LLY,1 week,0.05,2022-09-26 00:00:00+08:00,32147.31635969664,30523.165731769503,5.32,Drug Manufacturers - General,Eli Lilly and Company,2022-09-26,
LLY,1 week,0.05,2022-10-24 00:00:00+08:00,35493.09675732218,33244.98030867483,6.76,Drug Manufacturers - General,Eli Lilly and Company,2022-10-24,
LLY,1 week,0.05,2023-04-03 00:00:00+08:00,35852.341244387426,33755.92887473461,6.21,Drug Manufacturers - General,Eli Lilly and Company,2023-04-03,
LLY,1 week,0.05,2023-05-01 00:00:00+08:00,41929.06339657566,38627.93888615082,8.55,Drug Manufacturers - General,Eli Lilly and Company,2023-05-01,
LLY,1 week,0.05,2023-08-07 00:00:00+08:00,51024.104735883426,45244.380476982806,12.77,Drug Manufacturers - General,Eli Lilly and Company,2023-08-07,
LLY,1 week,0.05,2023-08-14 00:00:00+08:00,54292.19468574349,51024.104735883426,6.4,Drug Manufacturers - General,Eli Lilly and Company,2023-08-14,
LLY,1 week,0.05,2023-09-18 00:00:00+08:00,56380.59946808511,59370.502790461695,-5.04,Drug Manufacturers - General,Eli Lilly and Company,2023-09-18,
LLY,1 week,0.05,2023-10-09 00:00:00+08:00,59474.0595964336,53664.68949044585,10.83,Drug Manufacturers - General,Eli Lilly and Company,2023-10-09,
LLY,1 week,0.05,2023-11-06 00:00:00+08:00,59817.96569548872,56503.39214758751,5.87,Drug Manufacturers - General,Eli Lilly and Company,2023-11-06,
LLY,1 week,0.05,2024-01-01 00:00:00+08:00,61084.200615384616,57822.8862973761,5.64,Drug Manufacturers - General,Eli Lilly and Company,2024-01-01,
LLY,1 week,0.05,2024-02-05 00:00:00+08:00,72146.43265132139,65160.396265560164,10.72,Drug Manufacturers - General,Eli Lilly and Company,2024-02-05,
LLY,1 week,0.05,2024-07-22 00:00:00+08:00,84629.35211267606,90387.60860860861,-6.37,Drug Manufacturers - General,Eli Lilly and Company,2024-07-22,
LLY,1 week,0.05,2024-07-29 00:00:00+08:00,80007.63045414069,84629.35211267606,-5.46,Drug Manufacturers - General,Eli Lilly and Company,2024-07-29,
LLY,2 weeks,0.05,2014-02-17 00:00:00+08:00,5808.263751375138,5332.60858521717,8.92,Drug Manufacturers - General,Eli Lilly and Company,2014-02-17,
LLY,2 weeks,0.05,2015-03-16 00:00:00+08:00,7386.394502417918,6976.201484895034,5.88,Drug Manufacturers - General,Eli Lilly and Company,2015-03-16,
LLY,2 weeks,0.05,2015-05-25 00:00:00+08:00,7706.860867101162,7323.159659530565,5.24,Drug Manufacturers - General,Eli Lilly and Company,2015-05-25,
LLY,2 weeks,0.05,2015-06-08 00:00:00+08:00,8281.662142152025,7706.860867101162,7.46,Drug Manufacturers - General,Eli Lilly and Company,2015-06-08,
LLY,2 weeks,0.05,2015-09-14 00:00:00+08:00,8593.231307826956,8146.295666949872,5.49,Drug Manufacturers - General,Eli Lilly and Company,2015-09-14,
LLY,2 weeks,0.05,2015-10-12 00:00:00+08:00,7906.812050984936,8373.676120536846,-5.58,Drug Manufacturers - General,Eli Lilly and Company,2015-10-12,
LLY,2 weeks,0.05,2016-02-08 00:00:00+08:00,7307.058757694459,7824.210753233578,-6.61,Drug Manufacturers - General,Eli Lilly and Company,2016-02-08,
LLY,2 weeks,0.05,2016-06-27 00:00:00+08:00,7802.822766976613,7377.983710867906,5.76,Drug Manufacturers - General,Eli Lilly and Company,2016-06-27,
LLY,2 weeks,0.05,2016-11-28 00:00:00+08:00,6719.078480379905,7456.478296703296,-9.89,Drug Manufacturers - General,Eli Lilly and Company,2016-11-28,
LLY,2 weeks,0.05,2016-12-12 00:00:00+08:00,7153.590886577514,6719.078480379905,6.47,Drug Manufacturers - General,Eli Lilly and Company,2016-12-12,
LLY,2 weeks,0.05,2017-02-20 00:00:00+08:00,8256.381833712983,7841.688877498718,5.29,Drug Manufacturers - General,Eli Lilly and Company,2017-02-20,
LLY,2 weeks,0.05,2018-02-05 00:00:00+08:00,7713.168146081664,8462.834795688143,-8.86,Drug Manufacturers - General,Eli Lilly and Company,2018-02-05,
LLY,2 weeks,0.05,2018-07-23 00:00:00+08:00,9603.811180124225,8883.696853415195,8.11,Drug Manufacturers - General,Eli Lilly and Company,2018-07-23,
LLY,2 weeks,0.05,2018-08-06 00:00:00+08:00,10288.755128205128,9603.811180124225,7.13,Drug Manufacturers - General,Eli Lilly and Company,2018-08-06,
LLY,2 weeks,0.05,2019-04-15 00:00:00+08:00,11838.424887892375,12701.98037216416,-6.8,Drug Manufacturers - General,Eli Lilly and Company,2019-04-15,
LLY,2 weeks,0.05,2019-12-09 00:00:00+08:00,12443.565805966407,11793.178078078077,5.51,Drug Manufacturers - General,Eli Lilly and Company,2019-12-09,
LLY,2 weeks,0.05,2019-12-23 00:00:00+08:00,13134.794979079497,12443.565805966407,5.55,Drug Manufacturers - General,Eli Lilly and Company,2019-12-23,
LLY,2 weeks,0.05,2020-03-30 00:00:00+08:00,14072.81692477876,13032.586353411649,7.98,Drug Manufacturers - General,Eli Lilly and Company,2020-03-30,
LLY,2 weeks,0.05,2020-04-13 00:00:00+08:00,15460.954344624448,14072.81692477876,9.86,Drug Manufacturers - General,Eli Lilly and Company,2020-04-13,
LLY,2 weeks,0.05,2020-06-22 00:00:00+08:00,16155.896434634977,15261.134099616858,5.86,Drug Manufacturers - General,Eli Lilly and Company,2020-06-22,
LLY,2 weeks,0.05,2020-08-03 00:00:00+08:00,15230.230362537764,16082.301982714795,-5.3,Drug Manufacturers - General,Eli Lilly and Company,2020-08-03,
LLY,2 weeks,0.05,2020-10-26 00:00:00+08:00,13726.99833134684,14652.645129224651,-6.32,Drug Manufacturers - General,Eli Lilly and Company,2020-10-26,
LLY,2 weeks,0.05,2020-12-07 00:00:00+08:00,16111.613468179576,14515.25081240768,11.0,Drug Manufacturers - General,Eli Lilly and Company,2020-12-07,
LLY,2 weeks,0.05,2021-01-11 00:00:00+08:00,19220.767165720183,16528.163015792157,16.29,Drug Manufacturers - General,Eli Lilly and Company,2021-01-11,
LLY,2 weeks,0.05,2021-01-25 00:00:00+08:00,20568.719464720198,19220.767165720183,7.01,Drug Manufacturers - General,Eli Lilly and Company,2021-01-25,
LLY,2 weeks,0.05,2021-03-22 00:00:00+08:00,18477.061482313307,19713.692504655493,-6.27,Drug Manufacturers - General,Eli Lilly and Company,2021-03-22,
LLY,2 weeks,0.05,2021-05-31 00:00:00+08:00,21382.68008948546,19905.98286445013,7.42,Drug Manufacturers - General,Eli Lilly and Company,2021-05-31,
LLY,2 weeks,0.05,2021-07-26 00:00:00+08:00,25175.294571649087,23561.962658898305,6.85,Drug Manufacturers - General,Eli Lilly and Company,2021-07-26,
LLY,2 weeks,0.05,2021-08-09 00:00:00+08:00,26834.554708048396,25175.294571649087,6.59,Drug Manufacturers - General,Eli Lilly and Company,2021-08-09,
LLY,2 weeks,0.05,2021-09-06 00:00:00+08:00,24037.09940357853,26152.792545902987,-8.09,Drug Manufacturers - General,Eli Lilly and Company,2021-09-06,
LLY,2 weeks,0.05,2021-10-18 00:00:00+08:00,24580.360727086536,23287.39102062125,5.55,Drug Manufacturers - General,Eli Lilly and Company,2021-10-18,
LLY,2 weeks,0.05,2021-11-01 00:00:00+08:00,26145.383491412456,24580.360727086536,6.37,Drug Manufacturers - General,Eli Lilly and Company,2021-11-01,
LLY,2 weeks,0.05,2021-11-29 00:00:00+08:00,24726.142175332832,26111.07713414634,-5.3,Drug Manufacturers - General,Eli Lilly and Company,2021-11-29,
LLY,2 weeks,0.05,2021-12-13 00:00:00+08:00,26467.42892223738,24726.142175332832,7.04,Drug Manufacturers - General,Eli Lilly and Company,2021-12-13,
LLY,2 weeks,0.05,2022-01-10 00:00:00+08:00,25015.25230511316,26995.63563218391,-7.34,Drug Manufacturers - General,Eli Lilly and Company,2022-01-10,
LLY,2 weeks,0.05,2022-03-07 00:00:00+08:00,27146.04120040692,24854.228596137214,9.22,Drug Manufacturers - General,Eli Lilly and Company,2022-03-07,
LLY,2 weeks,0.05,2022-03-21 00:00:00+08:00,28878.162906610705,27146.04120040692,6.38,Drug Manufacturers - General,Eli Lilly and Company,2022-03-21,
LLY,2 weeks,0.05,2022-04-04 00:00:00+08:00,30355.121081392004,28878.162906610705,5.11,Drug Manufacturers - General,Eli Lilly and Company,2022-04-04,
LLY,2 weeks,0.05,2022-06-27 00:00:00+08:00,32522.909439528023,29937.164022662888,8.64,Drug Manufacturers - General,Eli Lilly and Company,2022-06-27,
LLY,2 weeks,0.05,2023-02-20 00:00:00+08:00,32068.537190082643,33975.619452564446,-5.61,Drug Manufacturers - General,Eli Lilly and Company,2023-02-20,
LLY,2 weeks,0.05,2023-04-03 00:00:00+08:00,36463.0626813697,33515.02755182367,8.8,Drug Manufacturers - General,Eli Lilly and Company,2023-04-03,
LLY,2 weeks,0.05,2023-05-01 00:00:00+08:00,42593.69619631902,38042.74021989261,11.96,Drug Manufacturers - General,Eli Lilly and Company,2023-05-01,
LLY,2 weeks,0.05,2023-08-07 00:00:00+08:00,52564.112448832166,45446.14062943011,15.66,Drug Manufacturers - General,Eli Lilly and Company,2023-08-07,
LLY,2 weeks,0.05,2023-08-21 00:00:00+08:00,55204.755645628255,52564.112448832166,5.02,Drug Manufacturers - General,Eli Lilly and Company,2023-08-21,
LLY,2 weeks,0.05,2023-09-04 00:00:00+08:00,58241.58352272727,55204.755645628255,5.5,Drug Manufacturers - General,Eli Lilly and Company,2023-09-04,
LLY,2 weeks,0.05,2024-01-08 00:00:00+08:00,62950.48598975595,59591.1998665332,5.64,Drug Manufacturers - General,Eli Lilly and Company,2024-01-08,
LLY,2 weeks,0.05,2024-02-05 00:00:00+08:00,73631.13249651325,64154.69203966765,14.77,Drug Manufacturers - General,Eli Lilly and Company,2024-02-05,
LLY,2 weeks,0.05,2024-05-27 00:00:00+08:00,82513.27228027044,78480.67940432705,5.14,Drug Manufacturers - General,Eli Lilly and Company,2024-05-27,
LLY,2 weeks,0.05,2024-06-10 00:00:00+08:00,87711.30260115606,82513.27228027044,6.3,Drug Manufacturers - General,Eli Lilly and Company,2024-06-10,
LLY,2 weeks,0.05,2024-07-22 00:00:00+08:00,82881.2236443247,91796.32404804496,-9.71,Drug Manufacturers - General,Eli Lilly and Company,2024-07-22,
LLY,1 week,0.1,2020-03-30 00:00:00+08:00,13858.516932270915,12586.761088709676,10.1,Drug Manufacturers - General,Eli Lilly and Company,2020-03-30,
LLY,1 week,0.1,2021-01-11 00:00:00+08:00,18578.60116123269,16528.163015792157,12.41,Drug Manufacturers - General,Eli Lilly and Company,2021-01-11,
LLY,1 week,0.1,2021-06-07 00:00:00+08:00,22404.05646359584,20058.236351958894,11.7,Drug Manufacturers - General,Eli Lilly and Company,2021-06-07,
LLY,1 week,0.1,2023-08-07 00:00:00+08:00,51024.104735883426,45244.380476982806,12.77,Drug Manufacturers - General,Eli Lilly and Company,2023-08-07,
LLY,1 week,0.1,2023-10-09 00:00:00+08:00,59474.0595964336,53664.68949044585,10.83,Drug Manufacturers - General,Eli Lilly and Company,2023-10-09,
LLY,1 week,0.1,2024-02-05 00:00:00+08:00,72146.43265132139,65160.396265560164,10.72,Drug Manufacturers - General,Eli Lilly and Company,2024-02-05,
LLY,2 weeks,0.1,2020-12-07 00:00:00+08:00,16111.613468179576,14515.25081240768,11.0,Drug Manufacturers - General,Eli Lilly and Company,2020-12-07,
LLY,2 weeks,0.1,2021-01-11 00:00:00+08:00,19220.767165720183,16528.163015792157,16.29,Drug Manufacturers - General,Eli Lilly and Company,2021-01-11,
LLY,2 weeks,0.1,2023-05-01 00:00:00+08:00,42593.69619631902,38042.74021989261,11.96,Drug Manufacturers - General,Eli Lilly and Company,2023-05-01,
LLY,2 weeks,0.1,2023-08-07 00:00:00+08:00,52564.112448832166,45446.14062943011,15.66,Drug Manufacturers - General,Eli Lilly and Company,2023-08-07,
LLY,2 weeks,0.1,2024-02-05 00:00:00+08:00,73631.13249651325,64154.69203966765,14.77,Drug Manufacturers - General,Eli Lilly and Company,2024-02-05,
LLY,2 weeks,0.15,2021-01-11 00:00:00+08:00,19220.767165720183,16528.163015792157,16.29,Drug Manufacturers - General,Eli Lilly and Company,2021-01-11,
LLY,2 weeks,0.15,2023-08-07 00:00:00+08:00,52564.112448832166,45446.14062943011,15.66,Drug Manufacturers - General,Eli Lilly and Company,2023-08-07,
MA,1 week,0.05,2014-01-20 00:00:00+08:00,22575.22351694915,82428.38892094634,-72.61,Financial - Credit Services,Mastercard Incorporated,2014-01-20,
MA,1 week,0.05,2014-01-27 00:00:00+08:00,7771.40207833733,22575.22351694915,-65.58,Financial - Credit Services,Mastercard Incorporated,2014-01-27,
MA,1 week,0.05,2014-10-27 00:00:00+08:00,7836.165124884366,7348.809523809523,6.63,Financial - Credit Services,Mastercard Incorporated,2014-10-27,
MA,1 week,0.05,2014-11-03 00:00:00+08:00,8497.726558664703,7836.165124884366,8.44,Financial - Credit Services,Mastercard Incorporated,2014-11-03,
MA,1 week,0.05,2015-08-24 00:00:00+08:00,9082.989889705881,9581.736506378804,-5.21,Financial - Credit Services,Mastercard Incorporated,2015-08-24,
MA,1 week,0.05,2015-10-05 00:00:00+08:00,9472.476837865055,8966.842131474104,5.64,Financial - Credit Services,Mastercard Incorporated,2015-10-05,
MA,1 week,0.05,2016-01-04 00:00:00+08:00,9318.559086395231,9891.17006369427,-5.79,Financial - Credit Services,Mastercard Incorporated,2016-01-04,
MA,1 week,0.05,2018-10-08 00:00:00+08:00,20329.572443181816,22019.296537882587,-7.67,Financial - Credit Services,Mastercard Incorporated,2018-10-08,
MA,1 week,0.05,2018-11-19 00:00:00+08:00,18798.992592592593,19926.971851851853,-5.66,Financial - Credit Services,Mastercard Incorporated,2018-11-19,
MA,1 week,0.05,2018-12-17 00:00:00+08:00,18775.168650793654,19806.450941526266,-5.21,Financial - Credit Services,Mastercard Incorporated,2018-12-17,
MA,1 week,0.05,2020-02-24 00:00:00+08:00,30196.772230889237,34232.41705882353,-11.79,Financial - Credit Services,Mastercard Incorporated,2020-02-24,
MA,1 week,0.05,2020-03-09 00:00:00+08:00,26146.14156378601,29444.479463899697,-11.2,Financial - Credit Services,Mastercard Incorporated,2020-03-09,
MA,1 week,0.05,2020-03-16 00:00:00+08:00,23078.445829750643,26146.14156378601,-11.73,Financial - Credit Services,Mastercard Incorporated,2020-03-16,
MA,1 week,0.05,2020-04-06 00:00:00+08:00,26673.79323308271,23985.673726904013,11.21,Financial - Credit Services,Mastercard Incorporated,2020-04-06,
MA,1 week,0.05,2020-04-27 00:00:00+08:00,27191.188188629352,25397.342363381595,7.06,Financial - Credit Services,Mastercard Incorporated,2020-04-27,
MA,1 week,0.05,2020-05-18 00:00:00+08:00,29471.502385496184,27547.054863992624,6.99,Financial - Credit Services,Mastercard Incorporated,2020-05-18,
MA,1 week,0.05,2020-08-24 00:00:00+08:00,35132.42592592593,33265.09747649678,5.61,Financial - Credit Services,Mastercard Incorporated,2020-08-24,
MA,1 week,0.05,2020-10-26 00:00:00+08:00,30183.246068455137,33330.604882909814,-9.44,Financial - Credit Services,Mastercard Incorporated,2020-10-26,
MA,1 week,0.05,2020-11-09 00:00:00+08:00,33631.9146567718,30542.067567567567,10.12,Financial - Credit Services,Mastercard Incorporated,2020-11-09,
MA,1 week,0.05,2021-01-04 00:00:00+08:00,35055.76310583581,33312.32650176679,5.23,Financial - Credit Services,Mastercard Incorporated,2021-01-04,
MA,1 week,0.05,2021-03-08 00:00:00+08:00,37986.0354368932,35907.592501233354,5.79,Financial - Credit Services,Mastercard Incorporated,2021-03-08,
MA,1 week,0.05,2021-11-08 00:00:00+08:00,35342.167074963254,33472.47396593674,5.59,Financial - Credit Services,Mastercard Incorporated,2021-11-08,
MA,1 week,0.05,2021-11-22 00:00:00+08:00,32787.89470241988,35562.525,-7.8,Financial - Credit Services,Mastercard Incorporated,2021-11-22,
MA,1 week,0.05,2021-12-06 00:00:00+08:00,34146.69571713147,31734.94288346384,7.6,Financial - Credit Services,Mastercard Incorporated,2021-12-06,
MA,1 week,0.05,2022-01-31 00:00:00+08:00,38792.21098687409,35032.96574378226,10.73,Financial - Credit Services,Mastercard Incorporated,2022-01-31,
MA,1 week,0.05,2022-02-28 00:00:00+08:00,34590.25828797625,36511.22346368715,-5.26,Financial - Credit Services,Mastercard Incorporated,2022-02-28,
MA,1 week,0.05,2022-03-07 00:00:00+08:00,32189.439800995024,34590.25828797625,-6.94,Financial - Credit Services,Mastercard Incorporated,2022-03-07,
MA,1 week,0.05,2022-03-14 00:00:00+08:00,34080.557942057945,32189.439800995024,5.87,Financial - Credit Services,Mastercard Incorporated,2022-03-14,
MA,1 week,0.05,2022-05-09 00:00:00+08:00,32716.188094047026,35489.200202736945,-7.81,Financial - Credit Services,Mastercard Incorporated,2022-05-09,
MA,1 week,0.05,2022-06-13 00:00:00+08:00,31801.918049270993,35604.6664935065,-10.68,Financial - Credit Services,Mastercard Incorporated,2022-06-13,
MA,1 week,0.05,2022-09-19 00:00:00+08:00,30533.51932858596,32508.947233606556,-6.08,Financial - Credit Services,Mastercard Incorporated,2022-09-19,
MA,1 week,0.05,2022-09-26 00:00:00+08:00,28894.70504385965,30533.51932858596,-5.37,Financial - Credit Services,Mastercard Incorporated,2022-09-26,
MA,1 week,0.05,2022-10-24 00:00:00+08:00,31659.17264791465,29808.89217652959,6.21,Financial - Credit Services,Mastercard Incorporated,2022-10-24,
MA,1 week,0.05,2023-01-09 00:00:00+08:00,37442.149949849554,35477.20822622108,5.54,Financial - Credit Services,Mastercard Incorporated,2023-01-09,
MA,2 weeks,0.05,2014-01-20 00:00:00+08:00,14138.0569476082,83007.90604623592,-82.97,Financial - Credit Services,Mastercard Incorporated,2014-01-20,
MA,2 weeks,0.05,2014-02-03 00:00:00+08:00,7528.390289449114,14138.0569476082,-46.75,Financial - Credit Services,Mastercard Incorporated,2014-02-03,
MA,2 weeks,0.05,2014-10-27 00:00:00+08:00,8157.098833055489,7216.866370808679,13.03,Financial - Credit Services,Mastercard Incorporated,2014-10-27,
MA,2 weeks,0.05,2015-02-16 00:00:00+08:00,9010.693827160492,8459.202790234182,6.52,Financial - Credit Services,Mastercard Incorporated,2015-02-16,
MA,2 weeks,0.05,2015-10-12 00:00:00+08:00,9712.300328365749,9218.266900350525,5.36,Financial - Credit Services,Mastercard Incorporated,2015-10-12,
MA,2 weeks,0.05,2015-12-28 00:00:00+08:00,9318.559086395231,9834.01721809588,-5.24,Financial - Credit Services,Mastercard Incorporated,2015-12-28,
MA,2 weeks,0.05,2016-06-27 00:00:00+08:00,8910.363053775425,9399.458929917106,-5.2,Financial - Credit Services,Mastercard Incorporated,2016-06-27,
MA,2 weeks,0.05,2018-01-08 00:00:00+08:00,16202.577746478872,15318.869874071683,5.77,Financial - Credit Services,Mastercard Incorporated,2018-01-08,
MA,2 weeks,0.05,2018-04-30 00:00:00+08:00,18695.16323106424,17644.210109018833,5.96,Financial - Credit Services,Mastercard Incorporated,2018-04-30,
MA,2 weeks,0.05,2019-01-07 00:00:00+08:00,19569.354727227845,18490.801354401807,5.83,Financial - Credit Services,Mastercard Incorporated,2019-01-07,
MA,2 weeks,0.05,2019-02-04 00:00:00+08:00,21707.877855014896,20296.23201486594,6.96,Financial - Credit Services,Mastercard Incorporated,2019-02-04,
MA,2 weeks,0.05,2020-03-02 00:00:00+08:00,27754.628926839552,31805.73006566604,-12.74,Financial - Credit Services,Mastercard Incorporated,2020-03-02,
MA,2 weeks,0.05,2020-03-16 00:00:00+08:00,23516.178397801734,27754.628926839552,-15.27,Financial - Credit Services,Mastercard Incorporated,2020-03-16,
MA,2 weeks,0.05,2020-03-30 00:00:00+08:00,25212.157069345747,23516.178397801734,7.21,Financial - Credit Services,Mastercard Incorporated,2020-03-30,
MA,2 weeks,0.05,2020-04-27 00:00:00+08:00,27364.942688196497,25660.61839231105,6.64,Financial - Credit Services,Mastercard Incorporated,2020-04-27,
MA,2 weeks,0.05,2020-05-25 00:00:00+08:00,30338.5331056227,28492.809144196952,6.48,Financial - Credit Services,Mastercard Incorporated,2020-05-25,
MA,2 weeks,0.05,2020-08-17 00:00:00+08:00,34193.41851206768,32449.614547253837,5.37,Financial - Credit Services,Mastercard Incorporated,2020-08-17,
MA,2 weeks,0.05,2020-10-26 00:00:00+08:00,30358.84317430326,33897.81397662273,-10.44,Financial - Credit Services,Mastercard Incorporated,2020-10-26,
MA,2 weeks,0.05,2020-11-09 00:00:00+08:00,33554.993757503,30358.84317430326,10.53,Financial - Credit Services,Mastercard Incorporated,2020-11-09,
MA,2 weeks,0.05,2021-02-22 00:00:00+08:00,35542.484551250614,33732.344,5.37,Financial - Credit Services,Mastercard Incorporated,2021-02-22,
MA,2 weeks,0.05,2021-03-08 00:00:00+08:00,37672.893265256505,35542.484551250614,5.99,Financial - Credit Services,Mastercard Incorporated,2021-03-08,
MA,2 weeks,0.05,2021-12-13 00:00:00+08:00,34752.89576457645,32893.78463747308,5.65,Financial - Credit Services,Mastercard Incorporated,2021-12-13,
MA,2 weeks,0.05,2021-12-27 00:00:00+08:00,36709.265394402035,34752.89576457645,5.63,Financial - Credit Services,Mastercard Incorporated,2021-12-27,
MA,2 weeks,0.05,2022-02-21 00:00:00+08:00,35442.31635462555,37659.48524262131,-5.89,Financial - Credit Services,Mastercard Incorporated,2022-02-21,
MA,2 weeks,0.05,2022-03-07 00:00:00+08:00,33133.11340977069,35442.31635462555,-6.52,Financial - Credit Services,Mastercard Incorporated,2022-03-07,
MA,2 weeks,0.05,2022-03-21 00:00:00+08:00,35352.17914643496,33133.11340977069,6.7,Financial - Credit Services,Mastercard Incorporated,2022-03-21,
MA,2 weeks,0.05,2022-05-02 00:00:00+08:00,34093.618328298086,36182.24166872378,-5.77,Financial - Credit Services,Mastercard Incorporated,2022-05-02,
MA,2 weeks,0.05,2022-05-30 00:00:00+08:00,35730.96803652968,34019.79698113207,5.03,Financial - Credit Services,Mastercard Incorporated,2022-05-30,
MA,2 weeks,0.05,2022-06-13 00:00:00+08:00,31874.98036465638,35730.96803652968,-10.79,Financial - Credit Services,Mastercard Incorporated,2022-06-13,
MA,2 weeks,0.05,2022-07-25 00:00:00+08:00,34946.099342770474,33245.207411219766,5.12,Financial - Credit Services,Mastercard Incorporated,2022-07-25,
MA,2 weeks,0.05,2022-08-22 00:00:00+08:00,33381.86890800104,35411.9982260517,-5.73,Financial - Credit Services,Mastercard Incorporated,2022-08-22,
MA,2 weeks,0.05,2022-09-19 00:00:00+08:00,29744.812928759897,32612.09561635775,-8.79,Financial - Credit Services,Mastercard Incorporated,2022-09-19,
MA,2 weeks,0.05,2022-10-31 00:00:00+08:00,32534.76232841891,30749.54265285996,5.81,Financial - Credit Services,Mastercard Incorporated,2022-10-31,
MA,2 weeks,0.05,2022-11-14 00:00:00+08:00,34341.42446903978,32534.76232841891,5.55,Financial - Credit Services,Mastercard Incorporated,2022-11-14,
MA,2 weeks,0.05,2023-01-09 00:00:00+08:00,37336.26618100308,35052.15430267062,6.52,Financial - Credit Services,Mastercard Incorporated,2023-01-09,
MA,1 week,0.1,2014-01-20 00:00:00+08:00,22575.22351694915,82428.38892094634,-72.61,Financial - Credit Services,Mastercard Incorporated,2014-01-20,
MA,1 week,0.1,2014-01-27 00:00:00+08:00,7771.40207833733,22575.22351694915,-65.58,Financial - Credit Services,Mastercard Incorporated,2014-01-27,
MA,1 week,0.1,2020-02-24 00:00:00+08:00,30196.772230889237,34232.41705882353,-11.79,Financial - Credit Services,Mastercard Incorporated,2020-02-24,
MA,1 week,0.1,2020-03-09 00:00:00+08:00,26146.14156378601,29444.479463899697,-11.2,Financial - Credit Services,Mastercard Incorporated,2020-03-09,
MA,1 week,0.1,2020-03-16 00:00:00+08:00,23078.445829750643,26146.14156378601,-11.73,Financial - Credit Services,Mastercard Incorporated,2020-03-16,
MA,1 week,0.1,2020-04-06 00:00:00+08:00,26673.79323308271,23985.673726904013,11.21,Financial - Credit Services,Mastercard Incorporated,2020-04-06,
MA,1 week,0.1,2020-11-09 00:00:00+08:00,33631.9146567718,30542.067567567567,10.12,Financial - Credit Services,Mastercard Incorporated,2020-11-09,
MA,1 week,0.1,2022-01-31 00:00:00+08:00,38792.21098687409,35032.96574378226,10.73,Financial - Credit Services,Mastercard Incorporated,2022-01-31,
MA,1 week,0.1,2022-06-13 00:00:00+08:00,31801.918049270993,35604.6664935065,-10.68,Financial - Credit Services,Mastercard Incorporated,2022-06-13,
MA,2 weeks,0.1,2014-01-20 00:00:00+08:00,14138.0569476082,83007.90604623592,-82.97,Financial - Credit Services,Mastercard Incorporated,2014-01-20,
MA,2 weeks,0.1,2014-02-03 00:00:00+08:00,7528.390289449114,14138.0569476082,-46.75,Financial - Credit Services,Mastercard Incorporated,2014-02-03,
MA,2 weeks,0.1,2014-10-27 00:00:00+08:00,8157.098833055489,7216.866370808679,13.03,Financial - Credit Services,Mastercard Incorporated,2014-10-27,
MA,2 weeks,0.1,2020-03-02 00:00:00+08:00,27754.628926839552,31805.73006566604,-12.74,Financial - Credit Services,Mastercard Incorporated,2020-03-02,
MA,2 weeks,0.1,2020-03-16 00:00:00+08:00,23516.178397801734,27754.628926839552,-15.27,Financial - Credit Services,Mastercard Incorporated,2020-03-16,
MA,2 weeks,0.1,2020-10-26 00:00:00+08:00,30358.84317430326,33897.81397662273,-10.44,Financial - Credit Services,Mastercard Incorporated,2020-10-26,
MA,2 weeks,0.1,2020-11-09 00:00:00+08:00,33554.993757503,30358.84317430326,10.53,Financial - Credit Services,Mastercard Incorporated,2020-11-09,
MA,2 weeks,0.1,2022-06-13 00:00:00+08:00,31874.98036465638,35730.96803652968,-10.79,Financial - Credit Services,Mastercard Incorporated,2022-06-13,
MA,1 week,0.15,2014-01-20 00:00:00+08:00,22575.22351694915,82428.38892094634,-72.61,Financial - Credit Services,Mastercard Incorporated,2014-01-20,
MA,1 week,0.15,2014-01-27 00:00:00+08:00,7771.40207833733,22575.22351694915,-65.58,Financial - Credit Services,Mastercard Incorporated,2014-01-27,
MA,2 weeks,0.15,2014-01-20 00:00:00+08:00,14138.0569476082,83007.90604623592,-82.97,Financial - Credit Services,Mastercard Incorporated,2014-01-20,
MA,2 weeks,0.15,2014-02-03 00:00:00+08:00,7528.390289449114,14138.0569476082,-46.75,Financial - Credit Services,Mastercard Incorporated,2014-02-03,
MA,2 weeks,0.15,2020-03-16 00:00:00+08:00,23516.178397801734,27754.628926839552,-15.27,Financial - Credit Services,Mastercard Incorporated,2020-03-16,
META,1 week,0.05,2022-01-24 00:00:00+08:00,1233.028662420382,1345.8085230589609,-8.38,Internet Content & Information,"Meta Platforms, Inc.",2022-01-24,
META,1 week,0.05,2022-06-06 00:00:00+08:00,18445.1568457539,1233.028662420382,1395.92,Internet Content & Information,"Meta Platforms, Inc.",2022-06-06,
META,1 week,0.05,2022-06-13 00:00:00+08:00,16503.46032268686,18445.1568457539,-10.53,Internet Content & Information,"Meta Platforms, Inc.",2022-06-13,
META,1 week,0.05,2022-07-18 00:00:00+08:00,17504.312974683544,16256.74188844331,7.67,Internet Content & Information,"Meta Platforms, Inc.",2022-07-18,
META,1 week,0.05,2022-07-25 00:00:00+08:00,16256.378890775324,17504.312974683544,-7.13,Internet Content & Information,"Meta Platforms, Inc.",2022-07-25,
META,1 week,0.05,2022-08-08 00:00:00+08:00,17504.7480565371,16462.6188006483,6.33,Internet Content & Information,"Meta Platforms, Inc.",2022-08-08,
META,1 week,0.05,2022-08-22 00:00:00+08:00,16417.75109489051,17560.622317596568,-6.51,Internet Content & Information,"Meta Platforms, Inc.",2022-08-22,
META,1 week,0.05,2022-09-19 00:00:00+08:00,14405.58787878788,15469.09352959215,-6.88,Internet Content & Information,"Meta Platforms, Inc.",2022-09-19,
META,1 week,0.05,2022-10-10 00:00:00+08:00,12955.637942779293,13810.205872311368,-6.19,Internet Content & Information,"Meta Platforms, Inc.",2022-10-10,
META,1 week,0.05,2022-10-24 00:00:00+08:00,11603.195248700817,13201.680468046805,-12.11,Internet Content & Information,"Meta Platforms, Inc.",2022-10-24,
META,1 week,0.05,2022-10-31 00:00:00+08:00,9250.696602580985,11603.195248700817,-20.27,Internet Content & Information,"Meta Platforms, Inc.",2022-10-31,
META,1 week,0.05,2022-11-07 00:00:00+08:00,10264.505957108817,9250.696602580985,10.96,Internet Content & Information,"Meta Platforms, Inc.",2022-11-07,
META,1 week,0.05,2022-11-14 00:00:00+08:00,11376.303088803088,10264.505957108817,10.83,Internet Content & Information,"Meta Platforms, Inc.",2022-11-14,
META,1 week,0.05,2023-01-02 00:00:00+08:00,12652.091219096334,11809.255866425992,7.14,Internet Content & Information,"Meta Platforms, Inc.",2023-01-02,
META,1 week,0.05,2023-01-09 00:00:00+08:00,13310.949176305645,12652.091219096334,5.21,Internet Content & Information,"Meta Platforms, Inc.",2023-01-09,
META,1 week,0.05,2023-01-23 00:00:00+08:00,14440.169325952458,13570.10626349892,6.41,Internet Content & Information,"Meta Platforms, Inc.",2023-01-23,
META,1 week,0.05,2023-01-30 00:00:00+08:00,16736.61704970604,14440.169325952458,15.9,Internet Content & Information,"Meta Platforms, Inc.",2023-01-30,
META,1 week,0.05,2023-02-06 00:00:00+08:00,18403.058914250465,16736.61704970604,9.96,Internet Content & Information,"Meta Platforms, Inc.",2023-02-06,
META,1 week,0.05,2023-03-06 00:00:00+08:00,18481.575686537173,17516.383878427485,5.51,Internet Content & Information,"Meta Platforms, Inc.",2023-03-06,
META,1 week,0.05,2023-03-13 00:00:00+08:00,19658.4319340918,18481.575686537173,6.37,Internet Content & Information,"Meta Platforms, Inc.",2023-03-13,
META,1 week,0.05,2023-05-01 00:00:00+08:00,23770.02460456942,22424.37457337884,6.0,Internet Content & Information,"Meta Platforms, Inc.",2023-05-01,
META,1 week,0.05,2023-05-29 00:00:00+08:00,26784.45952782462,25087.31151832461,6.76,Internet Content & Information,"Meta Platforms, Inc.",2023-05-29,
META,1 week,0.05,2023-10-09 00:00:00+08:00,32177.834941050376,30460.79371387283,5.64,Internet Content & Information,"Meta Platforms, Inc.",2023-10-09,
META,1 week,0.05,2023-12-18 00:00:00+08:00,35018.55166994106,33151.418382913806,5.63,Internet Content & Information,"Meta Platforms, Inc.",2023-12-18,
META,1 week,0.05,2024-01-08 00:00:00+08:00,36508.21684926332,34686.77182539683,5.25,Internet Content & Information,"Meta Platforms, Inc.",2024-01-08,
META,1 week,0.05,2024-01-29 00:00:00+08:00,41891.724472333146,38973.28509874326,7.49,Internet Content & Information,"Meta Platforms, Inc.",2024-01-29,
META,1 week,0.05,2024-02-05 00:00:00+08:00,46519.31899061792,41891.724472333146,11.05,Internet Content & Information,"Meta Platforms, Inc.",2024-02-05,
META,1 week,0.05,2024-04-22 00:00:00+08:00,46427.399947131904,49926.962870403426,-7.01,Internet Content & Information,"Meta Platforms, Inc.",2024-04-22,
META,1 week,0.05,2024-04-29 00:00:00+08:00,43824.601740294514,46427.399947131904,-5.61,Internet Content & Information,"Meta Platforms, Inc.",2024-04-29,
META,1 week,0.05,2024-05-06 00:00:00+08:00,46912.44718581341,43824.601740294514,7.05,Internet Content & Information,"Meta Platforms, Inc.",2024-05-06,
META,1 week,0.05,2024-07-15 00:00:00+08:00,48162.81002087682,52322.07067008421,-7.95,Internet Content & Information,"Meta Platforms, Inc.",2024-07-15,
META,2 weeks,0.05,2021-10-18 00:00:00+08:00,1512.1416490486256,1427.7591973244148,5.91,Internet Content & Information,"Meta Platforms, Inc.",2021-10-18,
META,2 weeks,0.05,2021-11-01 00:00:00+08:00,1595.4905699481865,1512.1416490486256,5.51,Internet Content & Information,"Meta Platforms, Inc.",2021-11-01,
META,2 weeks,0.05,2021-11-29 00:00:00+08:00,1574.3953737417005,1658.0238095238096,-5.04,Internet Content & Information,"Meta Platforms, Inc.",2021-11-29,
META,2 weeks,0.05,2022-01-10 00:00:00+08:00,1383.0614895308772,1497.7648801508215,-7.66,Internet Content & Information,"Meta Platforms, Inc.",2022-01-10,
META,2 weeks,0.05,2022-01-24 00:00:00+08:00,1233.028662420382,1383.0614895308772,-10.85,Internet Content & Information,"Meta Platforms, Inc.",2022-01-24,
META,2 weeks,0.05,2022-05-30 00:00:00+08:00,18445.1568457539,1233.028662420382,1395.92,Internet Content & Information,"Meta Platforms, Inc.",2022-05-30,
META,2 weeks,0.05,2022-06-13 00:00:00+08:00,16277.413505698249,18445.1568457539,-11.75,Internet Content & Information,"Meta Platforms, Inc.",2022-06-13,
META,2 weeks,0.05,2022-08-08 00:00:00+08:00,17532.516352648418,16352.503701465477,7.22,Internet Content & Information,"Meta Platforms, Inc.",2022-08-08,
META,2 weeks,0.05,2022-08-22 00:00:00+08:00,16284.725649913344,17532.516352648418,-7.12,Internet Content & Information,"Meta Platforms, Inc.",2022-08-22,
META,2 weeks,0.05,2022-09-19 00:00:00+08:00,14356.210122263292,15721.276300797568,-8.68,Internet Content & Information,"Meta Platforms, Inc.",2022-09-19,
META,2 weeks,0.05,2022-10-03 00:00:00+08:00,13382.411935208866,14356.210122263292,-6.78,Internet Content & Information,"Meta Platforms, Inc.",2022-10-03,
META,2 weeks,0.05,2022-10-17 00:00:00+08:00,12325.70016273393,13382.411935208866,-7.9,Internet Content & Information,"Meta Platforms, Inc.",2022-10-17,
META,2 weeks,0.05,2022-10-31 00:00:00+08:00,9756.2627409559,12325.70016273393,-20.85,Internet Content & Information,"Meta Platforms, Inc.",2022-10-31,
META,2 weeks,0.05,2022-11-14 00:00:00+08:00,11271.707263681592,9756.2627409559,15.53,Internet Content & Information,"Meta Platforms, Inc.",2022-11-14,
META,2 weeks,0.05,2023-01-09 00:00:00+08:00,13427.038312693498,12242.682376150811,9.67,Internet Content & Information,"Meta Platforms, Inc.",2023-01-09,
META,2 weeks,0.05,2023-01-23 00:00:00+08:00,15701.479671216792,13427.038312693498,16.94,Internet Content & Information,"Meta Platforms, Inc.",2023-01-23,
META,2 weeks,0.05,2023-02-06 00:00:00+08:00,18019.38357901411,15701.479671216792,14.76,Internet Content & Information,"Meta Platforms, Inc.",2023-02-06,
META,2 weeks,0.05,2023-03-06 00:00:00+08:00,19023.54616079494,17367.89065093122,9.53,Internet Content & Information,"Meta Platforms, Inc.",2023-03-06,
META,2 weeks,0.05,2023-03-20 00:00:00+08:00,20344.327413757914,19023.54616079494,6.94,Internet Content & Information,"Meta Platforms, Inc.",2023-03-20,
META,2 weeks,0.05,2023-04-03 00:00:00+08:00,21477.009591836737,20344.327413757914,5.57,Internet Content & Information,"Meta Platforms, Inc.",2023-04-03,
META,2 weeks,0.05,2023-05-01 00:00:00+08:00,23598.108648255817,22045.4503900156,7.04,Internet Content & Information,"Meta Platforms, Inc.",2023-05-01,
META,2 weeks,0.05,2023-05-29 00:00:00+08:00,26816.063565000957,24638.67850498901,8.84,Internet Content & Information,"Meta Platforms, Inc.",2023-05-29,
META,2 weeks,0.05,2023-07-10 00:00:00+08:00,30573.864659271,28851.14299498263,5.97,Internet Content & Information,"Meta Platforms, Inc.",2023-07-10,
META,2 weeks,0.05,2023-11-13 00:00:00+08:00,33538.83747228381,31329.760581289735,7.05,Internet Content & Information,"Meta Platforms, Inc.",2023-11-13,
META,2 weeks,0.05,2024-01-22 00:00:00+08:00,40599.74328405659,36875.328784119105,10.1,Internet Content & Information,"Meta Platforms, Inc.",2024-01-22,
META,2 weeks,0.05,2024-02-05 00:00:00+08:00,46876.84146963769,40599.74328405659,15.46,Internet Content & Information,"Meta Platforms, Inc.",2024-02-05,
META,2 weeks,0.05,2024-04-15 00:00:00+08:00,47916.20246051033,51253.5320810861,-6.51,Internet Content & Information,"Meta Platforms, Inc.",2024-04-15,
META,2 weeks,0.05,2024-04-29 00:00:00+08:00,45259.54819061269,47916.20246051033,-5.54,Internet Content & Information,"Meta Platforms, Inc.",2024-04-29,
META,2 weeks,0.05,2024-07-22 00:00:00+08:00,47414.87807648617,50189.38287243533,-5.53,Internet Content & Information,"Meta Platforms, Inc.",2024-07-22,
META,1 week,0.1,2022-06-06 00:00:00+08:00,18445.1568457539,1233.028662420382,1395.92,Internet Content & Information,"Meta Platforms, Inc.",2022-06-06,
META,1 week,0.1,2022-06-13 00:00:00+08:00,16503.46032268686,18445.1568457539,-10.53,Internet Content & Information,"Meta Platforms, Inc.",2022-06-13,
META,1 week,0.1,2022-10-24 00:00:00+08:00,11603.195248700817,13201.680468046805,-12.11,Internet Content & Information,"Meta Platforms, Inc.",2022-10-24,
META,1 week,0.1,2022-10-31 00:00:00+08:00,9250.696602580985,11603.195248700817,-20.27,Internet Content & Information,"Meta Platforms, Inc.",2022-10-31,
META,1 week,0.1,2022-11-07 00:00:00+08:00,10264.505957108817,9250.696602580985,10.96,Internet Content & Information,"Meta Platforms, Inc.",2022-11-07,
META,1 week,0.1,2022-11-14 00:00:00+08:00,11376.303088803088,10264.505957108817,10.83,Internet Content & Information,"Meta Platforms, Inc.",2022-11-14,
META,1 week,0.1,2023-01-30 00:00:00+08:00,16736.61704970604,14440.169325952458,15.9,Internet Content & Information,"Meta Platforms, Inc.",2023-01-30,
META,1 week,0.1,2024-02-05 00:00:00+08:00,46519.31899061792,41891.724472333146,11.05,Internet Content & Information,"Meta Platforms, Inc.",2024-02-05,
META,2 weeks,0.1,2022-01-24 00:00:00+08:00,1233.028662420382,1383.0614895308772,-10.85,Internet Content & Information,"Meta Platforms, Inc.",2022-01-24,
META,2 weeks,0.1,2022-05-30 00:00:00+08:00,18445.1568457539,1233.028662420382,1395.92,Internet Content & Information,"Meta Platforms, Inc.",2022-05-30,
META,2 weeks,0.1,2022-06-13 00:00:00+08:00,16277.413505698249,18445.1568457539,-11.75,Internet Content & Information,"Meta Platforms, Inc.",2022-06-13,
META,2 weeks,0.1,2022-10-31 00:00:00+08:00,9756.2627409559,12325.70016273393,-20.85,Internet Content & Information,"Meta Platforms, Inc.",2022-10-31,
META,2 weeks,0.1,2022-11-14 00:00:00+08:00,11271.707263681592,9756.2627409559,15.53,Internet Content & Information,"Meta Platforms, Inc.",2022-11-14,
META,2 weeks,0.1,2023-01-23 00:00:00+08:00,15701.479671216792,13427.038312693498,16.94,Internet Content & Information,"Meta Platforms, Inc.",2023-01-23,
META,2 weeks,0.1,2023-02-06 00:00:00+08:00,18019.38357901411,15701.479671216792,14.76,Internet Content & Information,"Meta Platforms, Inc.",2023-02-06,
META,2 weeks,0.1,2024-01-22 00:00:00+08:00,40599.74328405659,36875.328784119105,10.1,Internet Content & Information,"Meta Platforms, Inc.",2024-01-22,
META,2 weeks,0.1,2024-02-05 00:00:00+08:00,46876.84146963769,40599.74328405659,15.46,Internet Content & Information,"Meta Platforms, Inc.",2024-02-05,
META,1 week,0.15,2022-06-06 00:00:00+08:00,18445.1568457539,1233.028662420382,1395.92,Internet Content & Information,"Meta Platforms, Inc.",2022-06-06,
META,1 week,0.15,2022-10-31 00:00:00+08:00,9250.696602580985,11603.195248700817,-20.27,Internet Content & Information,"Meta Platforms, Inc.",2022-10-31,
META,1 week,0.15,2023-01-30 00:00:00+08:00,16736.61704970604,14440.169325952458,15.9,Internet Content & Information,"Meta Platforms, Inc.",2023-01-30,
META,2 weeks,0.15,2022-05-30 00:00:00+08:00,18445.1568457539,1233.028662420382,1395.92,Internet Content & Information,"Meta Platforms, Inc.",2022-05-30,
META,2 weeks,0.15,2022-10-31 00:00:00+08:00,9756.2627409559,12325.70016273393,-20.85,Internet Content & Information,"Meta Platforms, Inc.",2022-10-31,
META,2 weeks,0.15,2022-11-14 00:00:00+08:00,11271.707263681592,9756.2627409559,15.53,Internet Content & Information,"Meta Platforms, Inc.",2022-11-14,
META,2 weeks,0.15,2023-01-23 00:00:00+08:00,15701.479671216792,13427.038312693498,16.94,Internet Content & Information,"Meta Platforms, Inc.",2023-01-23,
META,2 weeks,0.15,2024-02-05 00:00:00+08:00,46876.84146963769,40599.74328405659,15.46,Internet Content & Information,"Meta Platforms, Inc.",2024-02-05,
MRK,1 week,0.05,2014-01-13 00:00:00+08:00,5246.60663507109,4984.90243902439,5.25,Drug Manufacturers - General,"Merck & Co., Inc.",2014-01-13,
MRK,1 week,0.05,2014-10-13 00:00:00+08:00,5534.465127701375,5939.874937217478,-6.83,Drug Manufacturers - General,"Merck & Co., Inc.",2014-10-13,
MRK,1 week,0.05,2015-01-05 00:00:00+08:00,6073.975786924939,5751.538993710692,5.61,Drug Manufacturers - General,"Merck & Co., Inc.",2015-01-05,
MRK,1 week,0.05,2015-08-24 00:00:00+08:00,5418.983598875351,5854.678712871288,-7.44,Drug Manufacturers - General,"Merck & Co., Inc.",2015-08-24,
MRK,1 week,0.05,2015-10-26 00:00:00+08:00,5418.664506480558,5125.600708502024,5.72,Drug Manufacturers - General,"Merck & Co., Inc.",2015-10-26,
MRK,1 week,0.05,2016-08-08 00:00:00+08:00,6289.497841726618,5923.04851104707,6.19,Drug Manufacturers - General,"Merck & Co., Inc.",2016-08-08,
MRK,1 week,0.05,2016-11-07 00:00:00+08:00,6273.535529411764,5892.927125506073,6.46,Drug Manufacturers - General,"Merck & Co., Inc.",2016-11-07,
MRK,1 week,0.05,2017-10-30 00:00:00+08:00,5542.488518685277,6189.530985915493,-10.45,Drug Manufacturers - General,"Merck & Co., Inc.",2017-10-30,
MRK,1 week,0.05,2018-01-15 00:00:00+08:00,6167.276974416018,5732.457483838886,7.59,Drug Manufacturers - General,"Merck & Co., Inc.",2018-01-15,
MRK,1 week,0.05,2018-02-05 00:00:00+08:00,5584.122962272939,6017.15262397689,-7.2,Drug Manufacturers - General,"Merck & Co., Inc.",2018-02-05,
MRK,1 week,0.05,2019-04-15 00:00:00+08:00,7626.873851806491,8051.497985901309,-5.27,Drug Manufacturers - General,"Merck & Co., Inc.",2019-04-15,
MRK,1 week,0.05,2020-03-16 00:00:00+08:00,7213.0695693327025,7752.046291922531,-6.95,Drug Manufacturers - General,"Merck & Co., Inc.",2020-03-16,
MRK,1 week,0.05,2020-03-30 00:00:00+08:00,7560.588092933205,6974.668049792531,8.4,Drug Manufacturers - General,"Merck & Co., Inc.",2020-03-30,
MRK,1 week,0.05,2020-04-06 00:00:00+08:00,8027.419701492538,7560.588092933205,6.17,Drug Manufacturers - General,"Merck & Co., Inc.",2020-04-06,
MRK,1 week,0.05,2020-06-15 00:00:00+08:00,7583.216384683881,8047.274296094459,-5.77,Drug Manufacturers - General,"Merck & Co., Inc.",2020-06-15,
MRK,1 week,0.05,2021-09-27 00:00:00+08:00,7650.670278637771,7267.076139884905,5.28,Drug Manufacturers - General,"Merck & Co., Inc.",2021-09-27,
MRK,1 week,0.05,2021-10-04 00:00:00+08:00,8196.370951585975,7650.670278637771,7.13,Drug Manufacturers - General,"Merck & Co., Inc.",2021-10-04,
MRK,1 week,0.05,2021-11-08 00:00:00+08:00,8288.205638474294,8755.833838001514,-5.34,Drug Manufacturers - General,"Merck & Co., Inc.",2021-11-08,
MRK,1 week,0.05,2021-11-29 00:00:00+08:00,7493.034191176471,8158.150384843102,-8.15,Drug Manufacturers - General,"Merck & Co., Inc.",2021-11-29,
MRK,1 week,0.05,2022-06-13 00:00:00+08:00,8455.084116773874,8929.018325903913,-5.31,Drug Manufacturers - General,"Merck & Co., Inc.",2022-06-13,
MRK,1 week,0.05,2022-06-20 00:00:00+08:00,9033.18024691358,8455.084116773874,6.84,Drug Manufacturers - General,"Merck & Co., Inc.",2022-06-20,
MRK,1 week,0.05,2022-10-24 00:00:00+08:00,9890.912197437114,9400.354982647495,5.22,Drug Manufacturers - General,"Merck & Co., Inc.",2022-10-24,
MRK,1 week,0.05,2022-11-21 00:00:00+08:00,10639.014716187809,10128.561819980217,5.04,Drug Manufacturers - General,"Merck & Co., Inc.",2022-11-21,
MRK,1 week,0.05,2024-01-01 00:00:00+08:00,11544.333736396615,10825.551637279596,6.64,Drug Manufacturers - General,"Merck & Co., Inc.",2024-01-01,
MRK,1 week,0.05,2024-07-29 00:00:00+08:00,11944.656121045393,12576.168261964736,-5.02,Drug Manufacturers - General,"Merck & Co., Inc.",2024-07-29,
MRK,2 weeks,0.05,2014-10-13 00:00:00+08:00,5549.913644214163,5935.044069503903,-6.49,Drug Manufacturers - General,"Merck & Co., Inc.",2014-10-13,
MRK,2 weeks,0.05,2015-01-05 00:00:00+08:00,6159.472113502935,5771.542866711319,6.72,Drug Manufacturers - General,"Merck & Co., Inc.",2015-01-05,
MRK,2 weeks,0.05,2015-08-31 00:00:00+08:00,5263.577131993482,5630.852672123255,-6.52,Drug Manufacturers - General,"Merck & Co., Inc.",2015-08-31,
MRK,2 weeks,0.05,2015-10-26 00:00:00+08:00,5461.844891871738,5079.738354806739,7.52,Drug Manufacturers - General,"Merck & Co., Inc.",2015-10-26,
MRK,2 weeks,0.05,2016-08-08 00:00:00+08:00,6305.989616810878,5882.014921722113,7.21,Drug Manufacturers - General,"Merck & Co., Inc.",2016-08-08,
MRK,2 weeks,0.05,2017-10-30 00:00:00+08:00,5563.4557112324865,6271.211022480057,-11.29,Drug Manufacturers - General,"Merck & Co., Inc.",2017-10-30,
MRK,2 weeks,0.05,2018-02-05 00:00:00+08:00,5563.538737446198,6077.560372275288,-8.46,Drug Manufacturers - General,"Merck & Co., Inc.",2018-02-05,
MRK,2 weeks,0.05,2018-04-16 00:00:00+08:00,5933.719532554257,5523.07412755716,7.44,Drug Manufacturers - General,"Merck & Co., Inc.",2018-04-16,
MRK,2 weeks,0.05,2019-04-15 00:00:00+08:00,7556.42315042315,8158.699174793699,-7.38,Drug Manufacturers - General,"Merck & Co., Inc.",2019-04-15,
MRK,2 weeks,0.05,2020-02-17 00:00:00+08:00,8080.868258653072,8514.27582915772,-5.09,Drug Manufacturers - General,"Merck & Co., Inc.",2020-02-17,
MRK,2 weeks,0.05,2020-03-16 00:00:00+08:00,7092.309901914993,7914.759127548602,-10.39,Drug Manufacturers - General,"Merck & Co., Inc.",2020-03-16,
MRK,2 weeks,0.05,2020-03-30 00:00:00+08:00,7769.607858861267,7092.309901914993,9.55,Drug Manufacturers - General,"Merck & Co., Inc.",2020-03-30,
MRK,2 weeks,0.05,2021-01-25 00:00:00+08:00,7804.864003590664,8265.186390532544,-5.57,Drug Manufacturers - General,"Merck & Co., Inc.",2021-01-25,
MRK,2 weeks,0.05,2021-05-31 00:00:00+08:00,7443.174222004412,7845.059432146294,-5.12,Drug Manufacturers - General,"Merck & Co., Inc.",2021-05-31,
MRK,2 weeks,0.05,2021-10-04 00:00:00+08:00,8076.555833482223,7471.744166838736,8.09,Drug Manufacturers - General,"Merck & Co., Inc.",2021-10-04,
MRK,2 weeks,0.05,2021-11-29 00:00:00+08:00,7391.892571884984,8241.569437404967,-10.31,Drug Manufacturers - General,"Merck & Co., Inc.",2021-11-29,
MRK,2 weeks,0.05,2022-04-04 00:00:00+08:00,8572.396898803046,8102.68228258161,5.8,Drug Manufacturers - General,"Merck & Co., Inc.",2022-04-04,
MRK,2 weeks,0.05,2022-05-16 00:00:00+08:00,9294.39434889435,8831.469814995131,5.24,Drug Manufacturers - General,"Merck & Co., Inc.",2022-05-16,
MRK,2 weeks,0.05,2022-06-27 00:00:00+08:00,9266.12357103974,8712.297995056304,6.36,Drug Manufacturers - General,"Merck & Co., Inc.",2022-06-27,
MRK,2 weeks,0.05,2022-10-17 00:00:00+08:00,9650.986420950532,8954.407579462102,7.78,Drug Manufacturers - General,"Merck & Co., Inc.",2022-10-17,
MRK,2 weeks,0.05,2022-11-28 00:00:00+08:00,10933.902378592666,10339.758190779936,5.75,Drug Manufacturers - General,"Merck & Co., Inc.",2022-11-28,
MRK,2 weeks,0.05,2023-04-03 00:00:00+08:00,11219.047398529012,10543.559123724172,6.41,Drug Manufacturers - General,"Merck & Co., Inc.",2023-04-03,
MRK,2 weeks,0.05,2023-12-25 00:00:00+08:00,11192.259099321407,10583.886239443616,5.75,Drug Manufacturers - General,"Merck & Co., Inc.",2023-12-25,
MRK,2 weeks,0.05,2024-01-08 00:00:00+08:00,11818.717132576807,11192.259099321407,5.6,Drug Manufacturers - General,"Merck & Co., Inc.",2024-01-08,
MRK,1 week,0.1,2017-10-30 00:00:00+08:00,5542.488518685277,6189.530985915493,-10.45,Drug Manufacturers - General,"Merck & Co., Inc.",2017-10-30,
MRK,2 weeks,0.1,2017-10-30 00:00:00+08:00,5563.4557112324865,6271.211022480057,-11.29,Drug Manufacturers - General,"Merck & Co., Inc.",2017-10-30,
MRK,2 weeks,0.1,2020-03-16 00:00:00+08:00,7092.309901914993,7914.759127548602,-10.39,Drug Manufacturers - General,"Merck & Co., Inc.",2020-03-16,
MRK,2 weeks,0.1,2021-11-29 00:00:00+08:00,7391.892571884984,8241.569437404967,-10.31,Drug Manufacturers - General,"Merck & Co., Inc.",2021-11-29,
MSFT,1 week,0.05,2014-10-13 00:00:00+08:00,4339.617003367003,4579.881017257039,-5.25,Software - Infrastructure,Microsoft Corporation,2014-10-13,
MSFT,1 week,0.05,2015-01-26 00:00:00+08:00,4300.592334494773,4645.44646799117,-7.42,Software - Infrastructure,Microsoft Corporation,2015-01-26,
MSFT,1 week,0.05,2015-04-20 00:00:00+08:00,4401.089961389962,4181.7751724137925,5.24,Software - Infrastructure,Microsoft Corporation,2015-04-20,
MSFT,1 week,0.05,2015-04-27 00:00:00+08:00,4859.877340466182,4401.089961389962,10.42,Software - Infrastructure,Microsoft Corporation,2015-04-27,
MSFT,1 week,0.05,2015-08-24 00:00:00+08:00,4259.597701149426,4619.342263279445,-7.79,Software - Infrastructure,Microsoft Corporation,2015-08-24,
MSFT,1 week,0.05,2015-10-05 00:00:00+08:00,4679.598546775658,4404.763894872899,6.24,Software - Infrastructure,Microsoft Corporation,2015-10-05,
MSFT,1 week,0.05,2015-10-19 00:00:00+08:00,4938.5980355119,4692.195413282369,5.25,Software - Infrastructure,Microsoft Corporation,2015-10-19,
MSFT,1 week,0.05,2015-10-26 00:00:00+08:00,5354.889934533551,4938.5980355119,8.43,Software - Infrastructure,Microsoft Corporation,2015-10-26,
MSFT,1 week,0.05,2016-02-08 00:00:00+08:00,4953.020347604917,5263.935908319185,-5.91,Software - Infrastructure,Microsoft Corporation,2016-02-08,
MSFT,1 week,0.05,2016-04-25 00:00:00+08:00,5088.432164948454,5491.9761993306065,-7.35,Software - Infrastructure,Microsoft Corporation,2016-04-25,
MSFT,1 week,0.05,2018-02-05 00:00:00+08:00,8870.923898531375,9380.798021697512,-5.44,Software - Infrastructure,Microsoft Corporation,2018-02-05,
MSFT,1 week,0.05,2018-12-17 00:00:00+08:00,10290.86435218325,10837.216429107277,-5.04,Software - Infrastructure,Microsoft Corporation,2018-12-17,
MSFT,1 week,0.05,2019-06-10 00:00:00+08:00,13228.045602605864,12511.831646044244,5.72,Software - Infrastructure,Microsoft Corporation,2019-06-10,
MSFT,1 week,0.05,2020-02-03 00:00:00+08:00,17980.426470588234,16817.293024585477,6.92,Software - Infrastructure,Microsoft Corporation,2020-02-03,
MSFT,1 week,0.05,2020-02-24 00:00:00+08:00,16644.2944606414,18471.163409563407,-9.89,Software - Infrastructure,Microsoft Corporation,2020-02-24,
MSFT,1 week,0.05,2020-03-09 00:00:00+08:00,15092.10282651072,16634.08270871026,-9.27,Software - Infrastructure,Microsoft Corporation,2020-03-09,
MSFT,1 week,0.05,2020-03-16 00:00:00+08:00,14223.605106593952,15092.10282651072,-5.75,Software - Infrastructure,Microsoft Corporation,2020-03-16,
MSFT,1 week,0.05,2020-03-30 00:00:00+08:00,15587.449192002192,14664.899059242309,6.29,Software - Infrastructure,Microsoft Corporation,2020-03-30,
MSFT,1 week,0.05,2020-04-06 00:00:00+08:00,16454.98133695283,15587.449192002192,5.57,Software - Infrastructure,Microsoft Corporation,2020-04-06,
MSFT,1 week,0.05,2020-08-03 00:00:00+08:00,21339.905930470348,20318.83772198408,5.03,Software - Infrastructure,Microsoft Corporation,2020-08-03,
MSFT,1 week,0.05,2020-09-07 00:00:00+08:00,20767.06451612903,22306.430446927377,-6.9,Software - Infrastructure,Microsoft Corporation,2020-09-07,
MSFT,1 week,0.05,2020-10-12 00:00:00+08:00,22087.62423657988,20982.37192864355,5.27,Software - Infrastructure,Microsoft Corporation,2020-10-12,
MSFT,1 week,0.05,2021-01-25 00:00:00+08:00,23417.58352402746,22271.727272727272,5.14,Software - Infrastructure,Microsoft Corporation,2021-01-25,
MSFT,1 week,0.05,2021-04-05 00:00:00+08:00,25042.92636072572,23601.317872340423,6.11,Software - Infrastructure,Microsoft Corporation,2021-04-05,
MSFT,1 week,0.05,2022-01-03 00:00:00+08:00,32272.843475431175,34050.231956773445,-5.22,Software - Infrastructure,Microsoft Corporation,2022-01-03,
MSFT,1 week,0.05,2022-04-11 00:00:00+08:00,28554.25911789652,30520.55077574048,-6.44,Software - Infrastructure,Microsoft Corporation,2022-04-11,
MSFT,1 week,0.05,2022-05-09 00:00:00+08:00,26344.953418931025,27988.894681225785,-5.87,Software - Infrastructure,Microsoft Corporation,2022-05-09,
MSFT,1 week,0.05,2022-06-13 00:00:00+08:00,24636.619530754597,26744.260869565216,-7.88,Software - Infrastructure,Microsoft Corporation,2022-06-13,
MSFT,1 week,0.05,2022-08-01 00:00:00+08:00,27972.39665653495,26560.75477607266,5.31,Software - Infrastructure,Microsoft Corporation,2022-08-01,
MSFT,1 week,0.05,2022-08-29 00:00:00+08:00,26195.084214235376,27638.454510408636,-5.22,Software - Infrastructure,Microsoft Corporation,2022-08-29,
MSFT,1 week,0.05,2022-10-10 00:00:00+08:00,22891.80209424084,24345.53052917232,-5.97,Software - Infrastructure,Microsoft Corporation,2022-10-10,
MSFT,1 week,0.05,2022-10-31 00:00:00+08:00,22418.653181076672,23655.06763285024,-5.23,Software - Infrastructure,Microsoft Corporation,2022-10-31,
MSFT,1 week,0.05,2023-02-20 00:00:00+08:00,25242.297481007598,26697.323223039217,-5.45,Software - Infrastructure,Microsoft Corporation,2023-02-20,
MSFT,1 week,0.05,2023-03-13 00:00:00+08:00,26891.33735440932,25457.541440743607,5.63,Software - Infrastructure,Microsoft Corporation,2023-03-13,
MSFT,1 week,0.05,2023-11-06 00:00:00+08:00,36140.15207689667,34354.930735930735,5.2,Software - Infrastructure,Microsoft Corporation,2023-11-06,
MSFT,2 weeks,0.05,2014-10-27 00:00:00+08:00,4706.312975391499,4421.124132298897,6.45,Software - Infrastructure,Microsoft Corporation,2014-10-27,
MSFT,2 weeks,0.05,2015-04-27 00:00:00+08:00,4808.313172315811,4300.983001049318,11.8,Software - Infrastructure,Microsoft Corporation,2015-04-27,
MSFT,2 weeks,0.05,2015-08-17 00:00:00+08:00,4425.734001706484,4689.369729985789,-5.62,Software - Infrastructure,Microsoft Corporation,2015-08-17,
MSFT,2 weeks,0.05,2015-10-12 00:00:00+08:00,4829.796202531646,4538.5657749281445,6.42,Software - Infrastructure,Microsoft Corporation,2015-10-12,
MSFT,2 weeks,0.05,2015-10-26 00:00:00+08:00,5378.126757516764,4829.796202531646,11.35,Software - Infrastructure,Microsoft Corporation,2015-10-26,
MSFT,2 weeks,0.05,2016-07-11 00:00:00+08:00,5441.345223195661,5061.578113014574,7.5,Software - Infrastructure,Microsoft Corporation,2016-07-11,
MSFT,2 weeks,0.05,2017-10-30 00:00:00+08:00,8386.644903397735,7919.672096467104,5.9,Software - Infrastructure,Microsoft Corporation,2017-10-30,
MSFT,2 weeks,0.05,2018-07-09 00:00:00+08:00,10446.328433196873,9927.611298889424,5.22,Software - Infrastructure,Microsoft Corporation,2018-07-09,
MSFT,2 weeks,0.05,2018-12-24 00:00:00+08:00,9943.205026455027,10557.636263736264,-5.82,Software - Infrastructure,Microsoft Corporation,2018-12-24,
MSFT,2 weeks,0.05,2019-06-10 00:00:00+08:00,13382.23675264947,12516.788570186876,6.91,Software - Infrastructure,Microsoft Corporation,2019-06-10,
MSFT,2 weeks,0.05,2020-02-03 00:00:00+08:00,18267.687299893278,16753.895782073814,9.04,Software - Infrastructure,Microsoft Corporation,2020-02-03,
MSFT,2 weeks,0.05,2020-02-17 00:00:00+08:00,17318.059193375248,18267.687299893278,-5.2,Software - Infrastructure,Microsoft Corporation,2020-02-17,
MSFT,2 weeks,0.05,2020-03-02 00:00:00+08:00,15840.368242819515,17318.059193375248,-8.53,Software - Infrastructure,Microsoft Corporation,2020-03-02,
MSFT,2 weeks,0.05,2020-03-16 00:00:00+08:00,14441.454876365005,15840.368242819515,-8.83,Software - Infrastructure,Microsoft Corporation,2020-03-16,
MSFT,2 weeks,0.05,2020-03-30 00:00:00+08:00,15974.932858441953,14441.454876365005,10.62,Software - Infrastructure,Microsoft Corporation,2020-03-30,
MSFT,2 weeks,0.05,2020-04-13 00:00:00+08:00,17274.235687838223,15974.932858441953,8.13,Software - Infrastructure,Microsoft Corporation,2020-04-13,
MSFT,2 weeks,0.05,2020-09-14 00:00:00+08:00,20410.960963708447,21611.651494252874,-5.56,Software - Infrastructure,Microsoft Corporation,2020-09-14,
MSFT,2 weeks,0.05,2021-01-25 00:00:00+08:00,23701.86107545286,21884.151812130174,8.31,Software - Infrastructure,Microsoft Corporation,2021-01-25,
MSFT,2 weeks,0.05,2021-04-05 00:00:00+08:00,25413.52917938589,23576.48226251478,7.79,Software - Infrastructure,Microsoft Corporation,2021-04-05,
MSFT,2 weeks,0.05,2021-10-18 00:00:00+08:00,31380.791199456336,29374.80763840224,6.83,Software - Infrastructure,Microsoft Corporation,2021-10-18,
MSFT,2 weeks,0.05,2021-11-01 00:00:00+08:00,33382.88180659261,31380.791199456336,6.38,Software - Infrastructure,Microsoft Corporation,2021-11-01,
MSFT,2 weeks,0.05,2022-01-10 00:00:00+08:00,30846.377241604172,33085.91084039548,-6.77,Software - Infrastructure,Microsoft Corporation,2022-01-10,
MSFT,2 weeks,0.05,2022-03-21 00:00:00+08:00,30608.448866678566,28557.293773370184,7.18,Software - Infrastructure,Microsoft Corporation,2022-03-21,
MSFT,2 weeks,0.05,2022-06-13 00:00:00+08:00,25087.07391064534,26941.135050127778,-6.88,Software - Infrastructure,Microsoft Corporation,2022-06-13,
MSFT,2 weeks,0.05,2022-07-25 00:00:00+08:00,27198.598798283263,25822.502111932416,5.33,Software - Infrastructure,Microsoft Corporation,2022-07-25,
MSFT,2 weeks,0.05,2022-08-08 00:00:00+08:00,28820.53625664389,27198.598798283263,5.96,Software - Infrastructure,Microsoft Corporation,2022-08-08,
MSFT,2 weeks,0.05,2022-08-22 00:00:00+08:00,26884.351988217968,28820.53625664389,-6.72,Software - Infrastructure,Microsoft Corporation,2022-08-22,
MSFT,2 weeks,0.05,2022-09-05 00:00:00+08:00,25469.45949806162,26884.351988217968,-5.26,Software - Infrastructure,Microsoft Corporation,2022-09-05,
MSFT,2 weeks,0.05,2022-09-19 00:00:00+08:00,24060.802534854247,25469.45949806162,-5.53,Software - Infrastructure,Microsoft Corporation,2022-09-19,
MSFT,2 weeks,0.05,2022-11-14 00:00:00+08:00,24312.26341567291,22845.206698240865,6.42,Software - Infrastructure,Microsoft Corporation,2022-11-14,
MSFT,2 weeks,0.05,2022-12-26 00:00:00+08:00,23332.111798591846,24665.104504504503,-5.4,Software - Infrastructure,Microsoft Corporation,2022-12-26,
MSFT,2 weeks,0.05,2023-01-23 00:00:00+08:00,24737.921225710015,23475.552680221812,5.38,Software - Infrastructure,Microsoft Corporation,2023-01-23,
MSFT,2 weeks,0.05,2023-02-06 00:00:00+08:00,26571.50469208211,24737.921225710015,7.41,Software - Infrastructure,Microsoft Corporation,2023-02-06,
MSFT,2 weeks,0.05,2023-02-20 00:00:00+08:00,25113.111172566372,26571.50469208211,-5.49,Software - Infrastructure,Microsoft Corporation,2023-02-20,
MSFT,2 weeks,0.05,2023-03-20 00:00:00+08:00,27798.286817623313,26148.84616927397,6.31,Software - Infrastructure,Microsoft Corporation,2023-03-20,
MSFT,2 weeks,0.05,2023-05-01 00:00:00+08:00,30771.973479490807,29096.75779190572,5.76,Software - Infrastructure,Microsoft Corporation,2023-05-01,
MSFT,2 weeks,0.05,2023-10-30 00:00:00+08:00,35233.96213657877,33296.84621365262,5.82,Software - Infrastructure,Microsoft Corporation,2023-10-30,
MSFT,2 weeks,0.05,2023-11-13 00:00:00+08:00,37306.735655737706,35233.96213657877,5.88,Software - Infrastructure,Microsoft Corporation,2023-11-13,
MSFT,2 weeks,0.05,2024-07-22 00:00:00+08:00,42736.96071498723,45131.78229578985,-5.31,Software - Infrastructure,Microsoft Corporation,2024-07-22,
MSFT,1 week,0.1,2015-04-27 00:00:00+08:00,4859.877340466182,4401.089961389962,10.42,Software - Infrastructure,Microsoft Corporation,2015-04-27,
MSFT,2 weeks,0.1,2015-04-27 00:00:00+08:00,4808.313172315811,4300.983001049318,11.8,Software - Infrastructure,Microsoft Corporation,2015-04-27,
MSFT,2 weeks,0.1,2015-10-26 00:00:00+08:00,5378.126757516764,4829.796202531646,11.35,Software - Infrastructure,Microsoft Corporation,2015-10-26,
MSFT,2 weeks,0.1,2020-03-30 00:00:00+08:00,15974.932858441953,14441.454876365005,10.62,Software - Infrastructure,Microsoft Corporation,2020-03-30,
NFLX,1 week,0.05,2014-01-06 00:00:00+08:00,34262.092264678475,36451.12388250319,-6.01,Entertainment,"Netflix, Inc.",2014-01-06,
NFLX,1 week,0.05,2014-01-20 00:00:00+08:00,36428.08882655446,33356.10573308271,9.21,Entertainment,"Netflix, Inc.",2014-01-20,
NFLX,1 week,0.05,2014-01-27 00:00:00+08:00,39869.736122618066,36428.08882655446,9.45,Entertainment,"Netflix, Inc.",2014-01-27,
NFLX,1 week,0.05,2014-02-10 00:00:00+08:00,43218.563567362435,40987.03301673451,5.44,Entertainment,"Netflix, Inc.",2014-02-10,
NFLX,1 week,0.05,2014-03-24 00:00:00+08:00,37031.47259136213,42140.92365645404,-12.12,Entertainment,"Netflix, Inc.",2014-03-24,
NFLX,1 week,0.05,2014-04-21 00:00:00+08:00,35172.782972253895,33108.37912087912,6.24,Entertainment,"Netflix, Inc.",2014-04-21,
NFLX,1 week,0.05,2014-04-28 00:00:00+08:00,32403.981809913595,35172.782972253895,-7.87,Entertainment,"Netflix, Inc.",2014-04-28,
NFLX,1 week,0.05,2014-05-19 00:00:00+08:00,38028.77169559413,34520.32082732083,10.16,Entertainment,"Netflix, Inc.",2014-05-19,
NFLX,1 week,0.05,2014-05-26 00:00:00+08:00,40627.068469505175,38028.77169559413,6.83,Entertainment,"Netflix, Inc.",2014-05-26,
NFLX,1 week,0.05,2014-09-15 00:00:00+08:00,45718.245758603975,48134.302554027505,-5.02,Entertainment,"Netflix, Inc.",2014-09-15,
NFLX,1 week,0.05,2014-10-13 00:00:00+08:00,39498.40717869549,46055.52732644018,-14.24,Entertainment,"Netflix, Inc.",2014-10-13,
NFLX,1 week,0.05,2014-10-20 00:00:00+08:00,37351.307412460206,39498.40717869549,-5.44,Entertainment,"Netflix, Inc.",2014-10-20,
NFLX,1 week,0.05,2014-11-24 00:00:00+08:00,35209.537354352295,37428.72432979262,-5.93,Entertainment,"Netflix, Inc.",2014-11-24,
NFLX,1 week,0.05,2015-01-19 00:00:00+08:00,40199.21013133208,32531.843258694615,23.57,Entertainment,"Netflix, Inc.",2015-01-19,
NFLX,1 week,0.05,2015-01-26 00:00:00+08:00,44550.224943310655,40199.21013133208,10.82,Entertainment,"Netflix, Inc.",2015-01-26,
NFLX,1 week,0.05,2015-03-09 00:00:00+08:00,44310.6056701031,47045.69139144559,-5.81,Entertainment,"Netflix, Inc.",2015-03-09,
NFLX,1 week,0.05,2015-04-13 00:00:00+08:00,51322.9834767642,43534.582338902146,17.89,Entertainment,"Netflix, Inc.",2015-04-13,
NFLX,1 week,0.05,2015-04-20 00:00:00+08:00,56223.65800865801,51322.9834767642,9.55,Entertainment,"Netflix, Inc.",2015-04-20,
NFLX,1 week,0.05,2015-06-08 00:00:00+08:00,65559.33014571949,62425.73103448276,5.02,Entertainment,"Netflix, Inc.",2015-06-08,
NFLX,1 week,0.05,2015-07-13 00:00:00+08:00,28105.387895892127,66396.14333333334,-57.67,Entertainment,"Netflix, Inc.",2015-07-13,
NFLX,1 week,0.05,2015-07-20 00:00:00+08:00,11131.225705329154,28105.387895892127,-60.39,Entertainment,"Netflix, Inc.",2015-07-20,
NFLX,1 week,0.05,2015-08-03 00:00:00+08:00,12162.832858161084,10898.781664656211,11.6,Entertainment,"Netflix, Inc.",2015-08-03,
NFLX,1 week,0.05,2015-08-24 00:00:00+08:00,10810.760899750068,11762.867302052786,-8.09,Entertainment,"Netflix, Inc.",2015-08-24,
NFLX,1 week,0.05,2015-09-07 00:00:00+08:00,9839.996652719665,10549.498089920658,-6.73,Entertainment,"Netflix, Inc.",2015-09-07,
NFLX,1 week,0.05,2015-10-05 00:00:00+08:00,11033.709515260323,10198.700670141474,8.19,Entertainment,"Netflix, Inc.",2015-10-05,
NFLX,1 week,0.05,2015-10-19 00:00:00+08:00,9917.361380379993,10673.829878249424,-7.09,Entertainment,"Netflix, Inc.",2015-10-19,
NFLX,1 week,0.05,2015-10-26 00:00:00+08:00,10444.8939061815,9917.361380379993,5.32,Entertainment,"Netflix, Inc.",2015-10-26,
NFLX,1 week,0.05,2015-11-02 00:00:00+08:00,11160.9983200336,10444.8939061815,6.86,Entertainment,"Netflix, Inc.",2015-11-02,
NFLX,1 week,0.05,2015-11-16 00:00:00+08:00,11715.031028037383,11047.496127191194,6.04,Entertainment,"Netflix, Inc.",2015-11-16,
NFLX,1 week,0.05,2015-11-23 00:00:00+08:00,12408.551194539248,11715.031028037383,5.92,Entertainment,"Netflix, Inc.",2015-11-23,
NFLX,1 week,0.05,2016-01-25 00:00:00+08:00,9541.502016868351,10586.492936235203,-9.87,Entertainment,"Netflix, Inc.",2016-01-25,
NFLX,1 week,0.05,2016-02-01 00:00:00+08:00,9033.764308426073,9541.502016868351,-5.32,Entertainment,"Netflix, Inc.",2016-02-01,
NFLX,1 week,0.05,2016-02-15 00:00:00+08:00,9085.27027027027,8597.375979112272,5.67,Entertainment,"Netflix, Inc.",2016-02-15,
NFLX,1 week,0.05,2016-02-29 00:00:00+08:00,9737.77796188898,9191.974617244157,5.94,Entertainment,"Netflix, Inc.",2016-02-29,
NFLX,1 week,0.05,2016-04-18 00:00:00+08:00,9841.685704514364,10792.682855956828,-8.81,Entertainment,"Netflix, Inc.",2016-04-18,
NFLX,1 week,0.05,2016-04-25 00:00:00+08:00,9163.601446193108,9841.685704514364,-6.89,Entertainment,"Netflix, Inc.",2016-04-25,
NFLX,1 week,0.05,2016-05-23 00:00:00+08:00,9956.57231726283,9009.775652985076,10.51,Entertainment,"Netflix, Inc.",2016-05-23,
NFLX,1 week,0.05,2016-07-04 00:00:00+08:00,9553.662155388472,9055.733462282398,5.5,Entertainment,"Netflix, Inc.",2016-07-04,
NFLX,1 week,0.05,2016-07-18 00:00:00+08:00,8812.912122264675,9663.587677725118,-8.8,Entertainment,"Netflix, Inc.",2016-07-18,
NFLX,1 week,0.05,2016-10-03 00:00:00+08:00,10410.942489270386,9676.97517564403,7.58,Entertainment,"Netflix, Inc.",2016-10-03,
NFLX,1 week,0.05,2016-10-17 00:00:00+08:00,11817.069583189805,10122.712450155072,16.74,Entertainment,"Netflix, Inc.",2016-10-17,
NFLX,1 week,0.05,2016-10-24 00:00:00+08:00,12721.933898305084,11817.069583189805,7.66,Entertainment,"Netflix, Inc.",2016-10-24,
NFLX,1 week,0.05,2017-06-12 00:00:00+08:00,15204.081283868278,16457.295302013423,-7.61,Entertainment,"Netflix, Inc.",2017-06-12,
NFLX,1 week,0.05,2017-07-10 00:00:00+08:00,15647.266216216216,14768.635294117648,5.95,Entertainment,"Netflix, Inc.",2017-07-10,
NFLX,1 week,0.05,2017-07-17 00:00:00+08:00,17938.63218793829,15647.266216216216,14.64,Entertainment,"Netflix, Inc.",2017-07-17,
NFLX,1 week,0.05,2017-10-09 00:00:00+08:00,19667.893129770993,18652.38652335676,5.44,Entertainment,"Netflix, Inc.",2017-10-09,
NFLX,1 week,0.05,2018-01-01 00:00:00+08:00,20427.295558958653,18948.826372315038,7.8,Entertainment,"Netflix, Inc.",2018-01-01,
NFLX,1 week,0.05,2018-01-22 00:00:00+08:00,25380.659921671016,22031.967871485944,15.2,Entertainment,"Netflix, Inc.",2018-01-22,
NFLX,1 week,0.05,2018-01-29 00:00:00+08:00,27451.264325323475,25380.659921671016,8.16,Entertainment,"Netflix, Inc.",2018-01-29,
NFLX,1 week,0.05,2018-02-05 00:00:00+08:00,25806.43824270796,27451.264325323475,-5.99,Entertainment,"Netflix, Inc.",2018-02-05,
NFLX,1 week,0.05,2018-02-19 00:00:00+08:00,28160.743830207302,26708.3046458492,5.44,Entertainment,"Netflix, Inc.",2018-02-19,
NFLX,1 week,0.05,2018-03-05 00:00:00+08:00,31893.42516897329,29240.111607142855,9.07,Entertainment,"Netflix, Inc.",2018-03-05,
NFLX,1 week,0.05,2018-04-09 00:00:00+08:00,30396.941016949153,28665.414209591472,6.04,Entertainment,"Netflix, Inc.",2018-04-09,
NFLX,1 week,0.05,2018-04-16 00:00:00+08:00,32817.792727272725,30396.941016949153,7.96,Entertainment,"Netflix, Inc.",2018-04-16,
NFLX,1 week,0.05,2018-06-18 00:00:00+08:00,40767.36723732796,37766.29707560628,7.95,Entertainment,"Netflix, Inc.",2018-06-18,
NFLX,1 week,0.05,2018-07-16 00:00:00+08:00,37208.146698536,41255.503463476074,-9.81,Entertainment,"Netflix, Inc.",2018-07-16,
NFLX,1 week,0.05,2018-07-30 00:00:00+08:00,33995.984375,35973.050567973616,-5.5,Entertainment,"Netflix, Inc.",2018-07-30,
NFLX,1 week,0.05,2018-08-13 00:00:00+08:00,33035.58996683251,34901.10061242345,-5.35,Entertainment,"Netflix, Inc.",2018-08-13,
NFLX,1 week,0.05,2018-08-27 00:00:00+08:00,36817.0358137684,34068.20115830116,8.07,Entertainment,"Netflix, Inc.",2018-08-27,
NFLX,1 week,0.05,2018-10-08 00:00:00+08:00,33797.119047619046,37143.40183193947,-9.01,Entertainment,"Netflix, Inc.",2018-10-08,
NFLX,1 week,0.05,2018-10-22 00:00:00+08:00,31650.34193975505,35170.72234548336,-10.01,Entertainment,"Netflix, Inc.",2018-10-22,
NFLX,1 week,0.05,2018-10-29 00:00:00+08:00,30050.31606386445,31650.34193975505,-5.06,Entertainment,"Netflix, Inc.",2018-10-29,
NFLX,1 week,0.05,2018-11-12 00:00:00+08:00,29067.18766653978,31488.61860291371,-7.69,Entertainment,"Netflix, Inc.",2018-11-12,
NFLX,1 week,0.05,2018-11-19 00:00:00+08:00,26779.5636550308,29067.18766653978,-7.87,Entertainment,"Netflix, Inc.",2018-11-19,
NFLX,1 week,0.05,2018-12-24 00:00:00+08:00,24713.67560728745,26413.92825827023,-6.44,Entertainment,"Netflix, Inc.",2018-12-24,
NFLX,1 week,0.05,2018-12-31 00:00:00+08:00,27290.355991285403,24713.67560728745,10.43,Entertainment,"Netflix, Inc.",2018-12-31,
NFLX,1 week,0.05,2019-01-07 00:00:00+08:00,32151.769507019264,27290.355991285403,17.81,Entertainment,"Netflix, Inc.",2019-01-07,
NFLX,1 week,0.05,2019-01-14 00:00:00+08:00,34573.22121684867,32151.769507019264,7.53,Entertainment,"Netflix, Inc.",2019-01-14,
NFLX,1 week,0.05,2019-04-22 00:00:00+08:00,37421.4296875,35521.365408038975,5.35,Entertainment,"Netflix, Inc.",2019-04-22,
NFLX,1 week,0.05,2019-07-15 00:00:00+08:00,34306.98283983849,37895.668086919475,-9.47,Entertainment,"Netflix, Inc.",2019-07-15,
NFLX,1 week,0.05,2019-07-22 00:00:00+08:00,31777.00741318767,34306.98283983849,-7.37,Entertainment,"Netflix, Inc.",2019-07-22,
NFLX,1 week,0.05,2019-08-05 00:00:00+08:00,30792.45326349718,32486.281208935612,-5.21,Entertainment,"Netflix, Inc.",2019-08-05,
NFLX,1 week,0.05,2019-09-23 00:00:00+08:00,26184.163047931175,28740.936882782313,-8.9,Entertainment,"Netflix, Inc.",2019-09-23,
NFLX,1 week,0.05,2019-10-14 00:00:00+08:00,28961.647451669596,27542.26081530782,5.15,Entertainment,"Netflix, Inc.",2019-10-14,
NFLX,1 week,0.05,2019-10-21 00:00:00+08:00,27263.936987483816,28961.647451669596,-5.86,Entertainment,"Netflix, Inc.",2019-10-21,
NFLX,1 week,0.05,2019-11-18 00:00:00+08:00,30568.424268502586,29100.08881730327,5.05,Entertainment,"Netflix, Inc.",2019-11-18,
NFLX,1 week,0.05,2019-12-16 00:00:00+08:00,32148.688545150504,29864.05810526316,7.65,Entertainment,"Netflix, Inc.",2019-12-16,
NFLX,1 week,0.05,2020-02-03 00:00:00+08:00,36528.208570179275,34496.75467687075,5.89,Entertainment,"Netflix, Inc.",2020-02-03,
NFLX,1 week,0.05,2020-03-09 00:00:00+08:00,33933.757575757576,37441.333738355606,-9.37,Entertainment,"Netflix, Inc.",2020-03-09,
NFLX,1 week,0.05,2020-03-23 00:00:00+08:00,35614.262109375,32398.45186953063,9.93,Entertainment,"Netflix, Inc.",2020-03-23,
NFLX,1 week,0.05,2020-04-13 00:00:00+08:00,41898.056120659414,37265.40205655527,12.43,Entertainment,"Netflix, Inc.",2020-04-13,
NFLX,1 week,0.05,2020-05-25 00:00:00+08:00,41560.25407680168,44472.84768498486,-6.55,Entertainment,"Netflix, Inc.",2020-05-25,
NFLX,1 week,0.05,2020-06-22 00:00:00+08:00,46185.23284537969,43957.98440207972,5.07,Entertainment,"Netflix, Inc.",2020-06-22,
NFLX,1 week,0.05,2020-07-06 00:00:00+08:00,50628.201356506994,46392.1212458287,9.13,Entertainment,"Netflix, Inc.",2020-07-06,
NFLX,1 week,0.05,2020-07-20 00:00:00+08:00,48902.893563315105,51824.175368550365,-5.64,Entertainment,"Netflix, Inc.",2020-07-20,
NFLX,1 week,0.05,2020-09-07 00:00:00+08:00,49871.35349611542,53261.316283034954,-6.36,Entertainment,"Netflix, Inc.",2020-09-07,
NFLX,1 week,0.05,2020-10-19 00:00:00+08:00,50465.660218978104,54537.2874444893,-7.47,Entertainment,"Netflix, Inc.",2020-10-19,
NFLX,1 week,0.05,2021-01-18 00:00:00+08:00,56133.7264187867,50079.33469945355,12.09,Entertainment,"Netflix, Inc.",2021-01-18,
NFLX,1 week,0.05,2021-04-05 00:00:00+08:00,54745.535852713176,51997.87390761548,5.28,Entertainment,"Netflix, Inc.",2021-04-05,
NFLX,1 week,0.05,2021-04-19 00:00:00+08:00,52052.818181818184,54900.13714006833,-5.19,Entertainment,"Netflix, Inc.",2021-04-19,
NFLX,1 week,0.05,2021-10-25 00:00:00+08:00,67179.07902163688,63942.953920475666,5.06,Entertainment,"Netflix, Inc.",2021-10-25,
NFLX,1 week,0.05,2022-01-03 00:00:00+08:00,57176.91345249295,61163.14905450501,-6.52,Entertainment,"Netflix, Inc.",2022-01-03,
NFLX,1 week,0.05,2022-01-10 00:00:00+08:00,53090.040056550424,57176.91345249295,-7.15,Entertainment,"Netflix, Inc.",2022-01-10,
NFLX,1 week,0.05,2022-01-17 00:00:00+08:00,46615.12537313433,53090.040056550424,-12.2,Entertainment,"Netflix, Inc.",2022-01-17,
NFLX,1 week,0.05,2022-01-24 00:00:00+08:00,37703.84199932909,46615.12537313433,-19.12,Entertainment,"Netflix, Inc.",2022-01-24,
NFLX,1 week,0.05,2022-01-31 00:00:00+08:00,42411.068696883856,37703.84199932909,12.48,Entertainment,"Netflix, Inc.",2022-01-31,
NFLX,1 week,0.05,2022-02-07 00:00:00+08:00,40238.010309278354,42411.068696883856,-5.12,Entertainment,"Netflix, Inc.",2022-02-07,
NFLX,1 week,0.05,2022-03-07 00:00:00+08:00,35381.043752819125,37821.400947867296,-6.45,Entertainment,"Netflix, Inc.",2022-03-07,
NFLX,1 week,0.05,2022-03-21 00:00:00+08:00,37587.48525857902,35407.77481617647,6.16,Entertainment,"Netflix, Inc.",2022-03-21,
NFLX,1 week,0.05,2022-04-11 00:00:00+08:00,34793.83006535948,37139.091035764046,-6.31,Entertainment,"Netflix, Inc.",2022-04-11,
NFLX,1 week,0.05,2022-04-18 00:00:00+08:00,25652.374377015534,34793.83006535948,-26.27,Entertainment,"Netflix, Inc.",2022-04-18,
NFLX,1 week,0.05,2022-04-25 00:00:00+08:00,19855.264471057882,25652.374377015534,-22.6,Entertainment,"Netflix, Inc.",2022-04-25,
NFLX,1 week,0.05,2022-05-09 00:00:00+08:00,17553.60863360685,19323.80368338558,-9.16,Entertainment,"Netflix, Inc.",2022-05-09,
NFLX,1 week,0.05,2022-05-16 00:00:00+08:00,18551.827097282396,17553.60863360685,5.69,Entertainment,"Netflix, Inc.",2022-05-16,
NFLX,1 week,0.05,2022-05-30 00:00:00+08:00,19819.807411273487,18687.618189266697,6.06,Entertainment,"Netflix, Inc.",2022-05-30,
NFLX,1 week,0.05,2022-06-13 00:00:00+08:00,17329.041818920017,19506.835173824133,-11.16,Entertainment,"Netflix, Inc.",2022-06-13,
NFLX,1 week,0.05,2022-07-18 00:00:00+08:00,20974.950495049503,17753.7369519833,18.14,Entertainment,"Netflix, Inc.",2022-07-18,
NFLX,1 week,0.05,2022-07-25 00:00:00+08:00,22134.243973399833,20974.950495049503,5.53,Entertainment,"Netflix, Inc.",2022-07-25,
NFLX,1 week,0.05,2022-08-08 00:00:00+08:00,23957.355889724313,22615.75580357143,5.93,Entertainment,"Netflix, Inc.",2022-08-08,
NFLX,1 week,0.05,2022-08-22 00:00:00+08:00,22865.485581395347,24390.592709270928,-6.25,Entertainment,"Netflix, Inc.",2022-08-22,
NFLX,1 week,0.05,2022-10-17 00:00:00+08:00,26382.040161892903,22505.506225680936,17.22,Entertainment,"Netflix, Inc.",2022-10-17,
NFLX,1 week,0.05,2022-10-24 00:00:00+08:00,29385.432089822527,26382.040161892903,11.38,Entertainment,"Netflix, Inc.",2022-10-24,
NFLX,1 week,0.05,2022-10-31 00:00:00+08:00,27903.98926507019,29385.432089822527,-5.04,Entertainment,"Netflix, Inc.",2022-10-31,
NFLX,1 week,0.05,2022-11-14 00:00:00+08:00,30097.2345971564,26628.36926229508,13.03,Entertainment,"Netflix, Inc.",2022-11-14,
NFLX,1 week,0.05,2022-12-19 00:00:00+08:00,29236.6008492569,30806.384804928133,-5.1,Entertainment,"Netflix, Inc.",2022-12-19,
NFLX,1 week,0.05,2023-01-02 00:00:00+08:00,30547.558114035088,28638.13695652174,6.67,Entertainment,"Netflix, Inc.",2023-01-02,
NFLX,1 week,0.05,2023-01-09 00:00:00+08:00,32593.527672158853,30547.558114035088,6.7,Entertainment,"Netflix, Inc.",2023-01-09,
NFLX,1 week,0.05,2023-01-23 00:00:00+08:00,36173.19725141471,32961.71721486544,9.74,Entertainment,"Netflix, Inc.",2023-01-23,
NFLX,1 week,0.05,2023-02-20 00:00:00+08:00,32861.48645660586,35487.210431654676,-7.4,Entertainment,"Netflix, Inc.",2023-02-20,
NFLX,1 week,0.05,2023-03-27 00:00:00+08:00,33317.973824312336,31066.910586250528,7.25,Entertainment,"Netflix, Inc.",2023-03-27,
NFLX,1 week,0.05,2023-05-29 00:00:00+08:00,39749.393650793645,36447.045804988666,9.06,Entertainment,"Netflix, Inc.",2023-05-29,
NFLX,1 week,0.05,2023-06-12 00:00:00+08:00,43529.26018002572,40816.48197264816,6.65,Entertainment,"Netflix, Inc.",2023-06-12,
NFLX,1 week,0.05,2023-07-24 00:00:00+08:00,42381.89408762229,45107.19993487463,-6.04,Entertainment,"Netflix, Inc.",2023-07-24,
NFLX,1 week,0.05,2023-09-11 00:00:00+08:00,42068.81178620375,44457.22289156626,-5.37,Entertainment,"Netflix, Inc.",2023-09-11,
NFLX,1 week,0.05,2023-09-18 00:00:00+08:00,39003.37424171722,42068.81178620375,-7.29,Entertainment,"Netflix, Inc.",2023-09-18,
NFLX,1 week,0.05,2023-10-23 00:00:00+08:00,40735.236213634395,37769.593828489415,7.85,Entertainment,"Netflix, Inc.",2023-10-23,
NFLX,1 week,0.05,2024-01-22 00:00:00+08:00,53248.18939393939,48170.652566271856,10.54,Entertainment,"Netflix, Inc.",2024-01-22,
NFLX,1 week,0.05,2024-01-29 00:00:00+08:00,56698.25390450692,53248.18939393939,6.48,Entertainment,"Netflix, Inc.",2024-01-29,
NFLX,1 week,0.05,2024-04-22 00:00:00+08:00,55992.38733953077,59966.745573518085,-6.63,Entertainment,"Netflix, Inc.",2024-04-22,
NFLX,1 week,0.05,2024-05-06 00:00:00+08:00,60561.58543983822,55978.24925224327,8.19,Entertainment,"Netflix, Inc.",2024-05-06,
NFLX,2 weeks,0.05,2014-01-06 00:00:00+08:00,33811.006785212914,36451.12388250319,-7.24,Entertainment,"Netflix, Inc.",2014-01-06,
NFLX,2 weeks,0.05,2014-01-20 00:00:00+08:00,38252.849769382825,33811.006785212914,13.14,Entertainment,"Netflix, Inc.",2014-01-20,
NFLX,2 weeks,0.05,2014-02-03 00:00:00+08:00,42076.18939569345,38252.849769382825,9.99,Entertainment,"Netflix, Inc.",2014-02-03,
NFLX,2 weeks,0.05,2014-02-17 00:00:00+08:00,44249.93400621118,42076.18939569345,5.17,Entertainment,"Netflix, Inc.",2014-02-17,
NFLX,2 weeks,0.05,2014-03-17 00:00:00+08:00,39344.02477835872,44274.354015511635,-11.14,Entertainment,"Netflix, Inc.",2014-03-17,
NFLX,2 weeks,0.05,2014-03-31 00:00:00+08:00,34775.888134057976,39344.02477835872,-11.61,Entertainment,"Netflix, Inc.",2014-03-31,
NFLX,2 weeks,0.05,2014-05-12 00:00:00+08:00,36342.6715210356,32661.4728449272,11.27,Entertainment,"Netflix, Inc.",2014-05-12,
NFLX,2 weeks,0.05,2014-05-26 00:00:00+08:00,41567.8118657299,36342.6715210356,14.38,Entertainment,"Netflix, Inc.",2014-05-26,
NFLX,2 weeks,0.05,2014-08-18 00:00:00+08:00,47417.3,44289.11164194116,7.06,Entertainment,"Netflix, Inc.",2014-08-18,
NFLX,2 weeks,0.05,2014-09-15 00:00:00+08:00,45173.15127107979,47956.60982416969,-5.8,Entertainment,"Netflix, Inc.",2014-09-15,
NFLX,2 weeks,0.05,2014-10-13 00:00:00+08:00,38512.71356993737,45471.520991897865,-15.3,Entertainment,"Netflix, Inc.",2014-10-13,
NFLX,2 weeks,0.05,2014-11-24 00:00:00+08:00,35025.75611192931,37898.873801502974,-7.58,Entertainment,"Netflix, Inc.",2014-11-24,
NFLX,2 weeks,0.05,2015-01-19 00:00:00+08:00,42411.33548535854,32759.33055214724,29.46,Entertainment,"Netflix, Inc.",2015-01-19,
NFLX,2 weeks,0.05,2015-02-02 00:00:00+08:00,45072.88277571251,42411.33548535854,6.28,Entertainment,"Netflix, Inc.",2015-02-02,
NFLX,2 weeks,0.05,2015-02-16 00:00:00+08:00,47588.6100795756,45072.88277571251,5.58,Entertainment,"Netflix, Inc.",2015-02-16,
NFLX,2 weeks,0.05,2015-03-16 00:00:00+08:00,42412.59189951295,45644.564827039874,-7.08,Entertainment,"Netflix, Inc.",2015-03-16,
NFLX,2 weeks,0.05,2015-04-13 00:00:00+08:00,53367.225521669345,42767.512586445366,24.78,Entertainment,"Netflix, Inc.",2015-04-13,
NFLX,2 weeks,0.05,2015-04-27 00:00:00+08:00,56300.15933075933,53367.225521669345,5.5,Entertainment,"Netflix, Inc.",2015-04-27,
NFLX,2 weeks,0.05,2015-05-11 00:00:00+08:00,60532.83228001945,56300.15933075933,7.52,Entertainment,"Netflix, Inc.",2015-05-11,
NFLX,2 weeks,0.05,2015-06-08 00:00:00+08:00,65787.94655775963,62363.04192500738,5.49,Entertainment,"Netflix, Inc.",2015-06-08,
NFLX,2 weeks,0.05,2015-07-06 00:00:00+08:00,43308.75080355455,66547.22198879551,-34.92,Entertainment,"Netflix, Inc.",2015-07-06,
NFLX,2 weeks,0.05,2015-07-20 00:00:00+08:00,11016.50287755507,43308.75080355455,-74.56,Entertainment,"Netflix, Inc.",2015-07-20,
NFLX,2 weeks,0.05,2015-08-03 00:00:00+08:00,12205.118143459917,11016.50287755507,10.79,Entertainment,"Netflix, Inc.",2015-08-03,
NFLX,2 weeks,0.05,2015-08-17 00:00:00+08:00,11221.14899668194,12205.118143459917,-8.06,Entertainment,"Netflix, Inc.",2015-08-17,
NFLX,2 weeks,0.05,2015-08-31 00:00:00+08:00,10256.781287761092,11221.14899668194,-8.59,Entertainment,"Netflix, Inc.",2015-08-31,
NFLX,2 weeks,0.05,2015-09-28 00:00:00+08:00,10623.760007311277,10051.973983144007,5.69,Entertainment,"Netflix, Inc.",2015-09-28,
NFLX,2 weeks,0.05,2015-11-09 00:00:00+08:00,11395.71294851794,10810.62634062634,5.41,Entertainment,"Netflix, Inc.",2015-11-09,
NFLX,2 weeks,0.05,2015-11-23 00:00:00+08:00,12597.572460391426,11395.71294851794,10.55,Entertainment,"Netflix, Inc.",2015-11-23,
NFLX,2 weeks,0.05,2016-01-25 00:00:00+08:00,9297.849895098225,10796.395790650027,-13.88,Entertainment,"Netflix, Inc.",2016-01-25,
NFLX,2 weeks,0.05,2016-02-08 00:00:00+08:00,8803.485566566134,9297.849895098225,-5.32,Entertainment,"Netflix, Inc.",2016-02-08,
NFLX,2 weeks,0.05,2016-02-22 00:00:00+08:00,9461.085988562092,8803.485566566134,7.47,Entertainment,"Netflix, Inc.",2016-02-22,
NFLX,2 weeks,0.05,2016-04-18 00:00:00+08:00,9539.472227488151,10627.664814023088,-10.24,Entertainment,"Netflix, Inc.",2016-04-18,
NFLX,2 weeks,0.05,2016-05-02 00:00:00+08:00,9028.452450212577,9539.472227488151,-5.36,Entertainment,"Netflix, Inc.",2016-05-02,
NFLX,2 weeks,0.05,2016-05-16 00:00:00+08:00,9526.137192536047,9028.452450212577,5.51,Entertainment,"Netflix, Inc.",2016-05-16,
NFLX,2 weeks,0.05,2016-06-13 00:00:00+08:00,9279.594680851065,9944.046552591848,-6.68,Entertainment,"Netflix, Inc.",2016-06-13,
NFLX,2 weeks,0.05,2016-10-03 00:00:00+08:00,10269.1209941138,9668.797740112994,6.21,Entertainment,"Netflix, Inc.",2016-10-03,
NFLX,2 weeks,0.05,2016-10-17 00:00:00+08:00,12222.82291468744,10269.1209941138,19.03,Entertainment,"Netflix, Inc.",2016-10-17,
NFLX,2 weeks,0.05,2017-05-01 00:00:00+08:00,15722.11199438859,14656.515389257696,7.27,Entertainment,"Netflix, Inc.",2017-05-01,
NFLX,2 weeks,0.05,2017-06-12 00:00:00+08:00,15311.525250278088,16389.12450748621,-6.58,Entertainment,"Netflix, Inc.",2017-06-12,
NFLX,2 weeks,0.05,2017-07-10 00:00:00+08:00,16935.70780757098,15077.406484458736,12.33,Entertainment,"Netflix, Inc.",2017-07-10,
NFLX,2 weeks,0.05,2017-07-24 00:00:00+08:00,18386.93865584123,16935.70780757098,8.57,Entertainment,"Netflix, Inc.",2017-07-24,
NFLX,2 weeks,0.05,2017-08-07 00:00:00+08:00,17197.388959123473,18386.93865584123,-6.47,Entertainment,"Netflix, Inc.",2017-08-07,
NFLX,2 weeks,0.05,2017-09-04 00:00:00+08:00,18028.555064935063,16957.70288506282,6.31,Entertainment,"Netflix, Inc.",2017-09-04,
NFLX,2 weeks,0.05,2018-01-08 00:00:00+08:00,21686.711182254745,19745.61348005502,9.83,Entertainment,"Netflix, Inc.",2018-01-08,
NFLX,2 weeks,0.05,2018-01-22 00:00:00+08:00,26351.536141445657,21686.711182254745,21.51,Entertainment,"Netflix, Inc.",2018-01-22,
NFLX,2 weeks,0.05,2018-02-19 00:00:00+08:00,28776.217013152313,26244.76901721266,9.65,Entertainment,"Netflix, Inc.",2018-02-19,
NFLX,2 weeks,0.05,2018-03-05 00:00:00+08:00,31996.7814697609,28776.217013152313,11.19,Entertainment,"Netflix, Inc.",2018-03-05,
NFLX,2 weeks,0.05,2018-04-16 00:00:00+08:00,32096.897693255854,29551.451344319168,8.61,Entertainment,"Netflix, Inc.",2018-04-16,
NFLX,2 weeks,0.05,2018-05-28 00:00:00+08:00,35867.19576957696,33398.78843322818,7.39,Entertainment,"Netflix, Inc.",2018-05-28,
NFLX,2 weeks,0.05,2018-06-11 00:00:00+08:00,39312.240013833645,35867.19576957696,9.61,Entertainment,"Netflix, Inc.",2018-06-11,
NFLX,2 weeks,0.05,2018-07-23 00:00:00+08:00,35028.59942583732,39178.77449026522,-10.59,Entertainment,"Netflix, Inc.",2018-07-23,
NFLX,2 weeks,0.05,2018-10-15 00:00:00+08:00,33448.72279792746,35362.70803055711,-5.41,Entertainment,"Netflix, Inc.",2018-10-15,
NFLX,2 weeks,0.05,2018-10-29 00:00:00+08:00,30720.40584754612,33448.72279792746,-8.16,Entertainment,"Netflix, Inc.",2018-10-29,
NFLX,2 weeks,0.05,2018-11-12 00:00:00+08:00,28093.134863387975,30720.40584754612,-8.55,Entertainment,"Netflix, Inc.",2018-11-12,
NFLX,2 weeks,0.05,2019-01-07 00:00:00+08:00,33389.92405871091,26098.241629594944,27.94,Entertainment,"Netflix, Inc.",2019-01-07,
NFLX,2 weeks,0.05,2019-02-04 00:00:00+08:00,35187.48841698842,33280.80033105731,5.73,Entertainment,"Netflix, Inc.",2019-02-04,
NFLX,2 weeks,0.05,2019-05-13 00:00:00+08:00,35344.969684030744,37215.07605693648,-5.03,Entertainment,"Netflix, Inc.",2019-05-13,
NFLX,2 weeks,0.05,2019-07-22 00:00:00+08:00,32111.153528683448,35890.48430156044,-10.53,Entertainment,"Netflix, Inc.",2019-07-22,
NFLX,2 weeks,0.05,2019-09-16 00:00:00+08:00,27432.533333333333,29108.80146341463,-5.76,Entertainment,"Netflix, Inc.",2019-09-16,
NFLX,2 weeks,0.05,2019-12-23 00:00:00+08:00,32917.25262832406,31010.447031676107,6.15,Entertainment,"Netflix, Inc.",2019-12-23,
NFLX,2 weeks,0.05,2020-02-03 00:00:00+08:00,37134.77059882936,34247.178299492385,8.43,Entertainment,"Netflix, Inc.",2020-02-03,
NFLX,2 weeks,0.05,2020-03-02 00:00:00+08:00,35651.03014078921,37630.123017671045,-5.26,Entertainment,"Netflix, Inc.",2020-03-02,
NFLX,2 weeks,0.05,2020-03-30 00:00:00+08:00,37026.99237875289,34020.93397713835,8.84,Entertainment,"Netflix, Inc.",2020-03-30,
NFLX,2 weeks,0.05,2020-04-13 00:00:00+08:00,42532.79041118695,37026.99237875289,14.87,Entertainment,"Netflix, Inc.",2020-04-13,
NFLX,2 weeks,0.05,2020-05-25 00:00:00+08:00,41795.88172043011,44268.224130619164,-5.58,Entertainment,"Netflix, Inc.",2020-05-25,
NFLX,2 weeks,0.05,2020-06-22 00:00:00+08:00,46278.602660642566,43331.2325429628,6.8,Entertainment,"Netflix, Inc.",2020-06-22,
NFLX,2 weeks,0.05,2020-07-06 00:00:00+08:00,51321.71718610864,46278.602660642566,10.9,Entertainment,"Netflix, Inc.",2020-07-06,
NFLX,2 weeks,0.05,2020-09-14 00:00:00+08:00,47957.12072032014,51788.62753134041,-7.4,Entertainment,"Netflix, Inc.",2020-09-14,
NFLX,2 weeks,0.05,2020-09-28 00:00:00+08:00,51311.35306874865,47957.12072032014,6.99,Entertainment,"Netflix, Inc.",2020-09-28,
NFLX,2 weeks,0.05,2020-10-26 00:00:00+08:00,49221.34727112676,52398.84416331225,-6.06,Entertainment,"Netflix, Inc.",2020-10-26,
NFLX,2 weeks,0.05,2021-04-05 00:00:00+08:00,54822.554583029414,51981.32127312296,5.47,Entertainment,"Netflix, Inc.",2021-04-05,
NFLX,2 weeks,0.05,2021-04-19 00:00:00+08:00,51473.49503516756,54822.554583029414,-6.11,Entertainment,"Netflix, Inc.",2021-04-19,
NFLX,2 weeks,0.05,2021-06-28 00:00:00+08:00,53351.711426188485,50471.693781035705,5.71,Entertainment,"Netflix, Inc.",2021-06-28,
NFLX,2 weeks,0.05,2021-08-23 00:00:00+08:00,56586.97506234414,52263.07632999229,8.27,Entertainment,"Netflix, Inc.",2021-08-23,
NFLX,2 weeks,0.05,2021-10-04 00:00:00+08:00,62923.091988821616,59272.97898256508,6.16,Entertainment,"Netflix, Inc.",2021-10-04,
NFLX,2 weeks,0.05,2021-11-29 00:00:00+08:00,62610.27299630086,67439.63546511628,-7.16,Entertainment,"Netflix, Inc.",2021-11-29,
NFLX,2 weeks,0.05,2022-01-10 00:00:00+08:00,49690.96351018581,59003.43017329256,-15.78,Entertainment,"Netflix, Inc.",2022-01-10,
NFLX,2 weeks,0.05,2022-01-24 00:00:00+08:00,39993.80034453057,49690.96351018581,-19.51,Entertainment,"Netflix, Inc.",2022-01-24,
NFLX,2 weeks,0.05,2022-02-21 00:00:00+08:00,37833.54616548941,39978.682602921646,-5.37,Entertainment,"Netflix, Inc.",2022-02-21,
NFLX,2 weeks,0.05,2022-03-07 00:00:00+08:00,35394.28454359208,37833.54616548941,-6.45,Entertainment,"Netflix, Inc.",2022-03-07,
NFLX,2 weeks,0.05,2022-03-21 00:00:00+08:00,37801.13989387362,35394.28454359208,6.8,Entertainment,"Netflix, Inc.",2022-03-21,
NFLX,2 weeks,0.05,2022-04-18 00:00:00+08:00,22936.757674925975,36110.13529718457,-36.48,Entertainment,"Netflix, Inc.",2022-04-18,
NFLX,2 weeks,0.05,2022-05-02 00:00:00+08:00,18397.2197945845,22936.757674925975,-19.79,Entertainment,"Netflix, Inc.",2022-05-02,
NFLX,2 weeks,0.05,2022-05-30 00:00:00+08:00,19644.33914239853,18618.38654618474,5.51,Entertainment,"Netflix, Inc.",2022-05-30,
NFLX,2 weeks,0.05,2022-06-13 00:00:00+08:00,17620.287858117325,19644.33914239853,-10.3,Entertainment,"Netflix, Inc.",2022-06-13,
NFLX,2 weeks,0.05,2022-07-11 00:00:00+08:00,19578.858125226205,18247.01556708673,7.3,Entertainment,"Netflix, Inc.",2022-07-11,
NFLX,2 weeks,0.05,2022-07-25 00:00:00+08:00,22366.39776151528,19578.858125226205,14.24,Entertainment,"Netflix, Inc.",2022-07-25,
NFLX,2 weeks,0.05,2022-08-08 00:00:00+08:00,24165.902729636047,22366.39776151528,8.05,Entertainment,"Netflix, Inc.",2022-08-08,
NFLX,2 weeks,0.05,2022-08-22 00:00:00+08:00,22700.407015221706,24165.902729636047,-6.06,Entertainment,"Netflix, Inc.",2022-08-22,
NFLX,2 weeks,0.05,2022-10-17 00:00:00+08:00,27770.348401138457,23045.978343693605,20.5,Entertainment,"Netflix, Inc.",2022-10-17,
NFLX,2 weeks,0.05,2022-11-14 00:00:00+08:00,29514.570810290938,27263.817976141505,8.26,Entertainment,"Netflix, Inc.",2022-11-14,
NFLX,2 weeks,0.05,2023-01-09 00:00:00+08:00,32776.60577740017,29588.678493449785,10.77,Entertainment,"Netflix, Inc.",2023-01-09,
NFLX,2 weeks,0.05,2023-01-23 00:00:00+08:00,36111.49271075428,32776.60577740017,10.17,Entertainment,"Netflix, Inc.",2023-01-23,
NFLX,2 weeks,0.05,2023-02-20 00:00:00+08:00,32329.619510978046,35846.67776298269,-9.81,Entertainment,"Netflix, Inc.",2023-02-20,
NFLX,2 weeks,0.05,2023-03-06 00:00:00+08:00,30594.00888395336,32329.619510978046,-5.37,Entertainment,"Netflix, Inc.",2023-03-06,
NFLX,2 weeks,0.05,2023-03-20 00:00:00+08:00,32163.969297297295,30594.00888395336,5.13,Entertainment,"Netflix, Inc.",2023-03-20,
NFLX,2 weeks,0.05,2023-04-03 00:00:00+08:00,34085.628695208965,32163.969297297295,5.97,Entertainment,"Netflix, Inc.",2023-04-03,
NFLX,2 weeks,0.05,2023-05-15 00:00:00+08:00,35694.029056772466,32856.6811525744,8.64,Entertainment,"Netflix, Inc.",2023-05-15,
NFLX,2 weeks,0.05,2023-05-29 00:00:00+08:00,40347.78642807344,35694.029056772466,13.04,Entertainment,"Netflix, Inc.",2023-05-29,
NFLX,2 weeks,0.05,2023-06-12 00:00:00+08:00,43119.73597440945,40347.78642807344,6.87,Entertainment,"Netflix, Inc.",2023-06-12,
NFLX,2 weeks,0.05,2023-09-18 00:00:00+08:00,38474.27068197797,43098.88776305533,-10.73,Entertainment,"Netflix, Inc.",2023-09-18,
NFLX,2 weeks,0.05,2023-10-30 00:00:00+08:00,42715.739323220536,39111.41591355599,9.22,Entertainment,"Netflix, Inc.",2023-10-30,
NFLX,2 weeks,0.05,2023-11-13 00:00:00+08:00,46489.7620515695,42715.739323220536,8.84,Entertainment,"Netflix, Inc.",2023-11-13,
NFLX,2 weeks,0.05,2024-01-22 00:00:00+08:00,54713.33901838166,48361.89414972732,13.13,Entertainment,"Netflix, Inc.",2024-01-22,
NFLX,2 weeks,0.05,2024-04-15 00:00:00+08:00,58118.263948939675,62268.909838107094,-6.67,Entertainment,"Netflix, Inc.",2024-04-15,
NFLX,2 weeks,0.05,2024-05-13 00:00:00+08:00,62771.64713408393,58253.81124497992,7.76,Entertainment,"Netflix, Inc.",2024-05-13,
NFLX,1 week,0.1,2014-03-24 00:00:00+08:00,37031.47259136213,42140.92365645404,-12.12,Entertainment,"Netflix, Inc.",2014-03-24,
NFLX,1 week,0.1,2014-05-19 00:00:00+08:00,38028.77169559413,34520.32082732083,10.16,Entertainment,"Netflix, Inc.",2014-05-19,
NFLX,1 week,0.1,2014-10-13 00:00:00+08:00,39498.40717869549,46055.52732644018,-14.24,Entertainment,"Netflix, Inc.",2014-10-13,
NFLX,1 week,0.1,2015-01-19 00:00:00+08:00,40199.21013133208,32531.843258694615,23.57,Entertainment,"Netflix, Inc.",2015-01-19,
NFLX,1 week,0.1,2015-01-26 00:00:00+08:00,44550.224943310655,40199.21013133208,10.82,Entertainment,"Netflix, Inc.",2015-01-26,
NFLX,1 week,0.1,2015-04-13 00:00:00+08:00,51322.9834767642,43534.582338902146,17.89,Entertainment,"Netflix, Inc.",2015-04-13,
NFLX,1 week,0.1,2015-07-13 00:00:00+08:00,28105.387895892127,66396.14333333334,-57.67,Entertainment,"Netflix, Inc.",2015-07-13,
NFLX,1 week,0.1,2015-07-20 00:00:00+08:00,11131.225705329154,28105.387895892127,-60.39,Entertainment,"Netflix, Inc.",2015-07-20,
NFLX,1 week,0.1,2015-08-03 00:00:00+08:00,12162.832858161084,10898.781664656211,11.6,Entertainment,"Netflix, Inc.",2015-08-03,
NFLX,1 week,0.1,2016-05-23 00:00:00+08:00,9956.57231726283,9009.775652985076,10.51,Entertainment,"Netflix, Inc.",2016-05-23,
NFLX,1 week,0.1,2016-10-17 00:00:00+08:00,11817.069583189805,10122.712450155072,16.74,Entertainment,"Netflix, Inc.",2016-10-17,
NFLX,1 week,0.1,2017-07-17 00:00:00+08:00,17938.63218793829,15647.266216216216,14.64,Entertainment,"Netflix, Inc.",2017-07-17,
NFLX,1 week,0.1,2018-01-22 00:00:00+08:00,25380.659921671016,22031.967871485944,15.2,Entertainment,"Netflix, Inc.",2018-01-22,
NFLX,1 week,0.1,2018-10-22 00:00:00+08:00,31650.34193975505,35170.72234548336,-10.01,Entertainment,"Netflix, Inc.",2018-10-22,
NFLX,1 week,0.1,2018-12-31 00:00:00+08:00,27290.355991285403,24713.67560728745,10.43,Entertainment,"Netflix, Inc.",2018-12-31,
NFLX,1 week,0.1,2019-01-07 00:00:00+08:00,32151.769507019264,27290.355991285403,17.81,Entertainment,"Netflix, Inc.",2019-01-07,
NFLX,1 week,0.1,2020-04-13 00:00:00+08:00,41898.056120659414,37265.40205655527,12.43,Entertainment,"Netflix, Inc.",2020-04-13,
NFLX,1 week,0.1,2021-01-18 00:00:00+08:00,56133.7264187867,50079.33469945355,12.09,Entertainment,"Netflix, Inc.",2021-01-18,
NFLX,1 week,0.1,2022-01-17 00:00:00+08:00,46615.12537313433,53090.040056550424,-12.2,Entertainment,"Netflix, Inc.",2022-01-17,
NFLX,1 week,0.1,2022-01-24 00:00:00+08:00,37703.84199932909,46615.12537313433,-19.12,Entertainment,"Netflix, Inc.",2022-01-24,
NFLX,1 week,0.1,2022-01-31 00:00:00+08:00,42411.068696883856,37703.84199932909,12.48,Entertainment,"Netflix, Inc.",2022-01-31,
NFLX,1 week,0.1,2022-04-18 00:00:00+08:00,25652.374377015534,34793.83006535948,-26.27,Entertainment,"Netflix, Inc.",2022-04-18,
NFLX,1 week,0.1,2022-04-25 00:00:00+08:00,19855.264471057882,25652.374377015534,-22.6,Entertainment,"Netflix, Inc.",2022-04-25,
NFLX,1 week,0.1,2022-06-13 00:00:00+08:00,17329.041818920017,19506.835173824133,-11.16,Entertainment,"Netflix, Inc.",2022-06-13,
NFLX,1 week,0.1,2022-07-18 00:00:00+08:00,20974.950495049503,17753.7369519833,18.14,Entertainment,"Netflix, Inc.",2022-07-18,
NFLX,1 week,0.1,2022-10-17 00:00:00+08:00,26382.040161892903,22505.506225680936,17.22,Entertainment,"Netflix, Inc.",2022-10-17,
NFLX,1 week,0.1,2022-10-24 00:00:00+08:00,29385.432089822527,26382.040161892903,11.38,Entertainment,"Netflix, Inc.",2022-10-24,
NFLX,1 week,0.1,2022-11-14 00:00:00+08:00,30097.2345971564,26628.36926229508,13.03,Entertainment,"Netflix, Inc.",2022-11-14,
NFLX,1 week,0.1,2024-01-22 00:00:00+08:00,53248.18939393939,48170.652566271856,10.54,Entertainment,"Netflix, Inc.",2024-01-22,
NFLX,2 weeks,0.1,2014-01-20 00:00:00+08:00,38252.849769382825,33811.006785212914,13.14,Entertainment,"Netflix, Inc.",2014-01-20,
NFLX,2 weeks,0.1,2014-03-17 00:00:00+08:00,39344.02477835872,44274.354015511635,-11.14,Entertainment,"Netflix, Inc.",2014-03-17,
NFLX,2 weeks,0.1,2014-03-31 00:00:00+08:00,34775.888134057976,39344.02477835872,-11.61,Entertainment,"Netflix, Inc.",2014-03-31,
NFLX,2 weeks,0.1,2014-05-12 00:00:00+08:00,36342.6715210356,32661.4728449272,11.27,Entertainment,"Netflix, Inc.",2014-05-12,
NFLX,2 weeks,0.1,2014-05-26 00:00:00+08:00,41567.8118657299,36342.6715210356,14.38,Entertainment,"Netflix, Inc.",2014-05-26,
NFLX,2 weeks,0.1,2014-10-13 00:00:00+08:00,38512.71356993737,45471.520991897865,-15.3,Entertainment,"Netflix, Inc.",2014-10-13,
NFLX,2 weeks,0.1,2015-01-19 00:00:00+08:00,42411.33548535854,32759.33055214724,29.46,Entertainment,"Netflix, Inc.",2015-01-19,
NFLX,2 weeks,0.1,2015-04-13 00:00:00+08:00,53367.225521669345,42767.512586445366,24.78,Entertainment,"Netflix, Inc.",2015-04-13,
NFLX,2 weeks,0.1,2015-07-06 00:00:00+08:00,43308.75080355455,66547.22198879551,-34.92,Entertainment,"Netflix, Inc.",2015-07-06,
NFLX,2 weeks,0.1,2015-07-20 00:00:00+08:00,11016.50287755507,43308.75080355455,-74.56,Entertainment,"Netflix, Inc.",2015-07-20,
NFLX,2 weeks,0.1,2015-08-03 00:00:00+08:00,12205.118143459917,11016.50287755507,10.79,Entertainment,"Netflix, Inc.",2015-08-03,
NFLX,2 weeks,0.1,2015-11-23 00:00:00+08:00,12597.572460391426,11395.71294851794,10.55,Entertainment,"Netflix, Inc.",2015-11-23,
NFLX,2 weeks,0.1,2016-01-25 00:00:00+08:00,9297.849895098225,10796.395790650027,-13.88,Entertainment,"Netflix, Inc.",2016-01-25,
NFLX,2 weeks,0.1,2016-04-18 00:00:00+08:00,9539.472227488151,10627.664814023088,-10.24,Entertainment,"Netflix, Inc.",2016-04-18,
NFLX,2 weeks,0.1,2016-10-17 00:00:00+08:00,12222.82291468744,10269.1209941138,19.03,Entertainment,"Netflix, Inc.",2016-10-17,
NFLX,2 weeks,0.1,2017-07-10 00:00:00+08:00,16935.70780757098,15077.406484458736,12.33,Entertainment,"Netflix, Inc.",2017-07-10,
NFLX,2 weeks,0.1,2018-01-22 00:00:00+08:00,26351.536141445657,21686.711182254745,21.51,Entertainment,"Netflix, Inc.",2018-01-22,
NFLX,2 weeks,0.1,2018-03-05 00:00:00+08:00,31996.7814697609,28776.217013152313,11.19,Entertainment,"Netflix, Inc.",2018-03-05,
NFLX,2 weeks,0.1,2018-07-23 00:00:00+08:00,35028.59942583732,39178.77449026522,-10.59,Entertainment,"Netflix, Inc.",2018-07-23,
NFLX,2 weeks,0.1,2019-01-07 00:00:00+08:00,33389.92405871091,26098.241629594944,27.94,Entertainment,"Netflix, Inc.",2019-01-07,
NFLX,2 weeks,0.1,2019-07-22 00:00:00+08:00,32111.153528683448,35890.48430156044,-10.53,Entertainment,"Netflix, Inc.",2019-07-22,
NFLX,2 weeks,0.1,2020-04-13 00:00:00+08:00,42532.79041118695,37026.99237875289,14.87,Entertainment,"Netflix, Inc.",2020-04-13,
NFLX,2 weeks,0.1,2020-07-06 00:00:00+08:00,51321.71718610864,46278.602660642566,10.9,Entertainment,"Netflix, Inc.",2020-07-06,
NFLX,2 weeks,0.1,2022-01-10 00:00:00+08:00,49690.96351018581,59003.43017329256,-15.78,Entertainment,"Netflix, Inc.",2022-01-10,
NFLX,2 weeks,0.1,2022-01-24 00:00:00+08:00,39993.80034453057,49690.96351018581,-19.51,Entertainment,"Netflix, Inc.",2022-01-24,
NFLX,2 weeks,0.1,2022-04-18 00:00:00+08:00,22936.757674925975,36110.13529718457,-36.48,Entertainment,"Netflix, Inc.",2022-04-18,
NFLX,2 weeks,0.1,2022-05-02 00:00:00+08:00,18397.2197945845,22936.757674925975,-19.79,Entertainment,"Netflix, Inc.",2022-05-02,
NFLX,2 weeks,0.1,2022-06-13 00:00:00+08:00,17620.287858117325,19644.33914239853,-10.3,Entertainment,"Netflix, Inc.",2022-06-13,
NFLX,2 weeks,0.1,2022-07-25 00:00:00+08:00,22366.39776151528,19578.858125226205,14.24,Entertainment,"Netflix, Inc.",2022-07-25,
NFLX,2 weeks,0.1,2022-10-17 00:00:00+08:00,27770.348401138457,23045.978343693605,20.5,Entertainment,"Netflix, Inc.",2022-10-17,
NFLX,2 weeks,0.1,2023-01-09 00:00:00+08:00,32776.60577740017,29588.678493449785,10.77,Entertainment,"Netflix, Inc.",2023-01-09,
NFLX,2 weeks,0.1,2023-01-23 00:00:00+08:00,36111.49271075428,32776.60577740017,10.17,Entertainment,"Netflix, Inc.",2023-01-23,
NFLX,2 weeks,0.1,2023-05-29 00:00:00+08:00,40347.78642807344,35694.029056772466,13.04,Entertainment,"Netflix, Inc.",2023-05-29,
NFLX,2 weeks,0.1,2023-09-18 00:00:00+08:00,38474.27068197797,43098.88776305533,-10.73,Entertainment,"Netflix, Inc.",2023-09-18,
NFLX,2 weeks,0.1,2024-01-22 00:00:00+08:00,54713.33901838166,48361.89414972732,13.13,Entertainment,"Netflix, Inc.",2024-01-22,
NFLX,1 week,0.15,2015-01-19 00:00:00+08:00,40199.21013133208,32531.843258694615,23.57,Entertainment,"Netflix, Inc.",2015-01-19,
NFLX,1 week,0.15,2015-04-13 00:00:00+08:00,51322.9834767642,43534.582338902146,17.89,Entertainment,"Netflix, Inc.",2015-04-13,
NFLX,1 week,0.15,2015-07-13 00:00:00+08:00,28105.387895892127,66396.14333333334,-57.67,Entertainment,"Netflix, Inc.",2015-07-13,
NFLX,1 week,0.15,2015-07-20 00:00:00+08:00,11131.225705329154,28105.387895892127,-60.39,Entertainment,"Netflix, Inc.",2015-07-20,
NFLX,1 week,0.15,2016-10-17 00:00:00+08:00,11817.069583189805,10122.712450155072,16.74,Entertainment,"Netflix, Inc.",2016-10-17,
NFLX,1 week,0.15,2018-01-22 00:00:00+08:00,25380.659921671016,22031.967871485944,15.2,Entertainment,"Netflix, Inc.",2018-01-22,
NFLX,1 week,0.15,2019-01-07 00:00:00+08:00,32151.769507019264,27290.355991285403,17.81,Entertainment,"Netflix, Inc.",2019-01-07,
NFLX,1 week,0.15,2022-01-24 00:00:00+08:00,37703.84199932909,46615.12537313433,-19.12,Entertainment,"Netflix, Inc.",2022-01-24,
NFLX,1 week,0.15,2022-04-18 00:00:00+08:00,25652.374377015534,34793.83006535948,-26.27,Entertainment,"Netflix, Inc.",2022-04-18,
NFLX,1 week,0.15,2022-04-25 00:00:00+08:00,19855.264471057882,25652.374377015534,-22.6,Entertainment,"Netflix, Inc.",2022-04-25,
NFLX,1 week,0.15,2022-07-18 00:00:00+08:00,20974.950495049503,17753.7369519833,18.14,Entertainment,"Netflix, Inc.",2022-07-18,
NFLX,1 week,0.15,2022-10-17 00:00:00+08:00,26382.040161892903,22505.506225680936,17.22,Entertainment,"Netflix, Inc.",2022-10-17,
NFLX,2 weeks,0.15,2014-10-13 00:00:00+08:00,38512.71356993737,45471.520991897865,-15.3,Entertainment,"Netflix, Inc.",2014-10-13,
NFLX,2 weeks,0.15,2015-01-19 00:00:00+08:00,42411.33548535854,32759.33055214724,29.46,Entertainment,"Netflix, Inc.",2015-01-19,
NFLX,2 weeks,0.15,2015-04-13 00:00:00+08:00,53367.225521669345,42767.512586445366,24.78,Entertainment,"Netflix, Inc.",2015-04-13,
NFLX,2 weeks,0.15,2015-07-06 00:00:00+08:00,43308.75080355455,66547.22198879551,-34.92,Entertainment,"Netflix, Inc.",2015-07-06,
NFLX,2 weeks,0.15,2015-07-20 00:00:00+08:00,11016.50287755507,43308.75080355455,-74.56,Entertainment,"Netflix, Inc.",2015-07-20,
NFLX,2 weeks,0.15,2016-10-17 00:00:00+08:00,12222.82291468744,10269.1209941138,19.03,Entertainment,"Netflix, Inc.",2016-10-17,
NFLX,2 weeks,0.15,2018-01-22 00:00:00+08:00,26351.536141445657,21686.711182254745,21.51,Entertainment,"Netflix, Inc.",2018-01-22,
NFLX,2 weeks,0.15,2019-01-07 00:00:00+08:00,33389.92405871091,26098.241629594944,27.94,Entertainment,"Netflix, Inc.",2019-01-07,
NFLX,2 weeks,0.15,2022-01-10 00:00:00+08:00,49690.96351018581,59003.43017329256,-15.78,Entertainment,"Netflix, Inc.",2022-01-10,
NFLX,2 weeks,0.15,2022-01-24 00:00:00+08:00,39993.80034453057,49690.96351018581,-19.51,Entertainment,"Netflix, Inc.",2022-01-24,
NFLX,2 weeks,0.15,2022-04-18 00:00:00+08:00,22936.757674925975,36110.13529718457,-36.48,Entertainment,"Netflix, Inc.",2022-04-18,
NFLX,2 weeks,0.15,2022-05-02 00:00:00+08:00,18397.2197945845,22936.757674925975,-19.79,Entertainment,"Netflix, Inc.",2022-05-02,
NFLX,2 weeks,0.15,2022-10-17 00:00:00+08:00,27770.348401138457,23045.978343693605,20.5,Entertainment,"Netflix, Inc.",2022-10-17,
NVDA,1 week,0.05,2014-02-10 00:00:00+08:00,1675.6713286713286,1556.732180293501,7.64,Semiconductors,NVIDIA Corporation,2014-02-10,
NVDA,1 week,0.05,2014-02-17 00:00:00+08:00,1831.0529265255293,1675.6713286713286,9.27,Semiconductors,NVIDIA Corporation,2014-02-17,
NVDA,1 week,0.05,2014-08-11 00:00:00+08:00,1890.7462839569453,1791.4181905678536,5.54,Semiconductors,NVIDIA Corporation,2014-08-11,
NVDA,1 week,0.05,2014-11-03 00:00:00+08:00,1998.7859237536657,1878.514106583072,6.4,Semiconductors,NVIDIA Corporation,2014-11-03,
NVDA,1 week,0.05,2015-02-09 00:00:00+08:00,2126.981818181818,2006.7946474523933,5.99,Semiconductors,NVIDIA Corporation,2015-02-09,
NVDA,1 week,0.05,2015-03-23 00:00:00+08:00,2171.9253658536586,2310.3895112016294,-5.99,Semiconductors,NVIDIA Corporation,2015-03-23,
NVDA,1 week,0.05,2015-08-03 00:00:00+08:00,2098.369118318867,1977.359415753782,6.12,Semiconductors,NVIDIA Corporation,2015-08-03,
NVDA,1 week,0.05,2015-08-10 00:00:00+08:00,2363.034153691612,2098.369118318867,12.61,Semiconductors,NVIDIA Corporation,2015-08-10,
NVDA,1 week,0.05,2015-10-05 00:00:00+08:00,2575.5534177215186,2391.5523665659616,7.69,Semiconductors,NVIDIA Corporation,2015-10-05,
NVDA,1 week,0.05,2015-11-09 00:00:00+08:00,3059.49248496994,2904.559962669155,5.33,Semiconductors,NVIDIA Corporation,2015-11-09,
NVDA,1 week,0.05,2016-01-04 00:00:00+08:00,3157.44091124822,3330.8753973299426,-5.21,Semiconductors,NVIDIA Corporation,2016-01-04,
NVDA,1 week,0.05,2016-01-11 00:00:00+08:00,2903.532155130093,3157.44091124822,-8.04,Semiconductors,NVIDIA Corporation,2016-01-11,
NVDA,1 week,0.05,2016-02-08 00:00:00+08:00,2547.3811188811187,2816.0345691382763,-9.54,Semiconductors,NVIDIA Corporation,2016-02-08,
NVDA,1 week,0.05,2016-02-15 00:00:00+08:00,2883.9240235420007,2547.3811188811187,13.21,Semiconductors,NVIDIA Corporation,2016-02-15,
NVDA,1 week,0.05,2016-02-22 00:00:00+08:00,3153.310954063604,2883.9240235420007,9.34,Semiconductors,NVIDIA Corporation,2016-02-22,
NVDA,1 week,0.05,2016-05-16 00:00:00+08:00,4300.885078776645,3679.6484848484847,16.88,Semiconductors,NVIDIA Corporation,2016-05-16,
NVDA,1 week,0.05,2016-05-23 00:00:00+08:00,4523.830931796349,4300.885078776645,5.18,Semiconductors,NVIDIA Corporation,2016-05-23,
NVDA,1 week,0.05,2016-07-11 00:00:00+08:00,5273.637200736648,4852.113636363636,8.69,Semiconductors,NVIDIA Corporation,2016-07-11,
NVDA,1 week,0.05,2016-08-08 00:00:00+08:00,5983.324833267948,5675.060749881348,5.43,Semiconductors,NVIDIA Corporation,2016-08-08,
NVDA,1 week,0.05,2016-09-19 00:00:00+08:00,6425.286473429952,6097.179569399908,5.38,Semiconductors,NVIDIA Corporation,2016-09-19,
NVDA,1 week,0.05,2016-10-24 00:00:00+08:00,7123.493617021277,6675.594607379375,6.71,Semiconductors,NVIDIA Corporation,2016-10-24,
NVDA,1 week,0.05,2016-11-07 00:00:00+08:00,7380.065444084861,6923.420582706767,6.6,Semiconductors,NVIDIA Corporation,2016-11-07,
NVDA,1 week,0.05,2016-11-14 00:00:00+08:00,8947.82191780822,7380.065444084861,21.24,Semiconductors,NVIDIA Corporation,2016-11-14,
NVDA,1 week,0.05,2016-12-19 00:00:00+08:00,10538.499411995295,9478.528542094458,11.18,Semiconductors,NVIDIA Corporation,2016-12-19,
NVDA,1 week,0.05,2016-12-26 00:00:00+08:00,11129.844436693407,10538.499411995295,5.61,Semiconductors,NVIDIA Corporation,2016-12-26,
NVDA,1 week,0.05,2017-01-02 00:00:00+08:00,10334.397574707666,11129.844436693407,-7.15,Semiconductors,NVIDIA Corporation,2017-01-02,
NVDA,1 week,0.05,2017-02-13 00:00:00+08:00,10835.157142857144,11724.02185608608,-7.58,Semiconductors,NVIDIA Corporation,2017-02-13,
NVDA,1 week,0.05,2017-04-03 00:00:00+08:00,10238.274125336407,10816.307963044435,-5.34,Semiconductors,NVIDIA Corporation,2017-04-03,
NVDA,1 week,0.05,2017-05-08 00:00:00+08:00,11664.431586113002,10420.996383363472,11.93,Semiconductors,NVIDIA Corporation,2017-05-08,
NVDA,1 week,0.05,2017-05-15 00:00:00+08:00,13343.131309904153,11664.431586113002,14.39,Semiconductors,NVIDIA Corporation,2017-05-15,
NVDA,1 week,0.05,2017-06-05 00:00:00+08:00,15254.916249582917,14432.551427276847,5.7,Semiconductors,NVIDIA Corporation,2017-06-05,
NVDA,1 week,0.05,2017-06-26 00:00:00+08:00,14897.262818336165,15758.702173913043,-5.47,Semiconductors,NVIDIA Corporation,2017-06-26,
NVDA,1 week,0.05,2017-07-10 00:00:00+08:00,15836.11283043198,14351.048840651209,10.35,Semiconductors,NVIDIA Corporation,2017-07-10,
NVDA,1 week,0.05,2017-09-18 00:00:00+08:00,18412.946327683618,17119.24113737075,7.56,Semiconductors,NVIDIA Corporation,2017-09-18,
NVDA,1 week,0.05,2017-10-09 00:00:00+08:00,19014.010017271157,18011.41039565555,5.57,Semiconductors,NVIDIA Corporation,2017-10-09,
NVDA,1 week,0.05,2017-12-04 00:00:00+08:00,19024.010031131096,20426.12721238938,-6.86,Semiconductors,NVIDIA Corporation,2017-12-04,
NVDA,1 week,0.05,2018-01-01 00:00:00+08:00,20923.029274501485,19685.41657754011,6.29,Semiconductors,NVIDIA Corporation,2018-01-01,
NVDA,1 week,0.05,2018-01-08 00:00:00+08:00,22268.75827237896,20923.029274501485,6.43,Semiconductors,NVIDIA Corporation,2018-01-08,
NVDA,1 week,0.05,2018-01-22 00:00:00+08:00,23723.184643510056,22485.75079006772,5.5,Semiconductors,NVIDIA Corporation,2018-01-22,
NVDA,1 week,0.05,2018-02-05 00:00:00+08:00,22607.550299075585,24243.419149648475,-6.75,Semiconductors,NVIDIA Corporation,2018-02-05,
NVDA,1 week,0.05,2018-02-12 00:00:00+08:00,23825.796668979878,22607.550299075585,5.39,Semiconductors,NVIDIA Corporation,2018-02-12,
NVDA,1 week,0.05,2018-05-07 00:00:00+08:00,25298.112701252237,22915.401732965736,10.4,Semiconductors,NVIDIA Corporation,2018-05-07,
NVDA,1 week,0.05,2018-06-25 00:00:00+08:00,24025.097072419103,25949.599683544304,-7.42,Semiconductors,NVIDIA Corporation,2018-06-25,
NVDA,1 week,0.05,2018-08-27 00:00:00+08:00,27707.152620545072,25819.528237951807,7.31,Semiconductors,NVIDIA Corporation,2018-08-27,
NVDA,1 week,0.05,2018-10-01 00:00:00+08:00,28334.909203466777,26940.473344103393,5.18,Semiconductors,NVIDIA Corporation,2018-10-01,
NVDA,1 week,0.05,2018-10-08 00:00:00+08:00,25206.273691913648,28334.909203466777,-11.04,Semiconductors,NVIDIA Corporation,2018-10-08,
NVDA,1 week,0.05,2018-10-22 00:00:00+08:00,21107.15141647672,24057.310780669144,-12.26,Semiconductors,NVIDIA Corporation,2018-10-22,
NVDA,1 week,0.05,2018-11-12 00:00:00+08:00,18840.616312281814,20971.694976076556,-10.16,Semiconductors,NVIDIA Corporation,2018-11-12,
NVDA,1 week,0.05,2018-11-19 00:00:00+08:00,14815.404024144867,18840.616312281814,-21.36,Semiconductors,NVIDIA Corporation,2018-11-19,
NVDA,1 week,0.05,2018-11-26 00:00:00+08:00,15577.660452729693,14815.404024144867,5.15,Semiconductors,NVIDIA Corporation,2018-11-26,
NVDA,1 week,0.05,2018-12-10 00:00:00+08:00,14966.623183139536,16011.07334157396,-6.52,Semiconductors,NVIDIA Corporation,2018-12-10,
NVDA,1 week,0.05,2018-12-17 00:00:00+08:00,14067.513966480448,14966.623183139536,-6.01,Semiconductors,NVIDIA Corporation,2018-12-17,
NVDA,1 week,0.05,2018-12-24 00:00:00+08:00,12991.726429675424,14067.513966480448,-7.65,Semiconductors,NVIDIA Corporation,2018-12-24,
NVDA,1 week,0.05,2019-01-07 00:00:00+08:00,14295.318007662836,13312.638111888113,7.38,Semiconductors,NVIDIA Corporation,2019-01-07,
NVDA,1 week,0.05,2019-01-14 00:00:00+08:00,15130.572550486164,14295.318007662836,5.84,Semiconductors,NVIDIA Corporation,2019-01-14,
NVDA,1 week,0.05,2019-01-28 00:00:00+08:00,13884.7412407586,15376.86369119421,-9.7,Semiconductors,NVIDIA Corporation,2019-01-28,
NVDA,1 week,0.05,2019-02-04 00:00:00+08:00,14909.619318181818,13884.7412407586,7.38,Semiconductors,NVIDIA Corporation,2019-02-04,
NVDA,1 week,0.05,2019-03-11 00:00:00+08:00,16471.896515679444,15297.61971830986,7.68,Semiconductors,NVIDIA Corporation,2019-03-11,
NVDA,1 week,0.05,2019-03-18 00:00:00+08:00,17616.135354247443,16471.896515679444,6.95,Semiconductors,NVIDIA Corporation,2019-03-18,
NVDA,1 week,0.05,2019-04-01 00:00:00+08:00,18642.08025865348,17669.31148176881,5.51,Semiconductors,NVIDIA Corporation,2019-04-01,
NVDA,1 week,0.05,2019-05-13 00:00:00+08:00,16083.647327249022,17289.692857142854,-6.98,Semiconductors,NVIDIA Corporation,2019-05-13,
NVDA,1 week,0.05,2019-05-20 00:00:00+08:00,15071.290049942374,16083.647327249022,-6.29,Semiconductors,NVIDIA Corporation,2019-05-20,
NVDA,1 week,0.05,2019-05-27 00:00:00+08:00,14038.313425468905,15071.290049942374,-6.85,Semiconductors,NVIDIA Corporation,2019-05-27,
NVDA,1 week,0.05,2019-08-05 00:00:00+08:00,15323.720727548314,16986.250719276613,-9.79,Semiconductors,NVIDIA Corporation,2019-08-05,
NVDA,1 week,0.05,2019-08-19 00:00:00+08:00,16887.728684971098,15358.666550885724,9.96,Semiconductors,NVIDIA Corporation,2019-08-19,
NVDA,1 week,0.05,2019-09-09 00:00:00+08:00,18320.867962737953,17244.559881715133,6.24,Semiconductors,NVIDIA Corporation,2019-09-09,
NVDA,1 week,0.05,2019-10-14 00:00:00+08:00,19270.933467741936,18297.288856304986,5.32,Semiconductors,NVIDIA Corporation,2019-10-14,
NVDA,1 week,0.05,2019-12-16 00:00:00+08:00,23183.106947697113,21840.135949266743,6.15,Semiconductors,NVIDIA Corporation,2019-12-16,
NVDA,1 week,0.05,2020-02-10 00:00:00+08:00,27328.4701120797,24806.38845997562,10.17,Semiconductors,NVIDIA Corporation,2020-02-10,
NVDA,1 week,0.05,2020-02-17 00:00:00+08:00,30222.16918789809,27328.4701120797,10.59,Semiconductors,NVIDIA Corporation,2020-02-17,
NVDA,1 week,0.05,2020-02-24 00:00:00+08:00,26500.130869686025,30222.16918789809,-12.32,Semiconductors,NVIDIA Corporation,2020-02-24,
NVDA,1 week,0.05,2020-03-09 00:00:00+08:00,24045.27515583259,27204.947795071337,-11.61,Semiconductors,NVIDIA Corporation,2020-03-09,
NVDA,1 week,0.05,2020-03-16 00:00:00+08:00,20870.70764017252,24045.27515583259,-13.2,Semiconductors,NVIDIA Corporation,2020-03-16,
NVDA,1 week,0.05,2020-03-23 00:00:00+08:00,24268.92412011624,20870.70764017252,16.28,Semiconductors,NVIDIA Corporation,2020-03-23,
NVDA,1 week,0.05,2020-03-30 00:00:00+08:00,25517.452445652176,24268.92412011624,5.14,Semiconductors,NVIDIA Corporation,2020-03-30,
NVDA,1 week,0.05,2020-04-13 00:00:00+08:00,28316.78648285138,26464.779974758098,7.0,Semiconductors,NVIDIA Corporation,2020-04-13,
NVDA,1 week,0.05,2020-05-11 00:00:00+08:00,31872.446428571428,29987.100420007635,6.29,Semiconductors,NVIDIA Corporation,2020-05-11,
NVDA,1 week,0.05,2020-05-18 00:00:00+08:00,35588.37462417318,31872.446428571428,11.66,Semiconductors,NVIDIA Corporation,2020-05-18,
NVDA,1 week,0.05,2020-07-06 00:00:00+08:00,40661.51454138703,37734.300098231826,7.76,Semiconductors,NVIDIA Corporation,2020-07-06,
NVDA,1 week,0.05,2020-08-03 00:00:00+08:00,44700.51620845302,41765.93231114435,7.03,Semiconductors,NVIDIA Corporation,2020-08-03,
NVDA,1 week,0.05,2020-08-17 00:00:00+08:00,49034.295968234575,45249.9397356143,8.36,Semiconductors,NVIDIA Corporation,2020-08-17,
NVDA,1 week,0.05,2020-09-07 00:00:00+08:00,49542.5001934236,53528.451572718775,-7.45,Semiconductors,NVIDIA Corporation,2020-09-07,
NVDA,1 week,0.05,2020-09-28 00:00:00+08:00,53168.509427494,49597.77548918641,7.2,Semiconductors,NVIDIA Corporation,2020-09-28,
NVDA,1 week,0.05,2021-02-08 00:00:00+08:00,58860.43896804005,53874.583368332635,9.25,Semiconductors,NVIDIA Corporation,2021-02-08,
NVDA,1 week,0.05,2021-02-22 00:00:00+08:00,56146.33481012659,59881.80802437785,-6.24,Semiconductors,NVIDIA Corporation,2021-02-22,
NVDA,1 week,0.05,2021-03-01 00:00:00+08:00,51911.66693711967,56146.33481012659,-7.54,Semiconductors,NVIDIA Corporation,2021-03-01,
NVDA,1 week,0.05,2021-04-05 00:00:00+08:00,56419.81211857018,52844.072295805745,6.77,Semiconductors,NVIDIA Corporation,2021-04-05,
NVDA,1 week,0.05,2021-04-12 00:00:00+08:00,62157.1932241251,56419.81211857018,10.17,Semiconductors,NVIDIA Corporation,2021-04-12,
NVDA,1 week,0.05,2021-05-24 00:00:00+08:00,62767.08841966348,57344.151610369205,9.46,Semiconductors,NVIDIA Corporation,2021-05-24,
NVDA,1 week,0.05,2021-05-31 00:00:00+08:00,67248.65,62767.08841966348,7.14,Semiconductors,NVIDIA Corporation,2021-05-31,
NVDA,1 week,0.05,2021-06-28 00:00:00+08:00,80234.66779661017,75392.06112560566,6.42,Semiconductors,NVIDIA Corporation,2021-06-28,
NVDA,1 week,0.05,2021-07-19 00:00:00+08:00,29854.218364418935,78683.51871063357,-62.06,Semiconductors,NVIDIA Corporation,2021-07-19,
NVDA,1 week,0.05,2021-07-26 00:00:00+08:00,19363.88938334393,29854.218364418935,-35.14,Semiconductors,NVIDIA Corporation,2021-07-26,
NVDA,1 week,0.05,2021-08-23 00:00:00+08:00,21999.904460518384,19762.174464231815,11.32,Semiconductors,NVIDIA Corporation,2021-08-23,
NVDA,1 week,0.05,2021-10-18 00:00:00+08:00,22372.64254385965,21152.992138879792,5.77,Semiconductors,NVIDIA Corporation,2021-10-18,
NVDA,1 week,0.05,2021-10-25 00:00:00+08:00,24486.705253512526,22372.64254385965,9.45,Semiconductors,NVIDIA Corporation,2021-10-25,
NVDA,1 week,0.05,2021-11-01 00:00:00+08:00,27779.192439862545,24486.705253512526,13.45,Semiconductors,NVIDIA Corporation,2021-11-01,
NVDA,1 week,0.05,2021-11-08 00:00:00+08:00,30442.804658151766,27779.192439862545,9.59,Semiconductors,NVIDIA Corporation,2021-11-08,
NVDA,1 week,0.05,2021-12-13 00:00:00+08:00,28784.21896896897,30956.604479650367,-7.02,Semiconductors,NVIDIA Corporation,2021-12-13,
NVDA,1 week,0.05,2021-12-27 00:00:00+08:00,30173.832112510987,28652.505134788193,5.31,Semiconductors,NVIDIA Corporation,2021-12-27,
NVDA,1 week,0.05,2022-01-03 00:00:00+08:00,28660.001346619985,30173.832112510987,-5.02,Semiconductors,NVIDIA Corporation,2022-01-03,
NVDA,1 week,0.05,2022-01-17 00:00:00+08:00,25018.266457680253,27238.91092031124,-8.15,Semiconductors,NVIDIA Corporation,2022-01-17,
NVDA,1 week,0.05,2022-01-24 00:00:00+08:00,22571.822053951728,25018.266457680253,-9.78,Semiconductors,NVIDIA Corporation,2022-01-24,
NVDA,1 week,0.05,2022-01-31 00:00:00+08:00,24548.84638630068,22571.822053951728,8.76,Semiconductors,NVIDIA Corporation,2022-01-31,
NVDA,1 week,0.05,2022-02-21 00:00:00+08:00,23076.527506112467,25038.7899543379,-7.84,Semiconductors,NVIDIA Corporation,2022-02-21,
NVDA,1 week,0.05,2022-03-07 00:00:00+08:00,22212.38563327032,23729.7279110591,-6.39,Semiconductors,NVIDIA Corporation,2022-03-07,
NVDA,1 week,0.05,2022-03-14 00:00:00+08:00,23648.139775910364,22212.38563327032,6.46,Semiconductors,NVIDIA Corporation,2022-03-14,
NVDA,1 week,0.05,2022-03-21 00:00:00+08:00,26892.187380497133,23648.139775910364,13.72,Semiconductors,NVIDIA Corporation,2022-03-21,
NVDA,1 week,0.05,2022-04-04 00:00:00+08:00,25145.558897243107,27807.008403361346,-9.57,Semiconductors,NVIDIA Corporation,2022-04-04,
NVDA,1 week,0.05,2022-04-11 00:00:00+08:00,21925.785318107668,25145.558897243107,-12.8,Semiconductors,NVIDIA Corporation,2022-04-11,
NVDA,1 week,0.05,2022-04-25 00:00:00+08:00,19117.570232801463,21224.09622085232,-9.93,Semiconductors,NVIDIA Corporation,2022-04-25,
NVDA,1 week,0.05,2022-05-09 00:00:00+08:00,17140.50740647753,19250.914459161148,-10.96,Semiconductors,NVIDIA Corporation,2022-05-09,
NVDA,1 week,0.05,2022-05-30 00:00:00+08:00,18854.458007480447,16981.29919476598,11.03,Semiconductors,NVIDIA Corporation,2022-05-30,
NVDA,1 week,0.05,2022-06-13 00:00:00+08:00,15910.947339847991,18437.47062368183,-13.7,Semiconductors,NVIDIA Corporation,2022-06-13,
NVDA,1 week,0.05,2022-07-18 00:00:00+08:00,17161.261787280702,15260.705651254157,12.45,Semiconductors,NVIDIA Corporation,2022-07-18,
NVDA,1 week,0.05,2022-08-01 00:00:00+08:00,18661.716165413534,17373.486802639472,7.41,Semiconductors,NVIDIA Corporation,2022-08-01,
NVDA,1 week,0.05,2022-08-22 00:00:00+08:00,17131.744897959183,18533.546006389777,-7.56,Semiconductors,NVIDIA Corporation,2022-08-22,
NVDA,1 week,0.05,2022-08-29 00:00:00+08:00,14827.308169596692,17131.744897959183,-13.45,Semiconductors,NVIDIA Corporation,2022-08-29,
NVDA,1 week,0.05,2022-09-05 00:00:00+08:00,13801.665314401624,14827.308169596692,-6.92,Semiconductors,NVIDIA Corporation,2022-09-05,
NVDA,1 week,0.05,2022-10-10 00:00:00+08:00,11598.27404824179,12792.331166996328,-9.33,Semiconductors,NVIDIA Corporation,2022-10-10,
NVDA,1 week,0.05,2022-10-24 00:00:00+08:00,13090.526954558283,12054.501708428246,8.59,Semiconductors,NVIDIA Corporation,2022-10-24,
NVDA,1 week,0.05,2022-11-07 00:00:00+08:00,14825.15641978839,13642.5550486618,8.67,Semiconductors,NVIDIA Corporation,2022-11-07,
NVDA,1 week,0.05,2022-11-14 00:00:00+08:00,16128.895683453236,14825.15641978839,8.79,Semiconductors,NVIDIA Corporation,2022-11-14,
NVDA,1 week,0.05,2022-12-19 00:00:00+08:00,15891.3248115372,17364.629368485592,-8.48,Semiconductors,NVIDIA Corporation,2022-12-19,
NVDA,1 week,0.05,2022-12-26 00:00:00+08:00,14368.79161904762,15891.3248115372,-9.58,Semiconductors,NVIDIA Corporation,2022-12-26,
NVDA,1 week,0.05,2023-01-09 00:00:00+08:00,16004.78970917226,14522.404246794871,10.21,Semiconductors,NVIDIA Corporation,2023-01-09,
NVDA,1 week,0.05,2023-01-16 00:00:00+08:00,17327.852246763137,16004.78970917226,8.27,Semiconductors,NVIDIA Corporation,2023-01-16,
NVDA,1 week,0.05,2023-01-23 00:00:00+08:00,19289.99973219068,17327.852246763137,11.32,Semiconductors,NVIDIA Corporation,2023-01-23,
NVDA,1 week,0.05,2023-01-30 00:00:00+08:00,20331.910479764138,19289.99973219068,5.4,Semiconductors,NVIDIA Corporation,2023-01-30,
NVDA,1 week,0.05,2023-02-06 00:00:00+08:00,21839.28367626886,20331.910479764138,7.41,Semiconductors,NVIDIA Corporation,2023-02-06,
NVDA,1 week,0.05,2023-03-20 00:00:00+08:00,26512.24487146196,24695.81520940485,7.36,Semiconductors,NVIDIA Corporation,2023-03-20,
NVDA,1 week,0.05,2023-05-15 00:00:00+08:00,30202.976533785695,28676.508530183728,5.32,Semiconductors,NVIDIA Corporation,2023-05-15,
NVDA,1 week,0.05,2023-05-22 00:00:00+08:00,34433.12028007002,30202.976533785695,14.01,Semiconductors,NVIDIA Corporation,2023-05-22,
NVDA,1 week,0.05,2023-05-29 00:00:00+08:00,39527.05307346326,34433.12028007002,14.79,Semiconductors,NVIDIA Corporation,2023-05-29,
NVDA,1 week,0.05,2023-06-12 00:00:00+08:00,41575.73370249182,38658.27267699115,7.55,Semiconductors,NVIDIA Corporation,2023-06-12,
NVDA,1 week,0.05,2023-08-21 00:00:00+08:00,46984.5301096933,43496.50788260975,8.02,Semiconductors,NVIDIA Corporation,2023-08-21,
NVDA,1 week,0.05,2023-09-18 00:00:00+08:00,42560.271352785145,45146.80263157895,-5.73,Semiconductors,NVIDIA Corporation,2023-09-18,
NVDA,1 week,0.05,2023-10-16 00:00:00+08:00,43254.04864864865,46032.978861788615,-6.04,Semiconductors,NVIDIA Corporation,2023-10-16,
NVDA,1 week,0.05,2023-11-06 00:00:00+08:00,46594.342363877826,42219.736642256576,10.36,Semiconductors,NVIDIA Corporation,2023-11-06,
NVDA,1 week,0.05,2023-11-13 00:00:00+08:00,49156.48196286472,46594.342363877826,5.5,Semiconductors,NVIDIA Corporation,2023-11-13,
NVDA,1 week,0.05,2024-01-08 00:00:00+08:00,53500.48063952036,48216.4801300578,10.96,Semiconductors,NVIDIA Corporation,2024-01-08,
NVDA,1 week,0.05,2024-01-15 00:00:00+08:00,56922.52664483477,53500.48063952036,6.4,Semiconductors,NVIDIA Corporation,2024-01-15,
NVDA,1 week,0.05,2024-01-22 00:00:00+08:00,60773.22584692597,56922.52664483477,6.76,Semiconductors,NVIDIA Corporation,2024-01-22,
NVDA,1 week,0.05,2024-02-05 00:00:00+08:00,69467.83290667908,62849.515625,10.53,Semiconductors,NVIDIA Corporation,2024-02-05,
NVDA,1 week,0.05,2024-02-26 00:00:00+08:00,80156.79686735194,73986.72690217392,8.34,Semiconductors,NVIDIA Corporation,2024-02-26,
NVDA,1 week,0.05,2024-03-04 00:00:00+08:00,88334.64875578067,80156.79686735194,10.2,Semiconductors,NVIDIA Corporation,2024-03-04,
NVDA,1 week,0.05,2024-04-22 00:00:00+08:00,80751.96569920845,85137.33553436048,-5.15,Semiconductors,NVIDIA Corporation,2024-04-22,
NVDA,1 week,0.05,2024-04-29 00:00:00+08:00,85513.86508979413,80751.96569920845,5.9,Semiconductors,NVIDIA Corporation,2024-04-29,
NVDA,1 week,0.05,2024-05-06 00:00:00+08:00,90230.82906666667,85513.86508979413,5.52,Semiconductors,NVIDIA Corporation,2024-05-06,
NVDA,1 week,0.05,2024-05-20 00:00:00+08:00,99015.28830982548,92652.475,6.87,Semiconductors,NVIDIA Corporation,2024-05-20,
NVDA,1 week,0.05,2024-05-27 00:00:00+08:00,112500.87587412588,99015.28830982548,13.62,Semiconductors,NVIDIA Corporation,2024-05-27,
NVDA,1 week,0.05,2024-06-03 00:00:00+08:00,118301.9631063539,112500.87587412588,5.16,Semiconductors,NVIDIA Corporation,2024-06-03,
NVDA,1 week,0.05,2024-06-10 00:00:00+08:00,12527.89657360406,118301.9631063539,-89.41,Semiconductors,NVIDIA Corporation,2024-06-10,
NVDA,1 week,0.05,2024-06-17 00:00:00+08:00,13222.49386903209,12527.89657360406,5.54,Semiconductors,NVIDIA Corporation,2024-06-17,
NVDA,1 week,0.05,2024-06-24 00:00:00+08:00,12270.1962890625,13222.49386903209,-7.2,Semiconductors,NVIDIA Corporation,2024-06-24,
NVDA,1 week,0.05,2024-07-08 00:00:00+08:00,13058.762374161073,12423.284573002757,5.12,Semiconductors,NVIDIA Corporation,2024-07-08,
NVDA,1 week,0.05,2024-07-15 00:00:00+08:00,12317.46839443742,13058.762374161073,-5.68,Semiconductors,NVIDIA Corporation,2024-07-15,
NVDA,1 week,0.05,2024-07-29 00:00:00+08:00,11035.414237935976,11784.750997270628,-6.36,Semiconductors,NVIDIA Corporation,2024-07-29,
NVDA,2 weeks,0.05,2014-02-17 00:00:00+08:00,1852.5701459034792,1619.6792499383173,14.38,Semiconductors,NVIDIA Corporation,2014-02-17,
NVDA,2 weeks,0.05,2014-07-21 00:00:00+08:00,1800.1969579788604,1900.5402892561983,-5.28,Semiconductors,NVIDIA Corporation,2014-07-21,
NVDA,2 weeks,0.05,2014-10-27 00:00:00+08:00,1940.6545454545455,1768.5832061068702,9.73,Semiconductors,NVIDIA Corporation,2014-10-27,
NVDA,2 weeks,0.05,2015-02-16 00:00:00+08:00,2218.5819861431874,2069.0786015373174,7.23,Semiconductors,NVIDIA Corporation,2015-02-16,
NVDA,2 weeks,0.05,2015-08-03 00:00:00+08:00,2224.433253588517,1971.1744095509991,12.85,Semiconductors,NVIDIA Corporation,2015-08-03,
NVDA,2 weeks,0.05,2015-09-28 00:00:00+08:00,2483.297399646554,2315.9051262433054,7.23,Semiconductors,NVIDIA Corporation,2015-09-28,
NVDA,2 weeks,0.05,2015-10-12 00:00:00+08:00,2751.821473158552,2483.297399646554,10.81,Semiconductors,NVIDIA Corporation,2015-10-12,
NVDA,2 weeks,0.05,2015-11-09 00:00:00+08:00,3067.7266331658293,2870.2332439678285,6.88,Semiconductors,NVIDIA Corporation,2015-11-09,
NVDA,2 weeks,0.05,2016-01-11 00:00:00+08:00,2846.398956617243,3157.44091124822,-9.85,Semiconductors,NVIDIA Corporation,2016-01-11,
NVDA,2 weeks,0.05,2016-02-22 00:00:00+08:00,3196.207105064248,2709.871092740894,17.95,Semiconductors,NVIDIA Corporation,2016-02-22,
NVDA,2 weeks,0.05,2016-03-21 00:00:00+08:00,3485.7356803576417,3228.359245283019,7.97,Semiconductors,NVIDIA Corporation,2016-03-21,
NVDA,2 weeks,0.05,2016-05-16 00:00:00+08:00,4410.359905660378,3609.3672710367273,22.19,Semiconductors,NVIDIA Corporation,2016-05-16,
NVDA,2 weeks,0.05,2016-05-30 00:00:00+08:00,4656.847434864357,4410.359905660378,5.59,Semiconductors,NVIDIA Corporation,2016-05-30,
NVDA,2 weeks,0.05,2016-07-11 00:00:00+08:00,5318.22835394862,4723.967506092608,12.58,Semiconductors,NVIDIA Corporation,2016-07-11,
NVDA,2 weeks,0.05,2016-07-25 00:00:00+08:00,5647.483084930211,5318.22835394862,6.19,Semiconductors,NVIDIA Corporation,2016-07-25,
NVDA,2 weeks,0.05,2016-08-08 00:00:00+08:00,6095.34696485623,5647.483084930211,7.93,Semiconductors,NVIDIA Corporation,2016-08-08,
NVDA,2 weeks,0.05,2016-09-19 00:00:00+08:00,6539.251321480057,6138.753679318357,6.52,Semiconductors,NVIDIA Corporation,2016-09-19,
NVDA,2 weeks,0.05,2016-11-14 00:00:00+08:00,9108.994119088458,7182.114687309024,26.83,Semiconductors,NVIDIA Corporation,2016-11-14,
NVDA,2 weeks,0.05,2016-12-12 00:00:00+08:00,10020.844163658245,9206.767643142477,8.84,Semiconductors,NVIDIA Corporation,2016-12-12,
NVDA,2 weeks,0.05,2016-12-26 00:00:00+08:00,10774.99768160742,10020.844163658245,7.53,Semiconductors,NVIDIA Corporation,2016-12-26,
NVDA,2 weeks,0.05,2017-01-23 00:00:00+08:00,10996.20628358826,10433.67063401236,5.39,Semiconductors,NVIDIA Corporation,2017-01-23,
NVDA,2 weeks,0.05,2017-02-20 00:00:00+08:00,10334.887287287287,11310.26204169662,-8.62,Semiconductors,NVIDIA Corporation,2017-02-20,
NVDA,2 weeks,0.05,2017-03-20 00:00:00+08:00,10795.276373511593,10059.201662378784,7.32,Semiconductors,NVIDIA Corporation,2017-03-20,
NVDA,2 weeks,0.05,2017-04-03 00:00:00+08:00,10037.175846051758,10795.276373511593,-7.02,Semiconductors,NVIDIA Corporation,2017-04-03,
NVDA,2 weeks,0.05,2017-05-01 00:00:00+08:00,11130.358058252428,10207.349977608597,9.04,Semiconductors,NVIDIA Corporation,2017-05-01,
NVDA,2 weeks,0.05,2017-05-15 00:00:00+08:00,13586.292119565216,11130.358058252428,22.07,Semiconductors,NVIDIA Corporation,2017-05-15,
NVDA,2 weeks,0.05,2017-05-29 00:00:00+08:00,14906.153920061492,13586.292119565216,9.71,Semiconductors,NVIDIA Corporation,2017-05-29,
NVDA,2 weeks,0.05,2017-07-10 00:00:00+08:00,16190.079184367036,14674.580651649236,10.33,Semiconductors,NVIDIA Corporation,2017-07-10,
NVDA,2 weeks,0.05,2017-09-18 00:00:00+08:00,17982.57093652616,16895.47127178825,6.43,Semiconductors,NVIDIA Corporation,2017-09-18,
NVDA,2 weeks,0.05,2017-10-16 00:00:00+08:00,19703.168736303873,18541.745843230405,6.26,Semiconductors,NVIDIA Corporation,2017-10-16,
NVDA,2 weeks,0.05,2017-10-30 00:00:00+08:00,20839.39070417613,19703.168736303873,5.77,Semiconductors,NVIDIA Corporation,2017-10-30,
NVDA,2 weeks,0.05,2017-11-27 00:00:00+08:00,19702.671782973408,21347.227828746178,-7.7,Semiconductors,NVIDIA Corporation,2017-11-27,
NVDA,2 weeks,0.05,2017-12-25 00:00:00+08:00,20375.516678495387,19301.841162420384,5.56,Semiconductors,NVIDIA Corporation,2017-12-25,
NVDA,2 weeks,0.05,2018-01-08 00:00:00+08:00,22363.26051907196,20375.516678495387,9.76,Semiconductors,NVIDIA Corporation,2018-01-08,
NVDA,2 weeks,0.05,2018-01-22 00:00:00+08:00,23994.75760223698,22363.26051907196,7.3,Semiconductors,NVIDIA Corporation,2018-01-22,
NVDA,2 weeks,0.05,2018-04-02 00:00:00+08:00,22456.01313544865,23827.463967454474,-5.76,Semiconductors,NVIDIA Corporation,2018-04-02,
NVDA,2 weeks,0.05,2018-04-30 00:00:00+08:00,24271.52129645342,22806.948047094,6.42,Semiconductors,NVIDIA Corporation,2018-04-30,
NVDA,2 weeks,0.05,2018-06-25 00:00:00+08:00,24067.4953313596,26169.562157777327,-8.03,Semiconductors,NVIDIA Corporation,2018-06-25,
NVDA,2 weeks,0.05,2018-10-15 00:00:00+08:00,22484.677660128447,26676.538207913112,-15.71,Semiconductors,NVIDIA Corporation,2018-10-15,
NVDA,2 weeks,0.05,2018-10-29 00:00:00+08:00,20742.381194409147,22484.677660128447,-7.75,Semiconductors,NVIDIA Corporation,2018-10-29,
NVDA,2 weeks,0.05,2018-11-12 00:00:00+08:00,17065.837650816182,20742.381194409147,-17.72,Semiconductors,NVIDIA Corporation,2018-11-12,
NVDA,2 weeks,0.05,2018-11-26 00:00:00+08:00,15771.34358313386,17065.837650816182,-7.59,Semiconductors,NVIDIA Corporation,2018-11-26,
NVDA,2 weeks,0.05,2018-12-10 00:00:00+08:00,14522.608423763104,15771.34358313386,-7.92,Semiconductors,NVIDIA Corporation,2018-12-10,
NVDA,2 weeks,0.05,2018-12-24 00:00:00+08:00,13165.348072830457,14522.608423763104,-9.35,Semiconductors,NVIDIA Corporation,2018-12-24,
NVDA,2 weeks,0.05,2019-01-07 00:00:00+08:00,14698.108025247971,13165.348072830457,11.64,Semiconductors,NVIDIA Corporation,2019-01-07,
NVDA,2 weeks,0.05,2019-03-18 00:00:00+08:00,17641.45170821791,15935.427138531417,10.71,Semiconductors,NVIDIA Corporation,2019-03-18,
NVDA,2 weeks,0.05,2019-04-01 00:00:00+08:00,18857.227967097533,17641.45170821791,6.89,Semiconductors,NVIDIA Corporation,2019-04-01,
NVDA,2 weeks,0.05,2019-04-29 00:00:00+08:00,17695.31164722167,18661.77822400714,-5.18,Semiconductors,NVIDIA Corporation,2019-04-29,
NVDA,2 weeks,0.05,2019-05-13 00:00:00+08:00,15618.973373302768,17695.31164722167,-11.73,Semiconductors,NVIDIA Corporation,2019-05-13,
NVDA,2 weeks,0.05,2019-05-27 00:00:00+08:00,14084.727719598204,15618.973373302768,-9.82,Semiconductors,NVIDIA Corporation,2019-05-27,
NVDA,2 weeks,0.05,2019-06-10 00:00:00+08:00,14975.141775101962,14084.727719598204,6.32,Semiconductors,NVIDIA Corporation,2019-06-10,
NVDA,2 weeks,0.05,2019-06-24 00:00:00+08:00,16096.57075471698,14975.141775101962,7.49,Semiconductors,NVIDIA Corporation,2019-06-24,
NVDA,2 weeks,0.05,2019-08-05 00:00:00+08:00,15341.953606379124,17232.17963953258,-10.97,Semiconductors,NVIDIA Corporation,2019-08-05,
NVDA,2 weeks,0.05,2019-08-19 00:00:00+08:00,16706.30944687322,15341.953606379124,8.89,Semiconductors,NVIDIA Corporation,2019-08-19,
NVDA,2 weeks,0.05,2019-09-02 00:00:00+08:00,17835.35682525567,16706.30944687322,6.76,Semiconductors,NVIDIA Corporation,2019-09-02,
NVDA,2 weeks,0.05,2019-10-14 00:00:00+08:00,19502.10949612403,17987.066758566365,8.42,Semiconductors,NVIDIA Corporation,2019-10-14,
NVDA,2 weeks,0.05,2019-10-28 00:00:00+08:00,20591.482369534555,19502.10949612403,5.59,Semiconductors,NVIDIA Corporation,2019-10-28,
NVDA,2 weeks,0.05,2019-12-09 00:00:00+08:00,22516.771484759098,21317.41952326901,5.63,Semiconductors,NVIDIA Corporation,2019-12-09,
NVDA,2 weeks,0.05,2019-12-23 00:00:00+08:00,23710.71031636864,22516.771484759098,5.3,Semiconductors,NVIDIA Corporation,2019-12-23,
NVDA,2 weeks,0.05,2020-02-03 00:00:00+08:00,26234.36770668077,24634.954102619617,6.49,Semiconductors,NVIDIA Corporation,2020-02-03,
NVDA,2 weeks,0.05,2020-02-17 00:00:00+08:00,28030.119456717395,26234.36770668077,6.85,Semiconductors,NVIDIA Corporation,2020-02-17,
NVDA,2 weeks,0.05,2020-03-02 00:00:00+08:00,25555.337207500386,28030.119456717395,-8.83,Semiconductors,NVIDIA Corporation,2020-03-02,
NVDA,2 weeks,0.05,2020-03-16 00:00:00+08:00,22529.903042724265,25555.337207500386,-11.84,Semiconductors,NVIDIA Corporation,2020-03-16,
NVDA,2 weeks,0.05,2020-03-30 00:00:00+08:00,25940.643112196954,22529.903042724265,15.14,Semiconductors,NVIDIA Corporation,2020-03-30,
NVDA,2 weeks,0.05,2020-04-13 00:00:00+08:00,28334.48784246575,25940.643112196954,9.23,Semiconductors,NVIDIA Corporation,2020-04-13,
NVDA,2 weeks,0.05,2020-05-11 00:00:00+08:00,33801.759132063686,29685.25760649087,13.87,Semiconductors,NVIDIA Corporation,2020-05-11,
NVDA,2 weeks,0.05,2020-07-06 00:00:00+08:00,40808.62838468721,37622.04823151125,8.47,Semiconductors,NVIDIA Corporation,2020-07-06,
NVDA,2 weeks,0.05,2020-08-03 00:00:00+08:00,44982.631862647235,41529.39476181439,8.32,Semiconductors,NVIDIA Corporation,2020-08-03,
NVDA,2 weeks,0.05,2020-08-17 00:00:00+08:00,49953.41155660377,44982.631862647235,11.05,Semiconductors,NVIDIA Corporation,2020-08-17,
NVDA,2 weeks,0.05,2020-09-28 00:00:00+08:00,54164.82335589103,50196.42889758643,7.91,Semiconductors,NVIDIA Corporation,2020-09-28,
NVDA,2 weeks,0.05,2021-02-08 00:00:00+08:00,59300.884800700835,53424.64536545529,11.0,Semiconductors,NVIDIA Corporation,2021-02-08,
NVDA,2 weeks,0.05,2021-02-22 00:00:00+08:00,54290.60924444445,59300.884800700835,-8.45,Semiconductors,NVIDIA Corporation,2021-02-22,
NVDA,2 weeks,0.05,2021-03-08 00:00:00+08:00,51133.689366786144,54290.60924444445,-5.81,Semiconductors,NVIDIA Corporation,2021-03-08,
NVDA,2 weeks,0.05,2021-04-05 00:00:00+08:00,59514.31124497992,52076.551444258774,14.28,Semiconductors,NVIDIA Corporation,2021-04-05,
NVDA,2 weeks,0.05,2021-05-03 00:00:00+08:00,57307.09421622726,61046.61556354409,-6.13,Semiconductors,NVIDIA Corporation,2021-05-03,
NVDA,2 weeks,0.05,2021-05-17 00:00:00+08:00,60291.42101488255,57307.09421622726,5.21,Semiconductors,NVIDIA Corporation,2021-05-17,
NVDA,2 weeks,0.05,2021-05-31 00:00:00+08:00,68726.22181662015,60291.42101488255,13.99,Semiconductors,NVIDIA Corporation,2021-05-31,
NVDA,2 weeks,0.05,2021-06-14 00:00:00+08:00,74247.47000946074,68726.22181662015,8.03,Semiconductors,NVIDIA Corporation,2021-06-14,
NVDA,2 weeks,0.05,2021-06-28 00:00:00+08:00,80586.75113215315,74247.47000946074,8.54,Semiconductors,NVIDIA Corporation,2021-06-28,
NVDA,2 weeks,0.05,2021-07-12 00:00:00+08:00,51165.712807244505,80586.75113215315,-36.51,Semiconductors,NVIDIA Corporation,2021-07-12,
NVDA,2 weeks,0.05,2021-07-26 00:00:00+08:00,19727.186865378317,51165.712807244505,-61.44,Semiconductors,NVIDIA Corporation,2021-07-26,
NVDA,2 weeks,0.05,2021-08-23 00:00:00+08:00,22270.008412878175,19878.297230464887,12.03,Semiconductors,NVIDIA Corporation,2021-08-23,
NVDA,2 weeks,0.05,2021-10-18 00:00:00+08:00,23524.296672212975,20847.366040140172,12.84,Semiconductors,NVIDIA Corporation,2021-10-18,
NVDA,2 weeks,0.05,2021-11-01 00:00:00+08:00,29200.141482965933,23524.296672212975,24.13,Semiconductors,NVIDIA Corporation,2021-11-01,
NVDA,2 weeks,0.05,2021-11-15 00:00:00+08:00,31459.657386035775,29200.141482965933,7.74,Semiconductors,NVIDIA Corporation,2021-11-15,
NVDA,2 weeks,0.05,2021-12-13 00:00:00+08:00,28726.510826771657,31600.108354229906,-9.09,Semiconductors,NVIDIA Corporation,2021-12-13,
NVDA,2 weeks,0.05,2022-01-10 00:00:00+08:00,26214.788347549515,29385.051080550096,-10.79,Semiconductors,NVIDIA Corporation,2022-01-10,
NVDA,2 weeks,0.05,2022-01-24 00:00:00+08:00,23529.582652189823,26214.788347549515,-10.24,Semiconductors,NVIDIA Corporation,2022-01-24,
NVDA,2 weeks,0.05,2022-02-07 00:00:00+08:00,25188.12540234325,23529.582652189823,7.05,Semiconductors,NVIDIA Corporation,2022-02-07,
NVDA,2 weeks,0.05,2022-02-21 00:00:00+08:00,23410.255306427505,25188.12540234325,-7.06,Semiconductors,NVIDIA Corporation,2022-02-21,
NVDA,2 weeks,0.05,2022-03-21 00:00:00+08:00,27343.84151569631,22917.13501993675,19.32,Semiconductors,NVIDIA Corporation,2022-03-21,
NVDA,2 weeks,0.05,2022-04-04 00:00:00+08:00,23662.895733173074,27343.84151569631,-13.46,Semiconductors,NVIDIA Corporation,2022-04-04,
NVDA,2 weeks,0.05,2022-04-18 00:00:00+08:00,20158.005559968227,23662.895733173074,-14.81,Semiconductors,NVIDIA Corporation,2022-04-18,
NVDA,2 weeks,0.05,2022-05-02 00:00:00+08:00,18145.912317602208,20158.005559968227,-9.98,Semiconductors,NVIDIA Corporation,2022-05-02,
NVDA,2 weeks,0.05,2022-05-16 00:00:00+08:00,17146.41950966403,18145.912317602208,-5.51,Semiconductors,NVIDIA Corporation,2022-05-16,
NVDA,2 weeks,0.05,2022-05-30 00:00:00+08:00,18633.374760383387,17146.41950966403,8.67,Semiconductors,NVIDIA Corporation,2022-05-30,
NVDA,2 weeks,0.05,2022-06-13 00:00:00+08:00,16165.395179978372,18633.374760383387,-13.24,Semiconductors,NVIDIA Corporation,2022-06-13,
NVDA,2 weeks,0.05,2022-07-25 00:00:00+08:00,18003.58611707018,16257.288773896797,10.74,Semiconductors,NVIDIA Corporation,2022-07-25,
NVDA,2 weeks,0.05,2022-08-22 00:00:00+08:00,15926.558139534884,18174.582845703728,-12.37,Semiconductors,NVIDIA Corporation,2022-08-22,
NVDA,2 weeks,0.05,2022-09-05 00:00:00+08:00,13553.477930236404,15926.558139534884,-14.9,Semiconductors,NVIDIA Corporation,2022-09-05,
NVDA,2 weeks,0.05,2022-10-03 00:00:00+08:00,12203.684957020056,13279.511879049676,-8.1,Semiconductors,NVIDIA Corporation,2022-10-03,
NVDA,2 weeks,0.05,2022-10-31 00:00:00+08:00,14252.069712601326,12574.790503189228,13.34,Semiconductors,NVIDIA Corporation,2022-10-31,
NVDA,2 weeks,0.05,2022-11-14 00:00:00+08:00,16040.223005502065,14252.069712601326,12.55,Semiconductors,NVIDIA Corporation,2022-11-14,
NVDA,2 weeks,0.05,2022-12-26 00:00:00+08:00,14443.663151728178,16652.598289244415,-13.26,Semiconductors,NVIDIA Corporation,2022-12-26,
NVDA,2 weeks,0.05,2023-01-09 00:00:00+08:00,16608.501650738486,14443.663151728178,14.99,Semiconductors,NVIDIA Corporation,2023-01-09,
NVDA,2 weeks,0.05,2023-01-23 00:00:00+08:00,19810.745746818488,16608.501650738486,19.28,Semiconductors,NVIDIA Corporation,2023-01-23,
NVDA,2 weeks,0.05,2023-02-06 00:00:00+08:00,21975.854197748544,19810.745746818488,10.93,Semiconductors,NVIDIA Corporation,2023-02-06,
NVDA,2 weeks,0.05,2023-03-06 00:00:00+08:00,24156.74364973262,22742.914482354663,6.22,Semiconductors,NVIDIA Corporation,2023-03-06,
NVDA,2 weeks,0.05,2023-03-20 00:00:00+08:00,26753.873448017952,24156.74364973262,10.75,Semiconductors,NVIDIA Corporation,2023-03-20,
NVDA,2 weeks,0.05,2023-05-15 00:00:00+08:00,32447.714437367304,28394.70588235294,14.27,Semiconductors,NVIDIA Corporation,2023-05-15,
NVDA,2 weeks,0.05,2023-05-29 00:00:00+08:00,39075.102287440655,32447.714437367304,20.42,Semiconductors,NVIDIA Corporation,2023-05-29,
NVDA,2 weeks,0.05,2023-06-12 00:00:00+08:00,42144.80969453607,39075.102287440655,7.86,Semiconductors,NVIDIA Corporation,2023-06-12,
NVDA,2 weeks,0.05,2023-07-10 00:00:00+08:00,45144.87097615014,41715.316868442285,8.22,Semiconductors,NVIDIA Corporation,2023-07-10,
NVDA,2 weeks,0.05,2023-08-21 00:00:00+08:00,47615.089100554615,43423.40069239646,9.65,Semiconductors,NVIDIA Corporation,2023-08-21,
NVDA,2 weeks,0.05,2023-09-18 00:00:00+08:00,42561.16106385851,45921.89590788859,-7.32,Semiconductors,NVIDIA Corporation,2023-09-18,
NVDA,2 weeks,0.05,2023-10-02 00:00:00+08:00,45210.11067461393,42561.16106385851,6.22,Semiconductors,NVIDIA Corporation,2023-10-02,
NVDA,2 weeks,0.05,2023-10-16 00:00:00+08:00,42560.42482069672,45210.11067461393,-5.86,Semiconductors,NVIDIA Corporation,2023-10-16,
NVDA,2 weeks,0.05,2023-11-13 00:00:00+08:00,49227.86924070618,44429.93397745572,10.8,Semiconductors,NVIDIA Corporation,2023-11-13,
NVDA,2 weeks,0.05,2024-01-08 00:00:00+08:00,55061.829801684326,48801.94455030488,12.83,Semiconductors,NVIDIA Corporation,2024-01-08,
NVDA,2 weeks,0.05,2024-01-22 00:00:00+08:00,61833.6758747698,55061.829801684326,12.3,Semiconductors,NVIDIA Corporation,2024-01-22,
NVDA,2 weeks,0.05,2024-02-05 00:00:00+08:00,71184.2493533976,61833.6758747698,15.12,Semiconductors,NVIDIA Corporation,2024-02-05,
NVDA,2 weeks,0.05,2024-02-19 00:00:00+08:00,76189.32220863184,71184.2493533976,7.03,Semiconductors,NVIDIA Corporation,2024-02-19,
NVDA,2 weeks,0.05,2024-03-04 00:00:00+08:00,88581.29993290092,76189.32220863184,16.26,Semiconductors,NVIDIA Corporation,2024-03-04,
NVDA,2 weeks,0.05,2024-04-15 00:00:00+08:00,83142.86933333332,88186.74266666667,-5.72,Semiconductors,NVIDIA Corporation,2024-04-15,
NVDA,2 weeks,0.05,2024-04-29 00:00:00+08:00,88445.84170396155,83142.86933333332,6.38,Semiconductors,NVIDIA Corporation,2024-04-29,
NVDA,2 weeks,0.05,2024-05-13 00:00:00+08:00,96054.70535600152,88445.84170396155,8.6,Semiconductors,NVIDIA Corporation,2024-05-13,
NVDA,2 weeks,0.05,2024-05-27 00:00:00+08:00,117102.96693766936,96054.70535600152,21.91,Semiconductors,NVIDIA Corporation,2024-05-27,
NVDA,2 weeks,0.05,2024-06-10 00:00:00+08:00,12838.88727952342,117102.96693766936,-89.04,Semiconductors,NVIDIA Corporation,2024-06-10,
NVDA,2 weeks,0.05,2024-07-22 00:00:00+08:00,11555.993436406068,12688.972461635483,-8.93,Semiconductors,NVIDIA Corporation,2024-07-22,
NVDA,1 week,0.1,2015-08-10 00:00:00+08:00,2363.034153691612,2098.369118318867,12.61,Semiconductors,NVIDIA Corporation,2015-08-10,
NVDA,1 week,0.1,2016-02-15 00:00:00+08:00,2883.9240235420007,2547.3811188811187,13.21,Semiconductors,NVIDIA Corporation,2016-02-15,
NVDA,1 week,0.1,2016-05-16 00:00:00+08:00,4300.885078776645,3679.6484848484847,16.88,Semiconductors,NVIDIA Corporation,2016-05-16,
NVDA,1 week,0.1,2016-11-14 00:00:00+08:00,8947.82191780822,7380.065444084861,21.24,Semiconductors,NVIDIA Corporation,2016-11-14,
NVDA,1 week,0.1,2016-12-19 00:00:00+08:00,10538.499411995295,9478.528542094458,11.18,Semiconductors,NVIDIA Corporation,2016-12-19,
NVDA,1 week,0.1,2017-05-08 00:00:00+08:00,11664.431586113002,10420.996383363472,11.93,Semiconductors,NVIDIA Corporation,2017-05-08,
NVDA,1 week,0.1,2017-05-15 00:00:00+08:00,13343.131309904153,11664.431586113002,14.39,Semiconductors,NVIDIA Corporation,2017-05-15,
NVDA,1 week,0.1,2017-07-10 00:00:00+08:00,15836.11283043198,14351.048840651209,10.35,Semiconductors,NVIDIA Corporation,2017-07-10,
NVDA,1 week,0.1,2018-05-07 00:00:00+08:00,25298.112701252237,22915.401732965736,10.4,Semiconductors,NVIDIA Corporation,2018-05-07,
NVDA,1 week,0.1,2018-10-08 00:00:00+08:00,25206.273691913648,28334.909203466777,-11.04,Semiconductors,NVIDIA Corporation,2018-10-08,
NVDA,1 week,0.1,2018-10-22 00:00:00+08:00,21107.15141647672,24057.310780669144,-12.26,Semiconductors,NVIDIA Corporation,2018-10-22,
NVDA,1 week,0.1,2018-11-12 00:00:00+08:00,18840.616312281814,20971.694976076556,-10.16,Semiconductors,NVIDIA Corporation,2018-11-12,
NVDA,1 week,0.1,2018-11-19 00:00:00+08:00,14815.404024144867,18840.616312281814,-21.36,Semiconductors,NVIDIA Corporation,2018-11-19,
NVDA,1 week,0.1,2020-02-10 00:00:00+08:00,27328.4701120797,24806.38845997562,10.17,Semiconductors,NVIDIA Corporation,2020-02-10,
NVDA,1 week,0.1,2020-02-17 00:00:00+08:00,30222.16918789809,27328.4701120797,10.59,Semiconductors,NVIDIA Corporation,2020-02-17,
NVDA,1 week,0.1,2020-02-24 00:00:00+08:00,26500.130869686025,30222.16918789809,-12.32,Semiconductors,NVIDIA Corporation,2020-02-24,
NVDA,1 week,0.1,2020-03-09 00:00:00+08:00,24045.27515583259,27204.947795071337,-11.61,Semiconductors,NVIDIA Corporation,2020-03-09,
NVDA,1 week,0.1,2020-03-16 00:00:00+08:00,20870.70764017252,24045.27515583259,-13.2,Semiconductors,NVIDIA Corporation,2020-03-16,
NVDA,1 week,0.1,2020-03-23 00:00:00+08:00,24268.92412011624,20870.70764017252,16.28,Semiconductors,NVIDIA Corporation,2020-03-23,
NVDA,1 week,0.1,2020-05-18 00:00:00+08:00,35588.37462417318,31872.446428571428,11.66,Semiconductors,NVIDIA Corporation,2020-05-18,
NVDA,1 week,0.1,2021-04-12 00:00:00+08:00,62157.1932241251,56419.81211857018,10.17,Semiconductors,NVIDIA Corporation,2021-04-12,
NVDA,1 week,0.1,2021-07-19 00:00:00+08:00,29854.218364418935,78683.51871063357,-62.06,Semiconductors,NVIDIA Corporation,2021-07-19,
NVDA,1 week,0.1,2021-07-26 00:00:00+08:00,19363.88938334393,29854.218364418935,-35.14,Semiconductors,NVIDIA Corporation,2021-07-26,
NVDA,1 week,0.1,2021-08-23 00:00:00+08:00,21999.904460518384,19762.174464231815,11.32,Semiconductors,NVIDIA Corporation,2021-08-23,
NVDA,1 week,0.1,2021-11-01 00:00:00+08:00,27779.192439862545,24486.705253512526,13.45,Semiconductors,NVIDIA Corporation,2021-11-01,
NVDA,1 week,0.1,2022-03-21 00:00:00+08:00,26892.187380497133,23648.139775910364,13.72,Semiconductors,NVIDIA Corporation,2022-03-21,
NVDA,1 week,0.1,2022-04-11 00:00:00+08:00,21925.785318107668,25145.558897243107,-12.8,Semiconductors,NVIDIA Corporation,2022-04-11,
NVDA,1 week,0.1,2022-05-09 00:00:00+08:00,17140.50740647753,19250.914459161148,-10.96,Semiconductors,NVIDIA Corporation,2022-05-09,
NVDA,1 week,0.1,2022-05-30 00:00:00+08:00,18854.458007480447,16981.29919476598,11.03,Semiconductors,NVIDIA Corporation,2022-05-30,
NVDA,1 week,0.1,2022-06-13 00:00:00+08:00,15910.947339847991,18437.47062368183,-13.7,Semiconductors,NVIDIA Corporation,2022-06-13,
NVDA,1 week,0.1,2022-07-18 00:00:00+08:00,17161.261787280702,15260.705651254157,12.45,Semiconductors,NVIDIA Corporation,2022-07-18,
NVDA,1 week,0.1,2022-08-29 00:00:00+08:00,14827.308169596692,17131.744897959183,-13.45,Semiconductors,NVIDIA Corporation,2022-08-29,
NVDA,1 week,0.1,2023-01-09 00:00:00+08:00,16004.78970917226,14522.404246794871,10.21,Semiconductors,NVIDIA Corporation,2023-01-09,
NVDA,1 week,0.1,2023-01-23 00:00:00+08:00,19289.99973219068,17327.852246763137,11.32,Semiconductors,NVIDIA Corporation,2023-01-23,
NVDA,1 week,0.1,2023-05-22 00:00:00+08:00,34433.12028007002,30202.976533785695,14.01,Semiconductors,NVIDIA Corporation,2023-05-22,
NVDA,1 week,0.1,2023-05-29 00:00:00+08:00,39527.05307346326,34433.12028007002,14.79,Semiconductors,NVIDIA Corporation,2023-05-29,
NVDA,1 week,0.1,2023-11-06 00:00:00+08:00,46594.342363877826,42219.736642256576,10.36,Semiconductors,NVIDIA Corporation,2023-11-06,
NVDA,1 week,0.1,2024-01-08 00:00:00+08:00,53500.48063952036,48216.4801300578,10.96,Semiconductors,NVIDIA Corporation,2024-01-08,
NVDA,1 week,0.1,2024-02-05 00:00:00+08:00,69467.83290667908,62849.515625,10.53,Semiconductors,NVIDIA Corporation,2024-02-05,
NVDA,1 week,0.1,2024-03-04 00:00:00+08:00,88334.64875578067,80156.79686735194,10.2,Semiconductors,NVIDIA Corporation,2024-03-04,
NVDA,1 week,0.1,2024-05-27 00:00:00+08:00,112500.87587412588,99015.28830982548,13.62,Semiconductors,NVIDIA Corporation,2024-05-27,
NVDA,1 week,0.1,2024-06-10 00:00:00+08:00,12527.89657360406,118301.9631063539,-89.41,Semiconductors,NVIDIA Corporation,2024-06-10,
NVDA,2 weeks,0.1,2014-02-17 00:00:00+08:00,1852.5701459034792,1619.6792499383173,14.38,Semiconductors,NVIDIA Corporation,2014-02-17,
NVDA,2 weeks,0.1,2015-08-03 00:00:00+08:00,2224.433253588517,1971.1744095509991,12.85,Semiconductors,NVIDIA Corporation,2015-08-03,
NVDA,2 weeks,0.1,2015-10-12 00:00:00+08:00,2751.821473158552,2483.297399646554,10.81,Semiconductors,NVIDIA Corporation,2015-10-12,
NVDA,2 weeks,0.1,2016-02-22 00:00:00+08:00,3196.207105064248,2709.871092740894,17.95,Semiconductors,NVIDIA Corporation,2016-02-22,
NVDA,2 weeks,0.1,2016-05-16 00:00:00+08:00,4410.359905660378,3609.3672710367273,22.19,Semiconductors,NVIDIA Corporation,2016-05-16,
NVDA,2 weeks,0.1,2016-07-11 00:00:00+08:00,5318.22835394862,4723.967506092608,12.58,Semiconductors,NVIDIA Corporation,2016-07-11,
NVDA,2 weeks,0.1,2016-11-14 00:00:00+08:00,9108.994119088458,7182.114687309024,26.83,Semiconductors,NVIDIA Corporation,2016-11-14,
NVDA,2 weeks,0.1,2017-05-15 00:00:00+08:00,13586.292119565216,11130.358058252428,22.07,Semiconductors,NVIDIA Corporation,2017-05-15,
NVDA,2 weeks,0.1,2017-07-10 00:00:00+08:00,16190.079184367036,14674.580651649236,10.33,Semiconductors,NVIDIA Corporation,2017-07-10,
NVDA,2 weeks,0.1,2018-10-15 00:00:00+08:00,22484.677660128447,26676.538207913112,-15.71,Semiconductors,NVIDIA Corporation,2018-10-15,
NVDA,2 weeks,0.1,2018-11-12 00:00:00+08:00,17065.837650816182,20742.381194409147,-17.72,Semiconductors,NVIDIA Corporation,2018-11-12,
NVDA,2 weeks,0.1,2019-01-07 00:00:00+08:00,14698.108025247971,13165.348072830457,11.64,Semiconductors,NVIDIA Corporation,2019-01-07,
NVDA,2 weeks,0.1,2019-03-18 00:00:00+08:00,17641.45170821791,15935.427138531417,10.71,Semiconductors,NVIDIA Corporation,2019-03-18,
NVDA,2 weeks,0.1,2019-05-13 00:00:00+08:00,15618.973373302768,17695.31164722167,-11.73,Semiconductors,NVIDIA Corporation,2019-05-13,
NVDA,2 weeks,0.1,2019-08-05 00:00:00+08:00,15341.953606379124,17232.17963953258,-10.97,Semiconductors,NVIDIA Corporation,2019-08-05,
NVDA,2 weeks,0.1,2020-03-16 00:00:00+08:00,22529.903042724265,25555.337207500386,-11.84,Semiconductors,NVIDIA Corporation,2020-03-16,
NVDA,2 weeks,0.1,2020-03-30 00:00:00+08:00,25940.643112196954,22529.903042724265,15.14,Semiconductors,NVIDIA Corporation,2020-03-30,
NVDA,2 weeks,0.1,2020-05-11 00:00:00+08:00,33801.759132063686,29685.25760649087,13.87,Semiconductors,NVIDIA Corporation,2020-05-11,
NVDA,2 weeks,0.1,2020-08-17 00:00:00+08:00,49953.41155660377,44982.631862647235,11.05,Semiconductors,NVIDIA Corporation,2020-08-17,
NVDA,2 weeks,0.1,2021-02-08 00:00:00+08:00,59300.884800700835,53424.64536545529,11.0,Semiconductors,NVIDIA Corporation,2021-02-08,
NVDA,2 weeks,0.1,2021-04-05 00:00:00+08:00,59514.31124497992,52076.551444258774,14.28,Semiconductors,NVIDIA Corporation,2021-04-05,
NVDA,2 weeks,0.1,2021-05-31 00:00:00+08:00,68726.22181662015,60291.42101488255,13.99,Semiconductors,NVIDIA Corporation,2021-05-31,
NVDA,2 weeks,0.1,2021-07-12 00:00:00+08:00,51165.712807244505,80586.75113215315,-36.51,Semiconductors,NVIDIA Corporation,2021-07-12,
NVDA,2 weeks,0.1,2021-07-26 00:00:00+08:00,19727.186865378317,51165.712807244505,-61.44,Semiconductors,NVIDIA Corporation,2021-07-26,
NVDA,2 weeks,0.1,2021-08-23 00:00:00+08:00,22270.008412878175,19878.297230464887,12.03,Semiconductors,NVIDIA Corporation,2021-08-23,
NVDA,2 weeks,0.1,2021-10-18 00:00:00+08:00,23524.296672212975,20847.366040140172,12.84,Semiconductors,NVIDIA Corporation,2021-10-18,
NVDA,2 weeks,0.1,2021-11-01 00:00:00+08:00,29200.141482965933,23524.296672212975,24.13,Semiconductors,NVIDIA Corporation,2021-11-01,
NVDA,2 weeks,0.1,2022-01-10 00:00:00+08:00,26214.788347549515,29385.051080550096,-10.79,Semiconductors,NVIDIA Corporation,2022-01-10,
NVDA,2 weeks,0.1,2022-01-24 00:00:00+08:00,23529.582652189823,26214.788347549515,-10.24,Semiconductors,NVIDIA Corporation,2022-01-24,
NVDA,2 weeks,0.1,2022-03-21 00:00:00+08:00,27343.84151569631,22917.13501993675,19.32,Semiconductors,NVIDIA Corporation,2022-03-21,
NVDA,2 weeks,0.1,2022-04-04 00:00:00+08:00,23662.895733173074,27343.84151569631,-13.46,Semiconductors,NVIDIA Corporation,2022-04-04,
NVDA,2 weeks,0.1,2022-04-18 00:00:00+08:00,20158.005559968227,23662.895733173074,-14.81,Semiconductors,NVIDIA Corporation,2022-04-18,
NVDA,2 weeks,0.1,2022-06-13 00:00:00+08:00,16165.395179978372,18633.374760383387,-13.24,Semiconductors,NVIDIA Corporation,2022-06-13,
NVDA,2 weeks,0.1,2022-07-25 00:00:00+08:00,18003.58611707018,16257.288773896797,10.74,Semiconductors,NVIDIA Corporation,2022-07-25,
NVDA,2 weeks,0.1,2022-08-22 00:00:00+08:00,15926.558139534884,18174.582845703728,-12.37,Semiconductors,NVIDIA Corporation,2022-08-22,
NVDA,2 weeks,0.1,2022-09-05 00:00:00+08:00,13553.477930236404,15926.558139534884,-14.9,Semiconductors,NVIDIA Corporation,2022-09-05,
NVDA,2 weeks,0.1,2022-10-31 00:00:00+08:00,14252.069712601326,12574.790503189228,13.34,Semiconductors,NVIDIA Corporation,2022-10-31,
NVDA,2 weeks,0.1,2022-11-14 00:00:00+08:00,16040.223005502065,14252.069712601326,12.55,Semiconductors,NVIDIA Corporation,2022-11-14,
NVDA,2 weeks,0.1,2022-12-26 00:00:00+08:00,14443.663151728178,16652.598289244415,-13.26,Semiconductors,NVIDIA Corporation,2022-12-26,
NVDA,2 weeks,0.1,2023-01-09 00:00:00+08:00,16608.501650738486,14443.663151728178,14.99,Semiconductors,NVIDIA Corporation,2023-01-09,
NVDA,2 weeks,0.1,2023-01-23 00:00:00+08:00,19810.745746818488,16608.501650738486,19.28,Semiconductors,NVIDIA Corporation,2023-01-23,
NVDA,2 weeks,0.1,2023-02-06 00:00:00+08:00,21975.854197748544,19810.745746818488,10.93,Semiconductors,NVIDIA Corporation,2023-02-06,
NVDA,2 weeks,0.1,2023-03-20 00:00:00+08:00,26753.873448017952,24156.74364973262,10.75,Semiconductors,NVIDIA Corporation,2023-03-20,
NVDA,2 weeks,0.1,2023-05-15 00:00:00+08:00,32447.714437367304,28394.70588235294,14.27,Semiconductors,NVIDIA Corporation,2023-05-15,
NVDA,2 weeks,0.1,2023-05-29 00:00:00+08:00,39075.102287440655,32447.714437367304,20.42,Semiconductors,NVIDIA Corporation,2023-05-29,
NVDA,2 weeks,0.1,2023-11-13 00:00:00+08:00,49227.86924070618,44429.93397745572,10.8,Semiconductors,NVIDIA Corporation,2023-11-13,
NVDA,2 weeks,0.1,2024-01-08 00:00:00+08:00,55061.829801684326,48801.94455030488,12.83,Semiconductors,NVIDIA Corporation,2024-01-08,
NVDA,2 weeks,0.1,2024-01-22 00:00:00+08:00,61833.6758747698,55061.829801684326,12.3,Semiconductors,NVIDIA Corporation,2024-01-22,
NVDA,2 weeks,0.1,2024-02-05 00:00:00+08:00,71184.2493533976,61833.6758747698,15.12,Semiconductors,NVIDIA Corporation,2024-02-05,
NVDA,2 weeks,0.1,2024-03-04 00:00:00+08:00,88581.29993290092,76189.32220863184,16.26,Semiconductors,NVIDIA Corporation,2024-03-04,
NVDA,2 weeks,0.1,2024-05-27 00:00:00+08:00,117102.96693766936,96054.70535600152,21.91,Semiconductors,NVIDIA Corporation,2024-05-27,
NVDA,2 weeks,0.1,2024-06-10 00:00:00+08:00,12838.88727952342,117102.96693766936,-89.04,Semiconductors,NVIDIA Corporation,2024-06-10,
NVDA,1 week,0.15,2016-05-16 00:00:00+08:00,4300.885078776645,3679.6484848484847,16.88,Semiconductors,NVIDIA Corporation,2016-05-16,
NVDA,1 week,0.15,2016-11-14 00:00:00+08:00,8947.82191780822,7380.065444084861,21.24,Semiconductors,NVIDIA Corporation,2016-11-14,
NVDA,1 week,0.15,2018-11-19 00:00:00+08:00,14815.404024144867,18840.616312281814,-21.36,Semiconductors,NVIDIA Corporation,2018-11-19,
NVDA,1 week,0.15,2020-03-23 00:00:00+08:00,24268.92412011624,20870.70764017252,16.28,Semiconductors,NVIDIA Corporation,2020-03-23,
NVDA,1 week,0.15,2021-07-19 00:00:00+08:00,29854.218364418935,78683.51871063357,-62.06,Semiconductors,NVIDIA Corporation,2021-07-19,
NVDA,1 week,0.15,2021-07-26 00:00:00+08:00,19363.88938334393,29854.218364418935,-35.14,Semiconductors,NVIDIA Corporation,2021-07-26,
NVDA,1 week,0.15,2024-06-10 00:00:00+08:00,12527.89657360406,118301.9631063539,-89.41,Semiconductors,NVIDIA Corporation,2024-06-10,
NVDA,2 weeks,0.15,2016-02-22 00:00:00+08:00,3196.207105064248,2709.871092740894,17.95,Semiconductors,NVIDIA Corporation,2016-02-22,
NVDA,2 weeks,0.15,2016-05-16 00:00:00+08:00,4410.359905660378,3609.3672710367273,22.19,Semiconductors,NVIDIA Corporation,2016-05-16,
NVDA,2 weeks,0.15,2016-11-14 00:00:00+08:00,9108.994119088458,7182.114687309024,26.83,Semiconductors,NVIDIA Corporation,2016-11-14,
NVDA,2 weeks,0.15,2017-05-15 00:00:00+08:00,13586.292119565216,11130.358058252428,22.07,Semiconductors,NVIDIA Corporation,2017-05-15,
NVDA,2 weeks,0.15,2018-10-15 00:00:00+08:00,22484.677660128447,26676.538207913112,-15.71,Semiconductors,NVIDIA Corporation,2018-10-15,
NVDA,2 weeks,0.15,2018-11-12 00:00:00+08:00,17065.837650816182,20742.381194409147,-17.72,Semiconductors,NVIDIA Corporation,2018-11-12,
NVDA,2 weeks,0.15,2020-03-30 00:00:00+08:00,25940.643112196954,22529.903042724265,15.14,Semiconductors,NVIDIA Corporation,2020-03-30,
NVDA,2 weeks,0.15,2021-07-12 00:00:00+08:00,51165.712807244505,80586.75113215315,-36.51,Semiconductors,NVIDIA Corporation,2021-07-12,
NVDA,2 weeks,0.15,2021-07-26 00:00:00+08:00,19727.186865378317,51165.712807244505,-61.44,Semiconductors,NVIDIA Corporation,2021-07-26,
NVDA,2 weeks,0.15,2021-11-01 00:00:00+08:00,29200.141482965933,23524.296672212975,24.13,Semiconductors,NVIDIA Corporation,2021-11-01,
NVDA,2 weeks,0.15,2022-03-21 00:00:00+08:00,27343.84151569631,22917.13501993675,19.32,Semiconductors,NVIDIA Corporation,2022-03-21,
NVDA,2 weeks,0.15,2023-01-23 00:00:00+08:00,19810.745746818488,16608.501650738486,19.28,Semiconductors,NVIDIA Corporation,2023-01-23,
NVDA,2 weeks,0.15,2023-05-29 00:00:00+08:00,39075.102287440655,32447.714437367304,20.42,Semiconductors,NVIDIA Corporation,2023-05-29,
NVDA,2 weeks,0.15,2024-02-05 00:00:00+08:00,71184.2493533976,61833.6758747698,15.12,Semiconductors,NVIDIA Corporation,2024-02-05,
NVDA,2 weeks,0.15,2024-03-04 00:00:00+08:00,88581.29993290092,76189.32220863184,16.26,Semiconductors,NVIDIA Corporation,2024-03-04,
NVDA,2 weeks,0.15,2024-05-27 00:00:00+08:00,117102.96693766936,96054.70535600152,21.91,Semiconductors,NVIDIA Corporation,2024-05-27,
NVDA,2 weeks,0.15,2024-06-10 00:00:00+08:00,12838.88727952342,117102.96693766936,-89.04,Semiconductors,NVIDIA Corporation,2024-06-10,
ORCL,1 week,0.05,2014-03-31 00:00:00+08:00,4086.9235488437944,3880.873086419753,5.31,Software - Infrastructure,Oracle Corporation,2014-03-31,
ORCL,1 week,0.05,2014-12-22 00:00:00+08:00,4614.022282241729,4285.508431703204,7.67,Software - Infrastructure,Oracle Corporation,2014-12-22,
ORCL,1 week,0.05,2015-08-24 00:00:00+08:00,3664.190134099617,3922.2902080162353,-6.58,Software - Infrastructure,Oracle Corporation,2015-08-24,
ORCL,1 week,0.05,2017-06-19 00:00:00+08:00,4850.888803680981,4479.62212432697,8.29,Software - Infrastructure,Oracle Corporation,2017-06-19,
ORCL,1 week,0.05,2017-09-18 00:00:00+08:00,4817.485335856197,5181.780375782881,-7.03,Software - Infrastructure,Oracle Corporation,2017-09-18,
ORCL,1 week,0.05,2018-02-05 00:00:00+08:00,4842.933884297521,5144.30101010101,-5.86,Software - Infrastructure,Oracle Corporation,2018-02-05,
ORCL,1 week,0.05,2018-03-19 00:00:00+08:00,4782.233604967016,5269.460125664572,-9.25,Software - Infrastructure,Oracle Corporation,2018-03-19,
ORCL,1 week,0.05,2018-06-18 00:00:00+08:00,4454.3182364729455,4744.624764595103,-6.12,Software - Infrastructure,Oracle Corporation,2018-06-18,
ORCL,1 week,0.05,2018-07-09 00:00:00+08:00,4742.66033966034,4516.801242236025,5.0,Software - Infrastructure,Oracle Corporation,2018-07-09,
ORCL,1 week,0.05,2019-01-07 00:00:00+08:00,4784.263131313131,4545.185973700689,5.26,Software - Infrastructure,Oracle Corporation,2019-01-07,
ORCL,1 week,0.05,2019-08-05 00:00:00+08:00,5404.593279839519,5690.380309845078,-5.02,Software - Infrastructure,Oracle Corporation,2019-08-05,
ORCL,1 week,0.05,2020-02-24 00:00:00+08:00,5164.552861299709,5530.492385786802,-6.62,Software - Infrastructure,Oracle Corporation,2020-02-24,
ORCL,1 week,0.05,2020-03-02 00:00:00+08:00,4900.052917903066,5164.552861299709,-5.12,Software - Infrastructure,Oracle Corporation,2020-03-02,
ORCL,1 week,0.05,2020-03-09 00:00:00+08:00,4508.112999540652,4900.052917903066,-8.0,Software - Infrastructure,Oracle Corporation,2020-03-09,
ORCL,1 week,0.05,2020-04-06 00:00:00+08:00,5194.552363853979,4937.272375423318,5.21,Software - Infrastructure,Oracle Corporation,2020-04-06,
ORCL,1 week,0.05,2020-09-14 00:00:00+08:00,6048.718204488778,5730.96292634701,5.54,Software - Infrastructure,Oracle Corporation,2020-09-14,
ORCL,1 week,0.05,2020-10-26 00:00:00+08:00,5658.22703474536,5980.388194097049,-5.39,Software - Infrastructure,Oracle Corporation,2020-10-26,
ORCL,1 week,0.05,2021-06-14 00:00:00+08:00,7883.932985553773,8356.116514203177,-5.65,Software - Infrastructure,Oracle Corporation,2021-06-14,
ORCL,1 week,0.05,2021-07-05 00:00:00+08:00,8546.625589622641,7907.884036875303,8.08,Software - Infrastructure,Oracle Corporation,2021-07-05,
ORCL,1 week,0.05,2021-12-13 00:00:00+08:00,10093.083087304936,9287.226791530944,8.68,Software - Infrastructure,Oracle Corporation,2021-12-13,
ORCL,1 week,0.05,2021-12-20 00:00:00+08:00,9099.360970107165,10093.083087304936,-9.85,Software - Infrastructure,Oracle Corporation,2021-12-20,
ORCL,1 week,0.05,2022-09-19 00:00:00+08:00,6840.978102189781,7372.97390223695,-7.22,Software - Infrastructure,Oracle Corporation,2022-09-19,
ORCL,1 week,0.05,2022-10-03 00:00:00+08:00,6469.706837186424,6840.978102189781,-5.43,Software - Infrastructure,Oracle Corporation,2022-10-03,
ORCL,1 week,0.05,2022-10-17 00:00:00+08:00,6819.109671448403,6360.289738430583,7.21,Software - Infrastructure,Oracle Corporation,2022-10-17,
ORCL,1 week,0.05,2022-10-24 00:00:00+08:00,7449.91434165443,6819.109671448403,9.25,Software - Infrastructure,Oracle Corporation,2022-10-24,
ORCL,1 week,0.05,2023-06-12 00:00:00+08:00,12108.877198917457,10732.431447746883,12.83,Software - Infrastructure,Oracle Corporation,2023-06-12,
ORCL,1 week,0.05,2023-09-11 00:00:00+08:00,11504.595813204509,12445.549217002235,-7.56,Software - Infrastructure,Oracle Corporation,2023-09-11,
ORCL,1 week,0.05,2023-09-25 00:00:00+08:00,10580.487070992009,11184.7289679098,-5.4,Software - Infrastructure,Oracle Corporation,2023-09-25,
ORCL,1 week,0.05,2023-10-23 00:00:00+08:00,10210.19606903164,10761.13717886573,-5.12,Software - Infrastructure,Oracle Corporation,2023-10-23,
ORCL,1 week,0.05,2023-11-06 00:00:00+08:00,11066.194417709336,10489.990645002463,5.49,Software - Infrastructure,Oracle Corporation,2023-11-06,
ORCL,1 week,0.05,2023-12-11 00:00:00+08:00,10419.700099966678,11362.41610087294,-8.3,Software - Infrastructure,Oracle Corporation,2023-12-11,
ORCL,1 week,0.05,2024-01-22 00:00:00+08:00,11325.788509162952,10754.785153892575,5.31,Software - Infrastructure,Oracle Corporation,2024-01-22,
ORCL,1 week,0.05,2024-03-11 00:00:00+08:00,12455.741513437059,11280.83348880597,10.42,Software - Infrastructure,Oracle Corporation,2024-03-11,
ORCL,1 week,0.05,2024-06-10 00:00:00+08:00,13371.491181988744,12158.426841085273,9.98,Software - Infrastructure,Oracle Corporation,2024-06-10,
ORCL,1 week,0.05,2024-06-17 00:00:00+08:00,14219.066862170088,13371.491181988744,6.34,Software - Infrastructure,Oracle Corporation,2024-06-17,
ORCL,2 weeks,0.05,2014-03-31 00:00:00+08:00,4041.2148599269185,3845.753835740072,5.08,Software - Infrastructure,Oracle Corporation,2014-03-31,
ORCL,2 weeks,0.05,2014-12-22 00:00:00+08:00,4567.435191186001,4211.513847562371,8.45,Software - Infrastructure,Oracle Corporation,2014-12-22,
ORCL,2 weeks,0.05,2015-01-05 00:00:00+08:00,4333.36298844925,4567.435191186001,-5.12,Software - Infrastructure,Oracle Corporation,2015-01-05,
ORCL,2 weeks,0.05,2015-06-22 00:00:00+08:00,4095.406872102536,4345.912060301507,-5.76,Software - Infrastructure,Oracle Corporation,2015-06-22,
ORCL,2 weeks,0.05,2015-10-26 00:00:00+08:00,3935.652097462949,3741.315446339017,5.19,Software - Infrastructure,Oracle Corporation,2015-10-26,
ORCL,2 weeks,0.05,2016-03-07 00:00:00+08:00,3914.563063063063,3719.240656565657,5.25,Software - Infrastructure,Oracle Corporation,2016-03-07,
ORCL,2 weeks,0.05,2017-06-26 00:00:00+08:00,5023.047605790645,4687.806063212212,7.15,Software - Infrastructure,Oracle Corporation,2017-06-26,
ORCL,2 weeks,0.05,2017-09-18 00:00:00+08:00,4814.647215496368,5159.430503380917,-6.68,Software - Infrastructure,Oracle Corporation,2017-09-18,
ORCL,2 weeks,0.05,2018-02-05 00:00:00+08:00,4884.071994062346,5146.872447693471,-5.11,Software - Infrastructure,Oracle Corporation,2018-02-05,
ORCL,2 weeks,0.05,2018-03-19 00:00:00+08:00,4698.595412627098,5222.337910740559,-10.03,Software - Infrastructure,Oracle Corporation,2018-03-19,
ORCL,2 weeks,0.05,2018-07-09 00:00:00+08:00,4796.648384673178,4453.571922744306,7.7,Software - Infrastructure,Oracle Corporation,2018-07-09,
ORCL,2 weeks,0.05,2019-01-07 00:00:00+08:00,4815.095965923328,4478.623560381705,7.51,Software - Infrastructure,Oracle Corporation,2019-01-07,
ORCL,2 weeks,0.05,2019-06-24 00:00:00+08:00,5747.831415420023,5425.933852140078,5.93,Software - Infrastructure,Oracle Corporation,2019-06-24,
ORCL,2 weeks,0.05,2019-08-05 00:00:00+08:00,5361.78783308195,5744.355906696765,-6.66,Software - Infrastructure,Oracle Corporation,2019-08-05,
ORCL,2 weeks,0.05,2020-03-02 00:00:00+08:00,4696.849011669445,5323.079714128642,-11.76,Software - Infrastructure,Oracle Corporation,2020-03-02,
ORCL,2 weeks,0.05,2020-03-30 00:00:00+08:00,5052.284376672017,4665.574453069866,8.29,Software - Infrastructure,Oracle Corporation,2020-03-30,
ORCL,2 weeks,0.05,2020-09-14 00:00:00+08:00,6030.512605042017,5733.3666184274,5.18,Software - Infrastructure,Oracle Corporation,2020-09-14,
ORCL,2 weeks,0.05,2020-10-26 00:00:00+08:00,5674.524550898203,6040.556571146245,-6.06,Software - Infrastructure,Oracle Corporation,2020-10-26,
ORCL,2 weeks,0.05,2021-02-22 00:00:00+08:00,6602.141111367305,6260.805077805077,5.45,Software - Infrastructure,Oracle Corporation,2021-02-22,
ORCL,2 weeks,0.05,2021-04-05 00:00:00+08:00,7580.311502738748,6909.061555075594,9.72,Software - Infrastructure,Oracle Corporation,2021-04-05,
ORCL,2 weeks,0.05,2021-07-12 00:00:00+08:00,8817.666990055784,8196.227309023157,7.58,Software - Infrastructure,Oracle Corporation,2021-07-12,
ORCL,2 weeks,0.05,2021-10-04 00:00:00+08:00,9377.038179148312,8921.631240731587,5.1,Software - Infrastructure,Oracle Corporation,2021-10-04,
ORCL,2 weeks,0.05,2021-12-27 00:00:00+08:00,8791.60337853914,9667.921573359072,-9.06,Software - Infrastructure,Oracle Corporation,2021-12-27,
ORCL,2 weeks,0.05,2022-01-24 00:00:00+08:00,8112.096195262024,8641.57355679702,-6.13,Software - Infrastructure,Oracle Corporation,2022-01-24,
ORCL,2 weeks,0.05,2022-03-21 00:00:00+08:00,8227.2361530715,7736.669757973309,6.34,Software - Infrastructure,Oracle Corporation,2022-03-21,
ORCL,2 weeks,0.05,2022-05-02 00:00:00+08:00,7231.268061783757,7732.4399200599555,-6.48,Software - Infrastructure,Oracle Corporation,2022-05-02,
ORCL,2 weeks,0.05,2022-07-25 00:00:00+08:00,7643.64024084295,7151.017336683417,6.89,Software - Infrastructure,Oracle Corporation,2022-07-25,
ORCL,2 weeks,0.05,2022-09-19 00:00:00+08:00,6840.978102189781,7399.9615188583075,-7.55,Software - Infrastructure,Oracle Corporation,2022-09-19,
ORCL,2 weeks,0.05,2022-10-03 00:00:00+08:00,6415.610544640636,6840.978102189781,-6.22,Software - Infrastructure,Oracle Corporation,2022-10-03,
ORCL,2 weeks,0.05,2022-10-17 00:00:00+08:00,7125.659134157945,6415.610544640636,11.07,Software - Infrastructure,Oracle Corporation,2022-10-17,
ORCL,2 weeks,0.05,2022-10-31 00:00:00+08:00,7645.644130757802,7125.659134157945,7.3,Software - Infrastructure,Oracle Corporation,2022-10-31,
ORCL,2 weeks,0.05,2023-01-09 00:00:00+08:00,8750.64908890116,8271.67985051386,5.79,Software - Infrastructure,Oracle Corporation,2023-01-09,
ORCL,2 weeks,0.05,2023-04-03 00:00:00+08:00,9430.619318181818,8911.886113152095,5.82,Software - Infrastructure,Oracle Corporation,2023-04-03,
ORCL,2 weeks,0.05,2023-05-29 00:00:00+08:00,10659.617254273504,10068.38330078125,5.87,Software - Infrastructure,Oracle Corporation,2023-05-29,
ORCL,2 weeks,0.05,2023-06-12 00:00:00+08:00,12116.661998726926,10659.617254273504,13.67,Software - Infrastructure,Oracle Corporation,2023-06-12,
ORCL,2 weeks,0.05,2023-09-18 00:00:00+08:00,10894.807353936387,11848.438994481912,-8.05,Software - Infrastructure,Oracle Corporation,2023-09-18,
ORCL,2 weeks,0.05,2023-11-13 00:00:00+08:00,11549.740972419677,10781.38792893648,7.13,Software - Infrastructure,Oracle Corporation,2023-11-13,
ORCL,2 weeks,0.05,2023-12-11 00:00:00+08:00,10474.733089930822,11492.955409356724,-8.86,Software - Infrastructure,Oracle Corporation,2023-12-11,
ORCL,2 weeks,0.05,2024-01-22 00:00:00+08:00,11371.079365079364,10576.87489932886,7.51,Software - Infrastructure,Oracle Corporation,2024-01-22,
ORCL,2 weeks,0.05,2024-03-04 00:00:00+08:00,11949.103781174577,11078.995131187448,7.85,Software - Infrastructure,Oracle Corporation,2024-03-04,
ORCL,2 weeks,0.05,2024-03-18 00:00:00+08:00,12754.68782249742,11949.103781174577,6.74,Software - Infrastructure,Oracle Corporation,2024-03-18,
ORCL,2 weeks,0.05,2024-04-15 00:00:00+08:00,11707.4533237341,12396.131984585742,-5.56,Software - Infrastructure,Oracle Corporation,2024-04-15,
ORCL,2 weeks,0.05,2024-05-13 00:00:00+08:00,12220.358112937813,11625.140087251575,5.12,Software - Infrastructure,Oracle Corporation,2024-05-13,
ORCL,2 weeks,0.05,2024-06-10 00:00:00+08:00,13702.181464530891,12102.299973593874,13.22,Software - Infrastructure,Oracle Corporation,2024-06-10,
ORCL,1 week,0.1,2023-06-12 00:00:00+08:00,12108.877198917457,10732.431447746883,12.83,Software - Infrastructure,Oracle Corporation,2023-06-12,
ORCL,1 week,0.1,2024-03-11 00:00:00+08:00,12455.741513437059,11280.83348880597,10.42,Software - Infrastructure,Oracle Corporation,2024-03-11,
ORCL,2 weeks,0.1,2018-03-19 00:00:00+08:00,4698.595412627098,5222.337910740559,-10.03,Software - Infrastructure,Oracle Corporation,2018-03-19,
ORCL,2 weeks,0.1,2020-03-02 00:00:00+08:00,4696.849011669445,5323.079714128642,-11.76,Software - Infrastructure,Oracle Corporation,2020-03-02,
ORCL,2 weeks,0.1,2022-10-17 00:00:00+08:00,7125.659134157945,6415.610544640636,11.07,Software - Infrastructure,Oracle Corporation,2022-10-17,
ORCL,2 weeks,0.1,2023-06-12 00:00:00+08:00,12116.661998726926,10659.617254273504,13.67,Software - Infrastructure,Oracle Corporation,2023-06-12,
ORCL,2 weeks,0.1,2024-06-10 00:00:00+08:00,13702.181464530891,12102.299973593874,13.22,Software - Infrastructure,Oracle Corporation,2024-06-10,
PG,1 week,0.05,2015-08-24 00:00:00+08:00,7048.2357363998235,7438.07027818448,-5.24,Household & Personal Products,The Procter & Gamble Company,2015-08-24,
PG,1 week,0.05,2018-02-05 00:00:00+08:00,8153.6690712353475,8637.46261456826,-5.6,Household & Personal Products,The Procter & Gamble Company,2018-02-05,
PG,1 week,0.05,2018-04-23 00:00:00+08:00,7277.151371807002,7687.776715899217,-5.34,Household & Personal Products,The Procter & Gamble Company,2018-04-23,
PG,1 week,0.05,2018-10-22 00:00:00+08:00,8777.90833717181,8202.406192236598,7.02,Household & Personal Products,The Procter & Gamble Company,2018-10-22,
PG,1 week,0.05,2020-02-24 00:00:00+08:00,11889.555102040817,12611.607587064676,-5.73,Household & Personal Products,The Procter & Gamble Company,2020-02-24,
PG,1 week,0.05,2020-03-09 00:00:00+08:00,11215.634267631103,11971.469152854512,-6.31,Household & Personal Products,The Procter & Gamble Company,2020-03-09,
PG,1 week,0.05,2020-03-23 00:00:00+08:00,10333.188303057155,11293.348984198647,-8.5,Household & Personal Products,The Procter & Gamble Company,2020-03-23,
PG,1 week,0.05,2020-03-30 00:00:00+08:00,11211.352470588236,10333.188303057155,8.5,Household & Personal Products,The Procter & Gamble Company,2020-03-30,
PG,1 week,0.05,2022-06-13 00:00:00+08:00,13433.6440844379,14478.613386613388,-7.22,Household & Personal Products,The Procter & Gamble Company,2022-06-13,
PG,2 weeks,0.05,2015-08-03 00:00:00+08:00,7596.640485629336,8012.042125887827,-5.18,Household & Personal Products,The Procter & Gamble Company,2015-08-03,
PG,2 weeks,0.05,2018-02-05 00:00:00+08:00,8154.313009076099,8773.791154210028,-7.06,Household & Personal Products,The Procter & Gamble Company,2018-02-05,
PG,2 weeks,0.05,2018-10-29 00:00:00+08:00,9009.63560157791,8490.621914648213,6.11,Household & Personal Products,The Procter & Gamble Company,2018-10-29,
PG,2 weeks,0.05,2020-03-16 00:00:00+08:00,10808.759838998212,11590.10355839416,-6.74,Household & Personal Products,The Procter & Gamble Company,2020-03-16,
PG,2 weeks,0.05,2020-03-30 00:00:00+08:00,11397.116567588524,10808.759838998212,5.44,Household & Personal Products,The Procter & Gamble Company,2020-03-30,
PG,2 weeks,0.05,2020-04-13 00:00:00+08:00,12005.375758889852,11397.116567588524,5.34,Household & Personal Products,The Procter & Gamble Company,2020-04-13,
PG,2 weeks,0.05,2021-12-13 00:00:00+08:00,15864.981783578032,15025.911800936192,5.58,Household & Personal Products,The Procter & Gamble Company,2021-12-13,
PG,2 weeks,0.05,2022-05-16 00:00:00+08:00,14699.273132112816,15491.53602376826,-5.11,Household & Personal Products,The Procter & Gamble Company,2022-05-16,
PG,2 weeks,0.05,2022-06-13 00:00:00+08:00,13680.664376030785,14539.009972299167,-5.9,Household & Personal Products,The Procter & Gamble Company,2022-06-13,
PG,2 weeks,0.05,2022-06-27 00:00:00+08:00,14402.808724832215,13680.664376030785,5.28,Household & Personal Products,The Procter & Gamble Company,2022-06-27,
PG,2 weeks,0.05,2022-10-03 00:00:00+08:00,12632.612045842476,13448.24543349627,-6.06,Household & Personal Products,The Procter & Gamble Company,2022-10-03,
PG,2 weeks,0.05,2022-11-14 00:00:00+08:00,14319.96236872812,13598.990719839478,5.3,Household & Personal Products,The Procter & Gamble Company,2022-11-14,
TMUS,1 week,0.05,2014-04-07 00:00:00+08:00,3104.0108921161823,3307.003250270856,-6.14,Telecommunications Services,"T-Mobile US, Inc.",2014-04-07,
TMUS,1 week,0.05,2014-05-05 00:00:00+08:00,3166.5399579390114,3002.3943127962084,5.47,Telecommunications Services,"T-Mobile US, Inc.",2014-05-05,
TMUS,1 week,0.05,2014-08-11 00:00:00+08:00,2928.32501300052,3162.8711716091398,-7.42,Telecommunications Services,"T-Mobile US, Inc.",2014-08-11,
TMUS,1 week,0.05,2014-09-22 00:00:00+08:00,2876.0963730569947,3036.2417218543046,-5.27,Telecommunications Services,"T-Mobile US, Inc.",2014-09-22,
TMUS,1 week,0.05,2014-10-13 00:00:00+08:00,2619.1228513650153,2866.3437660338636,-8.62,Telecommunications Services,"T-Mobile US, Inc.",2014-10-13,
TMUS,1 week,0.05,2014-12-08 00:00:00+08:00,2628.362412761715,2834.812299465241,-7.28,Telecommunications Services,"T-Mobile US, Inc.",2014-12-08,
TMUS,1 week,0.05,2014-12-22 00:00:00+08:00,2670.626477541371,2537.6364107883815,5.24,Telecommunications Services,"T-Mobile US, Inc.",2014-12-22,
TMUS,1 week,0.05,2015-04-20 00:00:00+08:00,3368.0263157894738,3191.2048726467333,5.54,Telecommunications Services,"T-Mobile US, Inc.",2015-04-20,
TMUS,1 week,0.05,2015-05-25 00:00:00+08:00,3820.829501915709,3544.4014869888474,7.8,Telecommunications Services,"T-Mobile US, Inc.",2015-05-25,
TMUS,1 week,0.05,2015-08-03 00:00:00+08:00,4093.327639751553,3806.2766599597585,7.54,Telecommunications Services,"T-Mobile US, Inc.",2015-08-03,
TMUS,1 week,0.05,2015-08-24 00:00:00+08:00,3913.0812339331615,4143.719557195572,-5.57,Telecommunications Services,"T-Mobile US, Inc.",2015-08-24,
TMUS,1 week,0.05,2015-09-28 00:00:00+08:00,4005.5976661593095,4265.12737544941,-6.08,Telecommunications Services,"T-Mobile US, Inc.",2015-09-28,
TMUS,1 week,0.05,2015-11-30 00:00:00+08:00,3556.7548618219034,3782.5285923753663,-5.97,Telecommunications Services,"T-Mobile US, Inc.",2015-11-30,
TMUS,1 week,0.05,2016-02-08 00:00:00+08:00,3423.78487480838,3858.4844625573105,-11.27,Telecommunications Services,"T-Mobile US, Inc.",2016-02-08,
TMUS,1 week,0.05,2016-02-15 00:00:00+08:00,3632.6008663366338,3423.78487480838,6.1,Telecommunications Services,"T-Mobile US, Inc.",2016-02-15,
TMUS,1 week,0.05,2016-10-24 00:00:00+08:00,5000.00347739692,4688.752346193952,6.64,Telecommunications Services,"T-Mobile US, Inc.",2016-10-24,
TMUS,1 week,0.05,2017-11-06 00:00:00+08:00,5580.463403041825,5975.931411530815,-6.62,Telecommunications Services,"T-Mobile US, Inc.",2017-11-06,
TMUS,1 week,0.05,2017-11-20 00:00:00+08:00,6067.772661870503,5770.116988809767,5.16,Telecommunications Services,"T-Mobile US, Inc.",2017-11-20,
TMUS,1 week,0.05,2018-02-05 00:00:00+08:00,6106.265859564165,6446.893737166325,-5.28,Telecommunications Services,"T-Mobile US, Inc.",2018-02-05,
TMUS,1 week,0.05,2018-04-30 00:00:00+08:00,5847.360200364298,6357.881778212018,-8.03,Telecommunications Services,"T-Mobile US, Inc.",2018-04-30,
TMUS,1 week,0.05,2018-08-06 00:00:00+08:00,6519.32236503856,6051.661085743278,7.73,Telecommunications Services,"T-Mobile US, Inc.",2018-08-06,
TMUS,1 week,0.05,2020-02-10 00:00:00+08:00,9309.831377661887,8194.1201171875,13.62,Telecommunications Services,"T-Mobile US, Inc.",2020-02-10,
TMUS,1 week,0.05,2020-02-17 00:00:00+08:00,9916.43220338983,9309.831377661887,6.52,Telecommunications Services,"T-Mobile US, Inc.",2020-02-17,
TMUS,1 week,0.05,2020-02-24 00:00:00+08:00,9374.916666666668,9916.43220338983,-5.46,Telecommunications Services,"T-Mobile US, Inc.",2020-02-24,
TMUS,1 week,0.05,2020-03-09 00:00:00+08:00,8193.934256055363,9029.315302144249,-9.25,Telecommunications Services,"T-Mobile US, Inc.",2020-03-09,
TMUS,1 week,0.05,2020-03-16 00:00:00+08:00,7669.06982543641,8193.934256055363,-6.41,Telecommunications Services,"T-Mobile US, Inc.",2020-03-16,
TMUS,1 week,0.05,2020-03-30 00:00:00+08:00,8414.061087061087,7975.954251616112,5.49,Telecommunications Services,"T-Mobile US, Inc.",2020-03-30,
TMUS,1 week,0.05,2020-08-10 00:00:00+08:00,11525.579185520362,10969.186920222635,5.07,Telecommunications Services,"T-Mobile US, Inc.",2020-08-10,
TMUS,1 week,0.05,2020-11-02 00:00:00+08:00,11642.10045045045,11060.31072874494,5.26,Telecommunications Services,"T-Mobile US, Inc.",2020-11-02,
TMUS,1 week,0.05,2020-11-09 00:00:00+08:00,12486.652941176471,11642.10045045045,7.25,Telecommunications Services,"T-Mobile US, Inc.",2020-11-09,
TMUS,1 week,0.05,2022-01-31 00:00:00+08:00,11386.888691796008,10565.76777020448,7.77,Telecommunications Services,"T-Mobile US, Inc.",2022-01-31,
TMUS,1 week,0.05,2022-02-07 00:00:00+08:00,12507.481,11386.888691796008,9.84,Telecommunications Services,"T-Mobile US, Inc.",2022-02-07,
TMUS,1 week,0.05,2022-06-13 00:00:00+08:00,12589.435742971888,13546.581549439348,-7.07,Telecommunications Services,"T-Mobile US, Inc.",2022-06-13,
TMUS,1 week,0.05,2022-06-20 00:00:00+08:00,13408.312977099236,12589.435742971888,6.5,Telecommunications Services,"T-Mobile US, Inc.",2022-06-20,
TMUS,1 week,0.05,2022-10-24 00:00:00+08:00,14268.643474088292,13555.3869168357,5.26,Telecommunications Services,"T-Mobile US, Inc.",2022-10-24,
TMUS,1 week,0.05,2022-10-31 00:00:00+08:00,15031.536487166584,14268.643474088292,5.35,Telecommunications Services,"T-Mobile US, Inc.",2022-10-31,
TMUS,1 week,0.05,2024-06-03 00:00:00+08:00,17821.725352112677,16927.317027863777,5.28,Telecommunications Services,"T-Mobile US, Inc.",2024-06-03,
TMUS,2 weeks,0.05,2014-02-03 00:00:00+08:00,3027.7063369397215,3188.500286861733,-5.04,Telecommunications Services,"T-Mobile US, Inc.",2014-02-03,
TMUS,2 weeks,0.05,2014-04-14 00:00:00+08:00,2994.203795620438,3203.3018018018015,-6.53,Telecommunications Services,"T-Mobile US, Inc.",2014-04-14,
TMUS,2 weeks,0.05,2014-05-12 00:00:00+08:00,3324.075773466177,3080.2121136590226,7.92,Telecommunications Services,"T-Mobile US, Inc.",2014-05-12,
TMUS,2 weeks,0.05,2014-10-13 00:00:00+08:00,2676.3709090909088,2868.986465382613,-6.71,Telecommunications Services,"T-Mobile US, Inc.",2014-10-13,
TMUS,2 weeks,0.05,2014-10-27 00:00:00+08:00,2851.9149318941145,2676.3709090909088,6.56,Telecommunications Services,"T-Mobile US, Inc.",2014-10-27,
TMUS,2 weeks,0.05,2014-12-08 00:00:00+08:00,2583.89883070666,2861.9238483234094,-9.71,Telecommunications Services,"T-Mobile US, Inc.",2014-12-08,
TMUS,2 weeks,0.05,2015-01-05 00:00:00+08:00,2855.0939820742637,2695.916,5.9,Telecommunications Services,"T-Mobile US, Inc.",2015-01-05,
TMUS,2 weeks,0.05,2015-01-19 00:00:00+08:00,3008.4190988948712,2855.0939820742637,5.37,Telecommunications Services,"T-Mobile US, Inc.",2015-01-19,
TMUS,2 weeks,0.05,2015-05-25 00:00:00+08:00,3885.6959913909063,3479.581038135593,11.67,Telecommunications Services,"T-Mobile US, Inc.",2015-05-25,
TMUS,2 weeks,0.05,2015-08-03 00:00:00+08:00,4104.579404793258,3791.597276774025,8.25,Telecommunications Services,"T-Mobile US, Inc.",2015-08-03,
TMUS,2 weeks,0.05,2015-09-14 00:00:00+08:00,4190.584130266218,3955.365232660228,5.95,Telecommunications Services,"T-Mobile US, Inc.",2015-09-14,
TMUS,2 weeks,0.05,2015-12-21 00:00:00+08:00,3944.893876130828,3728.185166370333,5.81,Telecommunications Services,"T-Mobile US, Inc.",2015-12-21,
TMUS,2 weeks,0.05,2016-02-08 00:00:00+08:00,3518.2283795130143,3876.5856410256406,-9.24,Telecommunications Services,"T-Mobile US, Inc.",2016-02-08,
TMUS,2 weeks,0.05,2016-02-22 00:00:00+08:00,3752.512120438887,3518.2283795130143,6.66,Telecommunications Services,"T-Mobile US, Inc.",2016-02-22,
TMUS,2 weeks,0.05,2016-10-17 00:00:00+08:00,4848.138895955227,4605.863906856403,5.26,Telecommunications Services,"T-Mobile US, Inc.",2016-10-17,
TMUS,2 weeks,0.05,2016-11-14 00:00:00+08:00,5350.591904047976,5048.751660705161,5.98,Telecommunications Services,"T-Mobile US, Inc.",2016-11-14,
TMUS,2 weeks,0.05,2017-01-23 00:00:00+08:00,6151.45995423341,5804.666286691365,5.97,Telecommunications Services,"T-Mobile US, Inc.",2017-01-23,
TMUS,2 weeks,0.05,2017-10-30 00:00:00+08:00,5773.777696793003,6141.0564986065365,-5.98,Telecommunications Services,"T-Mobile US, Inc.",2017-10-30,
TMUS,2 weeks,0.05,2018-02-05 00:00:00+08:00,5991.685531496063,6451.906397482958,-7.13,Telecommunications Services,"T-Mobile US, Inc.",2018-02-05,
TMUS,2 weeks,0.05,2018-03-05 00:00:00+08:00,6449.531440162272,6056.39705882353,6.49,Telecommunications Services,"T-Mobile US, Inc.",2018-03-05,
TMUS,2 weeks,0.05,2018-04-30 00:00:00+08:00,5749.403584229391,6332.792148968294,-9.21,Telecommunications Services,"T-Mobile US, Inc.",2018-04-30,
TMUS,2 weeks,0.05,2018-08-06 00:00:00+08:00,6547.14937759336,5980.61395827968,9.47,Telecommunications Services,"T-Mobile US, Inc.",2018-08-06,
TMUS,2 weeks,0.05,2019-01-07 00:00:00+08:00,6761.71421319797,6345.8012008005335,6.55,Telecommunications Services,"T-Mobile US, Inc.",2019-01-07,
TMUS,2 weeks,0.05,2019-02-18 00:00:00+08:00,7267.256262597178,6877.780326197758,5.66,Telecommunications Services,"T-Mobile US, Inc.",2019-02-18,
TMUS,2 weeks,0.05,2020-02-03 00:00:00+08:00,8784.428604276845,8140.048850574712,7.92,Telecommunications Services,"T-Mobile US, Inc.",2020-02-03,
TMUS,2 weeks,0.05,2020-02-17 00:00:00+08:00,9624.912102243088,8784.428604276845,9.57,Telecommunications Services,"T-Mobile US, Inc.",2020-02-17,
TMUS,2 weeks,0.05,2020-03-02 00:00:00+08:00,8614.597300613497,9624.912102243088,-10.5,Telecommunications Services,"T-Mobile US, Inc.",2020-03-02,
TMUS,2 weeks,0.05,2020-03-16 00:00:00+08:00,7822.741284860558,8614.597300613497,-9.19,Telecommunications Services,"T-Mobile US, Inc.",2020-03-16,
TMUS,2 weeks,0.05,2020-03-30 00:00:00+08:00,8495.20882990249,7822.741284860558,8.6,Telecommunications Services,"T-Mobile US, Inc.",2020-03-30,
TMUS,2 weeks,0.05,2020-05-11 00:00:00+08:00,9668.087736544605,8984.030788177339,7.61,Telecommunications Services,"T-Mobile US, Inc.",2020-05-11,
TMUS,2 weeks,0.05,2020-08-03 00:00:00+08:00,11236.17466827503,10538.960978019264,6.62,Telecommunications Services,"T-Mobile US, Inc.",2020-08-03,
TMUS,2 weeks,0.05,2020-11-09 00:00:00+08:00,12717.271536034945,11368.12130600572,11.87,Telecommunications Services,"T-Mobile US, Inc.",2020-11-09,
TMUS,2 weeks,0.05,2021-03-08 00:00:00+08:00,12647.250983284168,12042.170207320196,5.02,Telecommunications Services,"T-Mobile US, Inc.",2021-03-08,
TMUS,2 weeks,0.05,2021-09-06 00:00:00+08:00,13062.959100758397,13873.357142857143,-5.84,Telecommunications Services,"T-Mobile US, Inc.",2021-09-06,
TMUS,2 weeks,0.05,2021-10-04 00:00:00+08:00,12122.644059281589,12773.087675969377,-5.09,Telecommunications Services,"T-Mobile US, Inc.",2021-10-04,
TMUS,2 weeks,0.05,2021-12-13 00:00:00+08:00,11895.577010192525,11261.782673637044,5.63,Telecommunications Services,"T-Mobile US, Inc.",2021-12-13,
TMUS,2 weeks,0.05,2022-01-10 00:00:00+08:00,10740.730737592541,11589.684657671163,-7.33,Telecommunications Services,"T-Mobile US, Inc.",2022-01-10,
TMUS,2 weeks,0.05,2022-02-07 00:00:00+08:00,12528.864530776991,10995.479461592016,13.95,Telecommunications Services,"T-Mobile US, Inc.",2022-02-07,
TMUS,2 weeks,0.05,2022-09-19 00:00:00+08:00,13555.21301775148,14280.417184850197,-5.08,Telecommunications Services,"T-Mobile US, Inc.",2022-09-19,
TMUS,2 weeks,0.05,2022-10-31 00:00:00+08:00,14968.612708018154,13921.86291913215,7.52,Telecommunications Services,"T-Mobile US, Inc.",2022-10-31,
TMUS,2 weeks,0.05,2022-12-12 00:00:00+08:00,14124.117869762746,14899.591722023504,-5.2,Telecommunications Services,"T-Mobile US, Inc.",2022-12-12,
TMUS,2 weeks,0.05,2023-05-29 00:00:00+08:00,13181.762396694216,13985.5524264521,-5.75,Telecommunications Services,"T-Mobile US, Inc.",2023-05-29,
TMUS,2 weeks,0.05,2024-05-27 00:00:00+08:00,17420.81792950319,16396.225102669403,6.25,Telecommunications Services,"T-Mobile US, Inc.",2024-05-27,
TMUS,1 week,0.1,2016-02-08 00:00:00+08:00,3423.78487480838,3858.4844625573105,-11.27,Telecommunications Services,"T-Mobile US, Inc.",2016-02-08,
TMUS,1 week,0.1,2020-02-10 00:00:00+08:00,9309.831377661887,8194.1201171875,13.62,Telecommunications Services,"T-Mobile US, Inc.",2020-02-10,
TMUS,2 weeks,0.1,2015-05-25 00:00:00+08:00,3885.6959913909063,3479.581038135593,11.67,Telecommunications Services,"T-Mobile US, Inc.",2015-05-25,
TMUS,2 weeks,0.1,2020-03-02 00:00:00+08:00,8614.597300613497,9624.912102243088,-10.5,Telecommunications Services,"T-Mobile US, Inc.",2020-03-02,
TMUS,2 weeks,0.1,2020-11-09 00:00:00+08:00,12717.271536034945,11368.12130600572,11.87,Telecommunications Services,"T-Mobile US, Inc.",2020-11-09,
TMUS,2 weeks,0.1,2022-02-07 00:00:00+08:00,12528.864530776991,10995.479461592016,13.95,Telecommunications Services,"T-Mobile US, Inc.",2022-02-07,
TSLA,1 week,0.05,2014-01-13 00:00:00+08:00,16053.320282186947,14844.633455210238,8.14,Auto - Manufacturers,"Tesla, Inc.",2014-01-13,
TSLA,1 week,0.05,2014-01-20 00:00:00+08:00,17696.185043144775,16053.320282186947,10.23,Auto - Manufacturers,"Tesla, Inc.",2014-01-20,
TSLA,1 week,0.05,2014-02-10 00:00:00+08:00,19720.43575017947,17926.07052070521,10.01,Auto - Manufacturers,"Tesla, Inc.",2014-02-10,
TSLA,1 week,0.05,2014-02-17 00:00:00+08:00,20752.365778292777,19720.43575017947,5.23,Auto - Manufacturers,"Tesla, Inc.",2014-02-17,
TSLA,1 week,0.05,2014-02-24 00:00:00+08:00,24591.374928612226,20752.365778292777,18.5,Auto - Manufacturers,"Tesla, Inc.",2014-02-24,
TSLA,1 week,0.05,2014-03-10 00:00:00+08:00,23721.82541436464,25063.367527173912,-5.35,Auto - Manufacturers,"Tesla, Inc.",2014-03-10,
TSLA,1 week,0.05,2014-03-24 00:00:00+08:00,21554.369815668204,23552.852373290425,-8.49,Auto - Manufacturers,"Tesla, Inc.",2014-03-24,
TSLA,1 week,0.05,2014-04-14 00:00:00+08:00,19768.403365384616,20931.61381653454,-5.56,Auto - Manufacturers,"Tesla, Inc.",2014-04-14,
TSLA,1 week,0.05,2014-05-19 00:00:00+08:00,19976.91698595147,18811.099459009572,6.2,Auto - Manufacturers,"Tesla, Inc.",2014-05-19,
TSLA,1 week,0.05,2014-05-26 00:00:00+08:00,21021.784748512713,19976.91698595147,5.23,Auto - Manufacturers,"Tesla, Inc.",2014-05-26,
TSLA,1 week,0.05,2014-06-16 00:00:00+08:00,22699.34428857715,20452.64001747488,10.98,Auto - Manufacturers,"Tesla, Inc.",2014-06-16,
TSLA,1 week,0.05,2014-07-07 00:00:00+08:00,22068.789321192053,23689.842683632156,-6.84,Auto - Manufacturers,"Tesla, Inc.",2014-07-07,
TSLA,1 week,0.05,2014-08-04 00:00:00+08:00,24505.853923541246,22686.31111111111,8.02,Auto - Manufacturers,"Tesla, Inc.",2014-08-04,
TSLA,1 week,0.05,2014-08-11 00:00:00+08:00,26033.372592592594,24505.853923541246,6.23,Auto - Manufacturers,"Tesla, Inc.",2014-08-11,
TSLA,1 week,0.05,2014-09-01 00:00:00+08:00,28173.20741989882,26433.79983693437,6.58,Auto - Manufacturers,"Tesla, Inc.",2014-09-01,
TSLA,1 week,0.05,2014-09-15 00:00:00+08:00,26043.09406713505,28088.50588235294,-7.28,Auto - Manufacturers,"Tesla, Inc.",2014-09-15,
TSLA,1 week,0.05,2014-10-13 00:00:00+08:00,22688.151335311573,25522.9570575056,-11.11,Auto - Manufacturers,"Tesla, Inc.",2014-10-13,
TSLA,1 week,0.05,2014-12-01 00:00:00+08:00,22961.639684516394,24643.975947083585,-6.83,Auto - Manufacturers,"Tesla, Inc.",2014-12-01,
TSLA,1 week,0.05,2014-12-08 00:00:00+08:00,21194.194932570495,22961.639684516394,-7.7,Auto - Manufacturers,"Tesla, Inc.",2014-12-08,
TSLA,1 week,0.05,2014-12-22 00:00:00+08:00,22283.238218205297,20777.22023809524,7.25,Auto - Manufacturers,"Tesla, Inc.",2014-12-22,
TSLA,1 week,0.05,2015-01-05 00:00:00+08:00,20989.926418439714,22266.705848291836,-5.73,Auto - Manufacturers,"Tesla, Inc.",2015-01-05,
TSLA,1 week,0.05,2015-01-12 00:00:00+08:00,19533.51576923077,20989.926418439714,-6.94,Auto - Manufacturers,"Tesla, Inc.",2015-01-12,
TSLA,1 week,0.05,2015-02-02 00:00:00+08:00,21696.373621526247,20434.226587482866,6.18,Auto - Manufacturers,"Tesla, Inc.",2015-02-02,
TSLA,1 week,0.05,2015-04-06 00:00:00+08:00,20639.492454328833,18958.450932286556,8.87,Auto - Manufacturers,"Tesla, Inc.",2015-04-06,
TSLA,1 week,0.05,2015-04-27 00:00:00+08:00,22961.75500204165,21430.29052258636,7.15,Auto - Manufacturers,"Tesla, Inc.",2015-04-27,
TSLA,1 week,0.05,2015-08-10 00:00:00+08:00,24014.18704453441,25526.20903277378,-5.92,Auto - Manufacturers,"Tesla, Inc.",2015-08-10,
TSLA,1 week,0.05,2015-08-24 00:00:00+08:00,23038.863373214976,25025.2847362062,-7.94,Auto - Manufacturers,"Tesla, Inc.",2015-08-24,
TSLA,1 week,0.05,2015-08-31 00:00:00+08:00,24514.68408644401,23038.863373214976,6.41,Auto - Manufacturers,"Tesla, Inc.",2015-08-31,
TSLA,1 week,0.05,2015-09-28 00:00:00+08:00,24676.129966887416,26138.34550195567,-5.59,Auto - Manufacturers,"Tesla, Inc.",2015-09-28,
TSLA,1 week,0.05,2015-10-05 00:00:00+08:00,23338.67509025271,24676.129966887416,-5.42,Auto - Manufacturers,"Tesla, Inc.",2015-10-05,
TSLA,1 week,0.05,2015-10-12 00:00:00+08:00,22013.10290924881,23338.67509025271,-5.68,Auto - Manufacturers,"Tesla, Inc.",2015-10-12,
TSLA,1 week,0.05,2015-11-02 00:00:00+08:00,22399.49512591389,21116.936397400183,6.07,Auto - Manufacturers,"Tesla, Inc.",2015-11-02,
TSLA,1 week,0.05,2016-01-04 00:00:00+08:00,21941.651448639157,23586.619571865445,-6.97,Auto - Manufacturers,"Tesla, Inc.",2016-01-04,
TSLA,1 week,0.05,2016-01-11 00:00:00+08:00,20503.727314814816,21941.651448639157,-6.55,Auto - Manufacturers,"Tesla, Inc.",2016-01-11,
TSLA,1 week,0.05,2016-02-01 00:00:00+08:00,17843.834188034187,19189.337754618664,-7.01,Auto - Manufacturers,"Tesla, Inc.",2016-02-01,
TSLA,1 week,0.05,2016-02-08 00:00:00+08:00,15060.450181818182,17843.834188034187,-15.6,Auto - Manufacturers,"Tesla, Inc.",2016-02-08,
TSLA,1 week,0.05,2016-02-15 00:00:00+08:00,16350.91271551724,15060.450181818182,8.57,Auto - Manufacturers,"Tesla, Inc.",2016-02-15,
TSLA,1 week,0.05,2016-02-22 00:00:00+08:00,17978.215126811592,16350.91271551724,9.95,Auto - Manufacturers,"Tesla, Inc.",2016-02-22,
TSLA,1 week,0.05,2016-02-29 00:00:00+08:00,19244.749107142856,17978.215126811592,7.04,Auto - Manufacturers,"Tesla, Inc.",2016-02-29,
TSLA,1 week,0.05,2016-03-07 00:00:00+08:00,20596.84843049327,19244.749107142856,7.03,Auto - Manufacturers,"Tesla, Inc.",2016-03-07,
TSLA,1 week,0.05,2016-03-14 00:00:00+08:00,22109.15125692373,20596.84843049327,7.34,Auto - Manufacturers,"Tesla, Inc.",2016-03-14,
TSLA,1 week,0.05,2016-04-04 00:00:00+08:00,25354.061581525544,23299.484227129335,8.82,Auto - Manufacturers,"Tesla, Inc.",2016-04-04,
TSLA,1 week,0.05,2016-05-02 00:00:00+08:00,22583.566706972997,25012.548639926234,-9.71,Auto - Manufacturers,"Tesla, Inc.",2016-05-02,
TSLA,1 week,0.05,2016-05-09 00:00:00+08:00,20907.783302919706,22583.566706972997,-7.42,Auto - Manufacturers,"Tesla, Inc.",2016-05-09,
TSLA,1 week,0.05,2016-06-20 00:00:00+08:00,20268.92962581531,21811.437908496733,-7.07,Auto - Manufacturers,"Tesla, Inc.",2016-06-20,
TSLA,1 week,0.05,2016-08-29 00:00:00+08:00,20795.29011786038,22340.03169185763,-6.91,Auto - Manufacturers,"Tesla, Inc.",2016-08-29,
TSLA,1 week,0.05,2016-10-31 00:00:00+08:00,19170.44235924933,20419.296787148593,-6.12,Auto - Manufacturers,"Tesla, Inc.",2016-10-31,
TSLA,1 week,0.05,2016-12-12 00:00:00+08:00,19835.546577946767,18874.08695652174,5.09,Auto - Manufacturers,"Tesla, Inc.",2016-12-12,
TSLA,1 week,0.05,2017-02-13 00:00:00+08:00,27639.141962421712,26297.199478487615,5.1,Auto - Manufacturers,"Tesla, Inc.",2017-02-13,
TSLA,1 week,0.05,2017-02-27 00:00:00+08:00,24928.468220338986,26800.134913793103,-6.98,Auto - Manufacturers,"Tesla, Inc.",2017-02-27,
TSLA,1 week,0.05,2017-03-27 00:00:00+08:00,27556.041101694915,25729.657361548852,7.1,Auto - Manufacturers,"Tesla, Inc.",2017-03-27,
TSLA,1 week,0.05,2017-04-03 00:00:00+08:00,29834.878709198812,27556.041101694915,8.27,Auto - Manufacturers,"Tesla, Inc.",2017-04-03,
TSLA,1 week,0.05,2017-05-29 00:00:00+08:00,33815.18874680307,31192.449477351915,8.41,Auto - Manufacturers,"Tesla, Inc.",2017-05-29,
TSLA,1 week,0.05,2017-06-05 00:00:00+08:00,35768.581864904554,33815.18874680307,5.78,Auto - Manufacturers,"Tesla, Inc.",2017-06-05,
TSLA,1 week,0.05,2017-07-03 00:00:00+08:00,32862.59666937449,36879.30735294118,-10.89,Auto - Manufacturers,"Tesla, Inc.",2017-07-03,
TSLA,1 week,0.05,2017-08-07 00:00:00+08:00,36051.882397286085,33577.353059177534,7.37,Auto - Manufacturers,"Tesla, Inc.",2017-08-07,
TSLA,1 week,0.05,2017-09-11 00:00:00+08:00,36727.91919606234,34783.87929061785,5.59,Auto - Manufacturers,"Tesla, Inc.",2017-09-11,
TSLA,1 week,0.05,2017-09-25 00:00:00+08:00,34399.170978173,37278.81684382666,-7.72,Auto - Manufacturers,"Tesla, Inc.",2017-09-25,
TSLA,1 week,0.05,2017-10-23 00:00:00+08:00,33195.09265944645,35288.73515178178,-5.93,Auto - Manufacturers,"Tesla, Inc.",2017-10-23,
TSLA,1 week,0.05,2017-10-30 00:00:00+08:00,31296.22686567164,33195.09265944645,-5.72,Auto - Manufacturers,"Tesla, Inc.",2017-10-30,
TSLA,1 week,0.05,2017-12-11 00:00:00+08:00,33703.66149448755,30929.555702333775,8.97,Auto - Manufacturers,"Tesla, Inc.",2017-12-11,
TSLA,1 week,0.05,2017-12-25 00:00:00+08:00,31452.783661971833,33340.86822388718,-5.66,Auto - Manufacturers,"Tesla, Inc.",2017-12-25,
TSLA,1 week,0.05,2018-01-08 00:00:00+08:00,33540.34873583261,31588.3056246889,6.18,Auto - Manufacturers,"Tesla, Inc.",2018-01-08,
TSLA,1 week,0.05,2018-02-05 00:00:00+08:00,33015.729815864026,34829.02922940655,-5.21,Auto - Manufacturers,"Tesla, Inc.",2018-02-05,
TSLA,1 week,0.05,2018-02-19 00:00:00+08:00,34249.34159779614,32455.013185878353,5.53,Auto - Manufacturers,"Tesla, Inc.",2018-02-19,
TSLA,1 week,0.05,2018-03-19 00:00:00+08:00,31190.29785443837,33272.105923043666,-6.26,Auto - Manufacturers,"Tesla, Inc.",2018-03-19,
TSLA,1 week,0.05,2018-03-26 00:00:00+08:00,27591.872570194384,31190.29785443837,-11.54,Auto - Manufacturers,"Tesla, Inc.",2018-03-26,
TSLA,1 week,0.05,2018-04-09 00:00:00+08:00,30073.310995927433,27640.797385620917,8.8,Auto - Manufacturers,"Tesla, Inc.",2018-04-09,
TSLA,1 week,0.05,2018-05-14 00:00:00+08:00,28677.12816455696,30312.223996723995,-5.39,Auto - Manufacturers,"Tesla, Inc.",2018-05-14,
TSLA,1 week,0.05,2018-06-04 00:00:00+08:00,30741.313063063066,28652.40717299578,7.29,Auto - Manufacturers,"Tesla, Inc.",2018-06-04,
TSLA,1 week,0.05,2018-06-11 00:00:00+08:00,34593.9897680764,30741.313063063066,12.53,Auto - Manufacturers,"Tesla, Inc.",2018-06-11,
TSLA,1 week,0.05,2018-07-02 00:00:00+08:00,32310.31971261787,34244.71298750473,-5.65,Auto - Manufacturers,"Tesla, Inc.",2018-07-02,
TSLA,1 week,0.05,2018-07-30 00:00:00+08:00,31694.562732499155,30160.3128383604,5.09,Auto - Manufacturers,"Tesla, Inc.",2018-07-30,
TSLA,1 week,0.05,2018-08-06 00:00:00+08:00,35944.32827630729,31694.562732499155,13.41,Auto - Manufacturers,"Tesla, Inc.",2018-08-06,
TSLA,1 week,0.05,2018-08-13 00:00:00+08:00,33905.48466046191,35944.32827630729,-5.67,Auto - Manufacturers,"Tesla, Inc.",2018-08-13,
TSLA,1 week,0.05,2018-08-20 00:00:00+08:00,31461.07385303991,33905.48466046191,-7.21,Auto - Manufacturers,"Tesla, Inc.",2018-08-20,
TSLA,1 week,0.05,2018-09-03 00:00:00+08:00,28032.390467861827,30823.58990291262,-9.06,Auto - Manufacturers,"Tesla, Inc.",2018-09-03,
TSLA,1 week,0.05,2018-10-08 00:00:00+08:00,25683.999661475966,29193.30195325008,-12.02,Auto - Manufacturers,"Tesla, Inc.",2018-10-08,
TSLA,1 week,0.05,2018-10-22 00:00:00+08:00,29804.135537682458,26622.72213622291,11.95,Auto - Manufacturers,"Tesla, Inc.",2018-10-22,
TSLA,1 week,0.05,2018-10-29 00:00:00+08:00,33867.1950680898,29804.135537682458,13.63,Auto - Manufacturers,"Tesla, Inc.",2018-10-29,
TSLA,1 week,0.05,2018-12-03 00:00:00+08:00,36260.08008752735,34313.57352941176,5.67,Auto - Manufacturers,"Tesla, Inc.",2018-12-03,
TSLA,1 week,0.05,2018-12-17 00:00:00+08:00,33589.79529130088,36823.216285924835,-8.78,Auto - Manufacturers,"Tesla, Inc.",2018-12-17,
TSLA,1 week,0.05,2018-12-24 00:00:00+08:00,31344.34895568008,33589.79529130088,-6.68,Auto - Manufacturers,"Tesla, Inc.",2018-12-24,
TSLA,1 week,0.05,2019-01-07 00:00:00+08:00,33782.58435401027,31360.350136239784,7.72,Auto - Manufacturers,"Tesla, Inc.",2019-01-07,
TSLA,1 week,0.05,2019-01-21 00:00:00+08:00,29344.16979484941,33543.04459823145,-12.52,Auto - Manufacturers,"Tesla, Inc.",2019-01-21,
TSLA,1 week,0.05,2019-03-04 00:00:00+08:00,28125.133061778684,30381.602634115,-7.43,Auto - Manufacturers,"Tesla, Inc.",2019-03-04,
TSLA,1 week,0.05,2019-03-18 00:00:00+08:00,26989.688069908814,28546.389374579692,-5.45,Auto - Manufacturers,"Tesla, Inc.",2019-03-18,
TSLA,1 week,0.05,2019-04-22 00:00:00+08:00,25552.204379562045,27014.72108495394,-5.41,Auto - Manufacturers,"Tesla, Inc.",2019-04-22,
TSLA,1 week,0.05,2019-04-29 00:00:00+08:00,24198.547579298833,25552.204379562045,-5.3,Auto - Manufacturers,"Tesla, Inc.",2019-04-29,
TSLA,1 week,0.05,2019-05-13 00:00:00+08:00,22691.90664729386,24635.493492004465,-7.89,Auto - Manufacturers,"Tesla, Inc.",2019-05-13,
TSLA,1 week,0.05,2019-05-20 00:00:00+08:00,19755.729325430424,22691.90664729386,-12.94,Auto - Manufacturers,"Tesla, Inc.",2019-05-20,
TSLA,1 week,0.05,2019-06-10 00:00:00+08:00,21459.041032428857,19548.75941837409,9.77,Auto - Manufacturers,"Tesla, Inc.",2019-06-10,
TSLA,1 week,0.05,2019-07-15 00:00:00+08:00,25333.28757440476,23562.714627341567,7.51,Auto - Manufacturers,"Tesla, Inc.",2019-07-15,
TSLA,1 week,0.05,2019-09-09 00:00:00+08:00,24058.513816925737,22595.169334021684,6.48,Auto - Manufacturers,"Tesla, Inc.",2019-09-09,
TSLA,1 week,0.05,2019-10-14 00:00:00+08:00,25849.385047536733,24263.176445396144,6.54,Auto - Manufacturers,"Tesla, Inc.",2019-10-14,
TSLA,1 week,0.05,2019-10-21 00:00:00+08:00,28119.098399727613,25849.385047536733,8.78,Auto - Manufacturers,"Tesla, Inc.",2019-10-21,
TSLA,1 week,0.05,2019-10-28 00:00:00+08:00,31824.152071931196,28119.098399727613,13.18,Auto - Manufacturers,"Tesla, Inc.",2019-10-28,
TSLA,1 week,0.05,2019-11-11 00:00:00+08:00,34856.863412788494,32589.95405513384,6.96,Auto - Manufacturers,"Tesla, Inc.",2019-11-11,
TSLA,1 week,0.05,2019-12-09 00:00:00+08:00,35228.877941763065,33452.527272727275,5.31,Auto - Manufacturers,"Tesla, Inc.",2019-12-09,
TSLA,1 week,0.05,2019-12-16 00:00:00+08:00,39073.81821341675,35228.877941763065,10.91,Auto - Manufacturers,"Tesla, Inc.",2019-12-16,
TSLA,1 week,0.05,2019-12-23 00:00:00+08:00,42522.154751131224,39073.81821341675,8.83,Auto - Manufacturers,"Tesla, Inc.",2019-12-23,
TSLA,1 week,0.05,2020-01-06 00:00:00+08:00,47219.83183098591,42646.052276559865,10.72,Auto - Manufacturers,"Tesla, Inc.",2020-01-06,
TSLA,1 week,0.05,2020-01-13 00:00:00+08:00,51838.39230976069,47219.83183098591,9.78,Auto - Manufacturers,"Tesla, Inc.",2020-01-13,
TSLA,1 week,0.05,2020-01-20 00:00:00+08:00,56113.29698457223,51838.39230976069,8.25,Auto - Manufacturers,"Tesla, Inc.",2020-01-20,
TSLA,1 week,0.05,2020-01-27 00:00:00+08:00,59963.1620871496,56113.29698457223,6.86,Auto - Manufacturers,"Tesla, Inc.",2020-01-27,
TSLA,1 week,0.05,2020-02-03 00:00:00+08:00,78026.10097137015,59963.1620871496,30.12,Auto - Manufacturers,"Tesla, Inc.",2020-02-03,
TSLA,1 week,0.05,2020-02-17 00:00:00+08:00,89078.88907506703,78116.4331228473,14.03,Auto - Manufacturers,"Tesla, Inc.",2020-02-17,
TSLA,1 week,0.05,2020-02-24 00:00:00+08:00,75854.88047182176,89078.88907506703,-14.85,Auto - Manufacturers,"Tesla, Inc.",2020-02-24,
TSLA,1 week,0.05,2020-03-09 00:00:00+08:00,60177.91365979382,73070.45758564437,-17.64,Auto - Manufacturers,"Tesla, Inc.",2020-03-09,
TSLA,1 week,0.05,2020-03-16 00:00:00+08:00,42309.38822652757,60177.91365979382,-29.69,Auto - Manufacturers,"Tesla, Inc.",2020-03-16,
TSLA,1 week,0.05,2020-03-23 00:00:00+08:00,50064.97573839662,42309.38822652757,18.33,Auto - Manufacturers,"Tesla, Inc.",2020-03-23,
TSLA,1 week,0.05,2020-04-06 00:00:00+08:00,54245.844273743016,50048.51816657351,8.39,Auto - Manufacturers,"Tesla, Inc.",2020-04-06,
TSLA,1 week,0.05,2020-04-13 00:00:00+08:00,71424.15024440443,54245.844273743016,31.67,Auto - Manufacturers,"Tesla, Inc.",2020-04-13,
TSLA,1 week,0.05,2020-04-27 00:00:00+08:00,78433.43860156024,71937.29485226926,9.03,Auto - Manufacturers,"Tesla, Inc.",2020-04-27,
TSLA,1 week,0.05,2020-06-01 00:00:00+08:00,88216.94324512534,81736.138712602,7.93,Auto - Manufacturers,"Tesla, Inc.",2020-06-01,
TSLA,1 week,0.05,2020-06-08 00:00:00+08:00,96373.55108728031,88216.94324512534,9.25,Auto - Manufacturers,"Tesla, Inc.",2020-06-08,
TSLA,1 week,0.05,2020-06-29 00:00:00+08:00,109771.2808056872,98167.01214574899,11.82,Auto - Manufacturers,"Tesla, Inc.",2020-06-29,
TSLA,1 week,0.05,2020-07-06 00:00:00+08:00,138678.0537938845,109771.2808056872,26.33,Auto - Manufacturers,"Tesla, Inc.",2020-07-06,
TSLA,1 week,0.05,2020-07-13 00:00:00+08:00,153945.37563451775,138678.0537938845,11.01,Auto - Manufacturers,"Tesla, Inc.",2020-07-13,
TSLA,1 week,0.05,2020-08-17 00:00:00+08:00,191599.00246078128,152995.59589905362,25.23,Auto - Manufacturers,"Tesla, Inc.",2020-08-17,
TSLA,1 week,0.05,2020-08-24 00:00:00+08:00,212778.7822855373,191599.00246078128,11.05,Auto - Manufacturers,"Tesla, Inc.",2020-08-24,
TSLA,1 week,0.05,2020-08-31 00:00:00+08:00,44744.42192192192,212778.7822855373,-78.97,Auto - Manufacturers,"Tesla, Inc.",2020-08-31,
TSLA,1 week,0.05,2020-09-07 00:00:00+08:00,36453.80435366837,44744.42192192192,-18.53,Auto - Manufacturers,"Tesla, Inc.",2020-09-07,
TSLA,1 week,0.05,2020-09-14 00:00:00+08:00,43190.12136139722,36453.80435366837,18.48,Auto - Manufacturers,"Tesla, Inc.",2020-09-14,
TSLA,1 week,0.05,2020-09-21 00:00:00+08:00,40815.183005089624,43190.12136139722,-5.5,Auto - Manufacturers,"Tesla, Inc.",2020-09-21,
TSLA,1 week,0.05,2020-10-12 00:00:00+08:00,44818.931823899366,42569.72378064191,5.28,Auto - Manufacturers,"Tesla, Inc.",2020-10-12,
TSLA,1 week,0.05,2020-11-16 00:00:00+08:00,46608.83585365854,41716.2652781584,11.73,Auto - Manufacturers,"Tesla, Inc.",2020-11-16,
TSLA,1 week,0.05,2020-11-23 00:00:00+08:00,55142.143878185205,46608.83585365854,18.31,Auto - Manufacturers,"Tesla, Inc.",2020-11-23,
TSLA,1 week,0.05,2020-11-30 00:00:00+08:00,58525.28770748136,55142.143878185205,6.14,Auto - Manufacturers,"Tesla, Inc.",2020-11-30,
TSLA,1 week,0.05,2020-12-07 00:00:00+08:00,62307.77796091358,58525.28770748136,6.46,Auto - Manufacturers,"Tesla, Inc.",2020-12-07,
TSLA,1 week,0.05,2021-01-04 00:00:00+08:00,77959.6649520692,62963.47558991049,23.82,Auto - Manufacturers,"Tesla, Inc.",2021-01-04,
TSLA,1 week,0.05,2021-01-11 00:00:00+08:00,84329.8341621084,77959.6649520692,8.17,Auto - Manufacturers,"Tesla, Inc.",2021-01-11,
TSLA,1 week,0.05,2021-02-22 00:00:00+08:00,70646.48404632474,79083.07310893956,-10.67,Auto - Manufacturers,"Tesla, Inc.",2021-02-22,
TSLA,1 week,0.05,2021-03-01 00:00:00+08:00,65677.70412399668,70646.48404632474,-7.03,Auto - Manufacturers,"Tesla, Inc.",2021-03-01,
TSLA,1 week,0.05,2021-04-05 00:00:00+08:00,68695.30020461854,64035.07210750574,7.28,Auto - Manufacturers,"Tesla, Inc.",2021-04-05,
TSLA,1 week,0.05,2021-04-12 00:00:00+08:00,73374.50533515732,68695.30020461854,6.81,Auto - Manufacturers,"Tesla, Inc.",2021-04-12,
TSLA,1 week,0.05,2021-05-10 00:00:00+08:00,60253.007832898176,67483.23086018328,-10.71,Auto - Manufacturers,"Tesla, Inc.",2021-05-10,
TSLA,1 week,0.05,2021-05-24 00:00:00+08:00,61374.722255729794,57606.02976501305,6.54,Auto - Manufacturers,"Tesla, Inc.",2021-05-24,
TSLA,1 week,0.05,2021-06-21 00:00:00+08:00,65344.97763939994,61089.75883922615,6.97,Auto - Manufacturers,"Tesla, Inc.",2021-06-21,
TSLA,1 week,0.05,2021-08-02 00:00:00+08:00,71122.4939309057,66165.68668784291,7.49,Auto - Manufacturers,"Tesla, Inc.",2021-08-02,
TSLA,1 week,0.05,2021-10-18 00:00:00+08:00,87597.84550561798,81269.50857142858,7.79,Auto - Manufacturers,"Tesla, Inc.",2021-10-18,
TSLA,1 week,0.05,2021-10-25 00:00:00+08:00,104388.08474142344,87597.84550561798,19.17,Auto - Manufacturers,"Tesla, Inc.",2021-10-25,
TSLA,1 week,0.05,2021-11-01 00:00:00+08:00,119495.76625031864,104388.08474142344,14.47,Auto - Manufacturers,"Tesla, Inc.",2021-11-01,
TSLA,1 week,0.05,2021-11-08 00:00:00+08:00,108657.21319927817,119495.76625031864,-9.07,Auto - Manufacturers,"Tesla, Inc.",2021-11-08,
TSLA,1 week,0.05,2021-11-22 00:00:00+08:00,112723.12258543832,106548.1233108108,5.8,Auto - Manufacturers,"Tesla, Inc.",2021-11-22,
TSLA,1 week,0.05,2021-12-06 00:00:00+08:00,102604.09025166328,110480.56275071632,-7.13,Auto - Manufacturers,"Tesla, Inc.",2021-12-06,
TSLA,1 week,0.05,2021-12-13 00:00:00+08:00,95221.74385474861,102604.09025166328,-7.19,Auto - Manufacturers,"Tesla, Inc.",2021-12-13,
TSLA,1 week,0.05,2021-12-27 00:00:00+08:00,108552.16393442624,96775.57861213545,12.17,Auto - Manufacturers,"Tesla, Inc.",2021-12-27,
TSLA,1 week,0.05,2022-01-10 00:00:00+08:00,105633.44490586931,111669.9385896435,-5.41,Auto - Manufacturers,"Tesla, Inc.",2022-01-10,
TSLA,1 week,0.05,2022-01-24 00:00:00+08:00,89603.24163479923,100659.17733652858,-10.98,Auto - Manufacturers,"Tesla, Inc.",2022-01-24,
TSLA,1 week,0.05,2022-02-21 00:00:00+08:00,79097.76556420233,88952.22375939849,-11.08,Auto - Manufacturers,"Tesla, Inc.",2022-02-21,
TSLA,1 week,0.05,2022-02-28 00:00:00+08:00,85455.01189785257,79097.76556420233,8.04,Auto - Manufacturers,"Tesla, Inc.",2022-02-28,
TSLA,1 week,0.05,2022-03-21 00:00:00+08:00,97886.63234042552,82494.92325581395,18.66,Auto - Manufacturers,"Tesla, Inc.",2022-03-21,
TSLA,1 week,0.05,2022-03-28 00:00:00+08:00,108962.15692915607,97886.63234042552,11.31,Auto - Manufacturers,"Tesla, Inc.",2022-03-28,
TSLA,1 week,0.05,2022-04-11 00:00:00+08:00,99337.91873038019,107606.02127659574,-7.68,Auto - Manufacturers,"Tesla, Inc.",2022-04-11,
TSLA,1 week,0.05,2022-04-25 00:00:00+08:00,91076.82225237448,101573.63356164384,-10.33,Auto - Manufacturers,"Tesla, Inc.",2022-04-25,
TSLA,1 week,0.05,2022-05-09 00:00:00+08:00,77451.48417473189,89292.68262737876,-13.26,Auto - Manufacturers,"Tesla, Inc.",2022-05-09,
TSLA,1 week,0.05,2022-05-16 00:00:00+08:00,71968.8362979433,77451.48417473189,-7.08,Auto - Manufacturers,"Tesla, Inc.",2022-05-16,
TSLA,1 week,0.05,2022-05-23 00:00:00+08:00,67833.15783870108,71968.8362979433,-5.75,Auto - Manufacturers,"Tesla, Inc.",2022-05-23,
TSLA,1 week,0.05,2022-05-30 00:00:00+08:00,74917.96827021494,67833.15783870108,10.44,Auto - Manufacturers,"Tesla, Inc.",2022-05-30,
TSLA,1 week,0.05,2022-06-13 00:00:00+08:00,66062.1047120419,72000.80048727666,-8.25,Auto - Manufacturers,"Tesla, Inc.",2022-06-13,
TSLA,1 week,0.05,2022-06-20 00:00:00+08:00,71114.37927598805,66062.1047120419,7.65,Auto - Manufacturers,"Tesla, Inc.",2022-06-20,
TSLA,1 week,0.05,2022-07-18 00:00:00+08:00,76593.42617176917,71121.5552013909,7.69,Auto - Manufacturers,"Tesla, Inc.",2022-07-18,
TSLA,1 week,0.05,2022-07-25 00:00:00+08:00,82237.84604398742,76593.42617176917,7.37,Auto - Manufacturers,"Tesla, Inc.",2022-07-25,
TSLA,1 week,0.05,2022-08-01 00:00:00+08:00,90733.29842632332,82237.84604398742,10.33,Auto - Manufacturers,"Tesla, Inc.",2022-08-01,
TSLA,1 week,0.05,2022-08-22 00:00:00+08:00,60585.838218714765,91167.56074766356,-33.54,Auto - Manufacturers,"Tesla, Inc.",2022-08-22,
TSLA,1 week,0.05,2022-08-29 00:00:00+08:00,27798.271688942892,60585.838218714765,-54.12,Auto - Manufacturers,"Tesla, Inc.",2022-08-29,
TSLA,1 week,0.05,2022-09-12 00:00:00+08:00,30043.084366062914,28328.762621196925,6.05,Auto - Manufacturers,"Tesla, Inc.",2022-09-12,
TSLA,1 week,0.05,2022-09-26 00:00:00+08:00,28004.994361865713,29831.25401701323,-6.12,Auto - Manufacturers,"Tesla, Inc.",2022-09-26,
TSLA,1 week,0.05,2022-10-03 00:00:00+08:00,24108.247912801486,28004.994361865713,-13.91,Auto - Manufacturers,"Tesla, Inc.",2022-10-03,
TSLA,1 week,0.05,2022-10-10 00:00:00+08:00,21780.01619620546,24108.247912801486,-9.66,Auto - Manufacturers,"Tesla, Inc.",2022-10-10,
TSLA,1 week,0.05,2022-11-07 00:00:00+08:00,19176.952273750565,22131.333746898265,-13.35,Auto - Manufacturers,"Tesla, Inc.",2022-11-07,
TSLA,1 week,0.05,2022-11-21 00:00:00+08:00,17565.662515566622,18859.261371841156,-6.86,Auto - Manufacturers,"Tesla, Inc.",2022-11-21,
TSLA,1 week,0.05,2022-11-28 00:00:00+08:00,18816.71225838023,17565.662515566622,7.12,Auto - Manufacturers,"Tesla, Inc.",2022-11-28,
TSLA,1 week,0.05,2022-12-05 00:00:00+08:00,17827.93211678832,18816.71225838023,-5.25,Auto - Manufacturers,"Tesla, Inc.",2022-12-05,
TSLA,1 week,0.05,2022-12-12 00:00:00+08:00,16086.20017873101,17827.93211678832,-9.77,Auto - Manufacturers,"Tesla, Inc.",2022-12-12,
TSLA,1 week,0.05,2022-12-19 00:00:00+08:00,13788.120593293208,16086.20017873101,-14.29,Auto - Manufacturers,"Tesla, Inc.",2022-12-19,
TSLA,1 week,0.05,2022-12-26 00:00:00+08:00,11677.748688352573,13788.120593293208,-15.31,Auto - Manufacturers,"Tesla, Inc.",2022-12-26,
TSLA,1 week,0.05,2023-01-02 00:00:00+08:00,11076.84803256445,11677.748688352573,-5.15,Auto - Manufacturers,"Tesla, Inc.",2023-01-02,
TSLA,1 week,0.05,2023-01-09 00:00:00+08:00,12027.69731632204,11076.84803256445,8.58,Auto - Manufacturers,"Tesla, Inc.",2023-01-09,
TSLA,1 week,0.05,2023-01-16 00:00:00+08:00,12937.780252213575,12027.69731632204,7.57,Auto - Manufacturers,"Tesla, Inc.",2023-01-16,
TSLA,1 week,0.05,2023-01-23 00:00:00+08:00,15102.763594373295,12937.780252213575,16.73,Auto - Manufacturers,"Tesla, Inc.",2023-01-23,
TSLA,1 week,0.05,2023-01-30 00:00:00+08:00,17936.444090136054,15102.763594373295,18.76,Auto - Manufacturers,"Tesla, Inc.",2023-01-30,
TSLA,1 week,0.05,2023-02-06 00:00:00+08:00,19929.67960526316,17936.444090136054,11.11,Auto - Manufacturers,"Tesla, Inc.",2023-02-06,
TSLA,1 week,0.05,2023-03-06 00:00:00+08:00,18436.17007434944,20063.81851771354,-8.11,Auto - Manufacturers,"Tesla, Inc.",2023-03-06,
TSLA,1 week,0.05,2023-03-20 00:00:00+08:00,19099.765434782606,18071.746461151302,5.69,Auto - Manufacturers,"Tesla, Inc.",2023-03-20,
TSLA,1 week,0.05,2023-04-24 00:00:00+08:00,15990.295934236836,17576.1378021978,-9.02,Auto - Manufacturers,"Tesla, Inc.",2023-04-24,
TSLA,1 week,0.05,2023-05-22 00:00:00+08:00,18625.934556710148,17225.77448541054,8.13,Auto - Manufacturers,"Tesla, Inc.",2023-05-22,
TSLA,1 week,0.05,2023-05-29 00:00:00+08:00,20453.90436933223,18625.934556710148,9.81,Auto - Manufacturers,"Tesla, Inc.",2023-05-29,
TSLA,1 week,0.05,2023-06-05 00:00:00+08:00,22824.188578734284,20453.90436933223,11.59,Auto - Manufacturers,"Tesla, Inc.",2023-06-05,
TSLA,1 week,0.05,2023-06-12 00:00:00+08:00,25527.972944184065,22824.188578734284,11.85,Auto - Manufacturers,"Tesla, Inc.",2023-06-12,
TSLA,1 week,0.05,2023-07-03 00:00:00+08:00,27815.50890081944,25335.988970588234,9.79,Auto - Manufacturers,"Tesla, Inc.",2023-07-03,
TSLA,1 week,0.05,2023-07-24 00:00:00+08:00,26481.14922737307,28090.348654945985,-5.73,Auto - Manufacturers,"Tesla, Inc.",2023-07-24,
TSLA,1 week,0.05,2023-08-14 00:00:00+08:00,22773.228047182176,24664.130537229026,-7.67,Auto - Manufacturers,"Tesla, Inc.",2023-08-14,
TSLA,1 week,0.05,2023-08-28 00:00:00+08:00,25035.186694290976,23336.423996490455,7.28,Auto - Manufacturers,"Tesla, Inc.",2023-08-28,
TSLA,1 week,0.05,2023-09-11 00:00:00+08:00,27174.32688888889,25061.578358208957,8.43,Auto - Manufacturers,"Tesla, Inc.",2023-09-11,
TSLA,1 week,0.05,2023-09-25 00:00:00+08:00,24510.9667721519,26171.73798131693,-6.35,Auto - Manufacturers,"Tesla, Inc.",2023-09-25,
TSLA,1 week,0.05,2023-10-16 00:00:00+08:00,23715.68833220492,25969.026121128063,-8.68,Auto - Manufacturers,"Tesla, Inc.",2023-10-16,
TSLA,1 week,0.05,2023-10-23 00:00:00+08:00,21176.644895229605,23715.68833220492,-10.71,Auto - Manufacturers,"Tesla, Inc.",2023-10-23,
TSLA,1 week,0.05,2023-11-13 00:00:00+08:00,23341.212094653813,21707.576637407157,7.53,Auto - Manufacturers,"Tesla, Inc.",2023-11-13,
TSLA,1 week,0.05,2024-01-01 00:00:00+08:00,24177.96584659913,25668.465773376058,-5.81,Auto - Manufacturers,"Tesla, Inc.",2024-01-01,
TSLA,1 week,0.05,2024-01-15 00:00:00+08:00,21434.00417827298,23128.56502554575,-7.33,Auto - Manufacturers,"Tesla, Inc.",2024-01-15,
TSLA,1 week,0.05,2024-01-22 00:00:00+08:00,19934.85131578947,21434.00417827298,-6.99,Auto - Manufacturers,"Tesla, Inc.",2024-01-22,
TSLA,1 week,0.05,2024-01-29 00:00:00+08:00,18875.490209020903,19934.85131578947,-5.31,Auto - Manufacturers,"Tesla, Inc.",2024-01-29,
TSLA,1 week,0.05,2024-03-04 00:00:00+08:00,18143.100858841663,19960.91962421712,-9.11,Auto - Manufacturers,"Tesla, Inc.",2024-03-04,
TSLA,1 week,0.05,2024-03-11 00:00:00+08:00,17089.76737364621,18143.100858841663,-5.81,Auto - Manufacturers,"Tesla, Inc.",2024-03-11,
TSLA,1 week,0.05,2024-04-15 00:00:00+08:00,15566.34348113832,17297.673483616083,-10.01,Auto - Manufacturers,"Tesla, Inc.",2024-04-15,
TSLA,1 week,0.05,2024-04-29 00:00:00+08:00,18381.509751773046,15735.323006932407,16.82,Auto - Manufacturers,"Tesla, Inc.",2024-04-29,
TSLA,1 week,0.05,2024-07-01 00:00:00+08:00,22946.155524475525,19138.70744163424,19.89,Auto - Manufacturers,"Tesla, Inc.",2024-07-01,
TSLA,1 week,0.05,2024-07-08 00:00:00+08:00,25383.119140625,22946.155524475525,10.62,Auto - Manufacturers,"Tesla, Inc.",2024-07-08,
TSLA,1 week,0.05,2024-07-22 00:00:00+08:00,23106.21563929427,25166.320543740407,-8.19,Auto - Manufacturers,"Tesla, Inc.",2024-07-22,
TSLA,2 weeks,0.05,2014-01-20 00:00:00+08:00,17711.907264957263,15526.82082420864,14.07,Auto - Manufacturers,"Tesla, Inc.",2014-01-20,
TSLA,2 weeks,0.05,2014-02-03 00:00:00+08:00,18882.836363636365,17711.907264957263,6.61,Auto - Manufacturers,"Tesla, Inc.",2014-02-03,
TSLA,2 weeks,0.05,2014-02-17 00:00:00+08:00,22959.59120013134,18882.836363636365,21.59,Auto - Manufacturers,"Tesla, Inc.",2014-02-17,
TSLA,2 weeks,0.05,2014-03-03 00:00:00+08:00,24419.740236790953,22959.59120013134,6.36,Auto - Manufacturers,"Tesla, Inc.",2014-03-03,
TSLA,2 weeks,0.05,2014-03-17 00:00:00+08:00,22530.445972495087,24419.740236790953,-7.74,Auto - Manufacturers,"Tesla, Inc.",2014-03-17,
TSLA,2 weeks,0.05,2014-04-14 00:00:00+08:00,20283.259020618556,21433.23630387144,-5.37,Auto - Manufacturers,"Tesla, Inc.",2014-04-14,
TSLA,2 weeks,0.05,2014-05-26 00:00:00+08:00,20780.657637872133,19387.38425925926,7.19,Auto - Manufacturers,"Tesla, Inc.",2014-05-26,
TSLA,2 weeks,0.05,2014-06-23 00:00:00+08:00,23655.612184976755,21624.36392140468,9.39,Auto - Manufacturers,"Tesla, Inc.",2014-06-23,
TSLA,2 weeks,0.05,2014-07-07 00:00:00+08:00,22051.581653640475,23655.612184976755,-6.78,Auto - Manufacturers,"Tesla, Inc.",2014-07-07,
TSLA,2 weeks,0.05,2014-08-04 00:00:00+08:00,25301.2831243973,22480.605521472393,12.55,Auto - Manufacturers,"Tesla, Inc.",2014-08-04,
TSLA,2 weeks,0.05,2014-09-01 00:00:00+08:00,28130.785353535353,26079.461763476807,7.87,Auto - Manufacturers,"Tesla, Inc.",2014-09-01,
TSLA,2 weeks,0.05,2014-09-15 00:00:00+08:00,25496.84828973843,28130.785353535353,-9.36,Auto - Manufacturers,"Tesla, Inc.",2014-09-15,
TSLA,2 weeks,0.05,2014-10-13 00:00:00+08:00,22971.544812708376,25096.7291585886,-8.47,Auto - Manufacturers,"Tesla, Inc.",2014-10-13,
TSLA,2 weeks,0.05,2014-11-10 00:00:00+08:00,25003.7842217484,23806.386231476274,5.03,Auto - Manufacturers,"Tesla, Inc.",2014-11-10,
TSLA,2 weeks,0.05,2014-11-24 00:00:00+08:00,23648.703831041257,25003.7842217484,-5.42,Auto - Manufacturers,"Tesla, Inc.",2014-11-24,
TSLA,2 weeks,0.05,2014-12-08 00:00:00+08:00,20982.64344674854,23648.703831041257,-11.27,Auto - Manufacturers,"Tesla, Inc.",2014-12-08,
TSLA,2 weeks,0.05,2014-12-22 00:00:00+08:00,22274.522893772897,20982.64344674854,6.16,Auto - Manufacturers,"Tesla, Inc.",2014-12-22,
TSLA,2 weeks,0.05,2015-01-05 00:00:00+08:00,20210.134884678748,22274.522893772897,-9.27,Auto - Manufacturers,"Tesla, Inc.",2015-01-05,
TSLA,2 weeks,0.05,2015-02-02 00:00:00+08:00,21213.530680258773,20088.35077758578,5.6,Auto - Manufacturers,"Tesla, Inc.",2015-02-02,
TSLA,2 weeks,0.05,2015-03-02 00:00:00+08:00,19498.1201678816,20727.08774874131,-5.93,Auto - Manufacturers,"Tesla, Inc.",2015-03-02,
TSLA,2 weeks,0.05,2015-04-13 00:00:00+08:00,21103.358120437955,19887.52524143986,6.11,Auto - Manufacturers,"Tesla, Inc.",2015-04-13,
TSLA,2 weeks,0.05,2015-04-27 00:00:00+08:00,23104.53993121895,21103.358120437955,9.48,Auto - Manufacturers,"Tesla, Inc.",2015-04-27,
TSLA,2 weeks,0.05,2015-05-11 00:00:00+08:00,24506.864559819413,23104.53993121895,6.07,Auto - Manufacturers,"Tesla, Inc.",2015-05-11,
TSLA,2 weeks,0.05,2015-08-03 00:00:00+08:00,24775.06375703942,26667.515057573073,-7.1,Auto - Manufacturers,"Tesla, Inc.",2015-08-03,
TSLA,2 weeks,0.05,2015-09-14 00:00:00+08:00,25955.1773409894,24662.573875314,5.24,Auto - Manufacturers,"Tesla, Inc.",2015-09-14,
TSLA,2 weeks,0.05,2015-09-28 00:00:00+08:00,23996.913220615195,25955.1773409894,-7.54,Auto - Manufacturers,"Tesla, Inc.",2015-09-28,
TSLA,2 weeks,0.05,2015-10-12 00:00:00+08:00,21792.770774263903,23996.913220615195,-9.19,Auto - Manufacturers,"Tesla, Inc.",2015-10-12,
TSLA,2 weeks,0.05,2015-11-23 00:00:00+08:00,22868.412309368192,21747.765967475843,5.15,Auto - Manufacturers,"Tesla, Inc.",2015-11-23,
TSLA,2 weeks,0.05,2015-12-28 00:00:00+08:00,21941.651448639157,23393.37375745527,-6.21,Auto - Manufacturers,"Tesla, Inc.",2015-12-28,
TSLA,2 weeks,0.05,2016-01-11 00:00:00+08:00,20330.272283585924,21941.651448639157,-7.34,Auto - Manufacturers,"Tesla, Inc.",2016-01-11,
TSLA,2 weeks,0.05,2016-01-25 00:00:00+08:00,18481.973489103573,20330.272283585924,-9.09,Auto - Manufacturers,"Tesla, Inc.",2016-01-25,
TSLA,2 weeks,0.05,2016-02-08 00:00:00+08:00,15580.44550586192,18481.973489103573,-15.7,Auto - Manufacturers,"Tesla, Inc.",2016-02-08,
TSLA,2 weeks,0.05,2016-02-22 00:00:00+08:00,18616.037994604318,15580.44550586192,19.48,Auto - Manufacturers,"Tesla, Inc.",2016-02-22,
TSLA,2 weeks,0.05,2016-03-07 00:00:00+08:00,21372.329036486783,18616.037994604318,14.81,Auto - Manufacturers,"Tesla, Inc.",2016-03-07,
TSLA,2 weeks,0.05,2016-03-21 00:00:00+08:00,23222.536465324385,21372.329036486783,8.66,Auto - Manufacturers,"Tesla, Inc.",2016-03-21,
TSLA,2 weeks,0.05,2016-04-04 00:00:00+08:00,25267.9347783636,23222.536465324385,8.81,Auto - Manufacturers,"Tesla, Inc.",2016-04-04,
TSLA,2 weeks,0.05,2016-05-02 00:00:00+08:00,21797.49411512947,25014.929030776297,-12.86,Auto - Manufacturers,"Tesla, Inc.",2016-05-02,
TSLA,2 weeks,0.05,2016-06-13 00:00:00+08:00,20922.55034619189,22474.79803439803,-6.91,Auto - Manufacturers,"Tesla, Inc.",2016-06-13,
TSLA,2 weeks,0.05,2016-07-11 00:00:00+08:00,22383.921235175658,20881.40592061,7.2,Auto - Manufacturers,"Tesla, Inc.",2016-07-11,
TSLA,2 weeks,0.05,2016-09-05 00:00:00+08:00,19914.423222868707,21539.538407329102,-7.54,Auto - Manufacturers,"Tesla, Inc.",2016-09-05,
TSLA,2 weeks,0.05,2016-10-31 00:00:00+08:00,19058.27375516417,20155.35702270816,-5.44,Auto - Manufacturers,"Tesla, Inc.",2016-10-31,
TSLA,2 weeks,0.05,2016-12-12 00:00:00+08:00,20317.47956989247,18884.813057773605,7.59,Auto - Manufacturers,"Tesla, Inc.",2016-12-12,
TSLA,2 weeks,0.05,2016-12-26 00:00:00+08:00,21989.607988980715,20317.47956989247,8.23,Auto - Manufacturers,"Tesla, Inc.",2016-12-26,
TSLA,2 weeks,0.05,2017-01-09 00:00:00+08:00,23551.1716380182,21989.607988980715,7.1,Auto - Manufacturers,"Tesla, Inc.",2017-01-09,
TSLA,2 weeks,0.05,2017-01-23 00:00:00+08:00,25162.899336536266,23551.1716380182,6.84,Auto - Manufacturers,"Tesla, Inc.",2017-01-23,
TSLA,2 weeks,0.05,2017-02-06 00:00:00+08:00,26981.6015758092,25162.899336536266,7.23,Auto - Manufacturers,"Tesla, Inc.",2017-02-06,
TSLA,2 weeks,0.05,2017-03-20 00:00:00+08:00,26670.557956777997,25274.525059152504,5.52,Auto - Manufacturers,"Tesla, Inc.",2017-03-20,
TSLA,2 weeks,0.05,2017-04-03 00:00:00+08:00,30169.068673166596,26670.557956777997,13.12,Auto - Manufacturers,"Tesla, Inc.",2017-04-03,
TSLA,2 weeks,0.05,2017-05-29 00:00:00+08:00,34952.40671083565,31267.5612393429,11.78,Auto - Manufacturers,"Tesla, Inc.",2017-05-29,
TSLA,2 weeks,0.05,2017-06-12 00:00:00+08:00,37368.70955882353,34952.40671083565,6.91,Auto - Manufacturers,"Tesla, Inc.",2017-06-12,
TSLA,2 weeks,0.05,2017-06-26 00:00:00+08:00,34970.943458124275,37368.70955882353,-6.42,Auto - Manufacturers,"Tesla, Inc.",2017-06-26,
TSLA,2 weeks,0.05,2017-07-10 00:00:00+08:00,32423.812927756655,34970.943458124275,-7.28,Auto - Manufacturers,"Tesla, Inc.",2017-07-10,
TSLA,2 weeks,0.05,2017-08-07 00:00:00+08:00,35999.1357629155,33757.754692910516,6.64,Auto - Manufacturers,"Tesla, Inc.",2017-08-07,
TSLA,2 weeks,0.05,2017-10-30 00:00:00+08:00,30815.04471057884,34193.59232060428,-9.88,Auto - Manufacturers,"Tesla, Inc.",2017-10-30,
TSLA,2 weeks,0.05,2017-12-11 00:00:00+08:00,33529.18545994065,31016.055798687088,8.1,Auto - Manufacturers,"Tesla, Inc.",2017-12-11,
TSLA,2 weeks,0.05,2017-12-25 00:00:00+08:00,31524.734936575052,33529.18545994065,-5.98,Auto - Manufacturers,"Tesla, Inc.",2017-12-25,
TSLA,2 weeks,0.05,2018-01-08 00:00:00+08:00,33976.14153696498,31524.734936575052,7.78,Auto - Manufacturers,"Tesla, Inc.",2018-01-08,
TSLA,2 weeks,0.05,2018-02-05 00:00:00+08:00,32760.99652173913,34836.37923637924,-5.96,Auto - Manufacturers,"Tesla, Inc.",2018-02-05,
TSLA,2 weeks,0.05,2018-03-19 00:00:00+08:00,29414.85997442455,33075.65695307478,-11.07,Auto - Manufacturers,"Tesla, Inc.",2018-03-19,
TSLA,2 weeks,0.05,2018-05-28 00:00:00+08:00,29872.76798245614,28290.66437007874,5.59,Auto - Manufacturers,"Tesla, Inc.",2018-05-28,
TSLA,2 weeks,0.05,2018-06-11 00:00:00+08:00,35023.81283514963,29872.76798245614,17.24,Auto - Manufacturers,"Tesla, Inc.",2018-06-11,
TSLA,2 weeks,0.05,2018-08-06 00:00:00+08:00,34958.383063843976,30978.782428287934,12.85,Auto - Manufacturers,"Tesla, Inc.",2018-08-06,
TSLA,2 weeks,0.05,2018-08-20 00:00:00+08:00,31148.760083713853,34958.383063843976,-10.9,Auto - Manufacturers,"Tesla, Inc.",2018-08-20,
TSLA,2 weeks,0.05,2018-09-03 00:00:00+08:00,28236.43301435407,31148.760083713853,-9.35,Auto - Manufacturers,"Tesla, Inc.",2018-09-03,
TSLA,2 weeks,0.05,2018-10-01 00:00:00+08:00,27487.447260161265,29286.347662849632,-6.14,Auto - Manufacturers,"Tesla, Inc.",2018-10-01,
TSLA,2 weeks,0.05,2018-10-29 00:00:00+08:00,34245.17304364545,28420.4001009931,20.5,Auto - Manufacturers,"Tesla, Inc.",2018-10-29,
TSLA,2 weeks,0.05,2018-12-24 00:00:00+08:00,31352.808643457385,35270.92643678161,-11.11,Auto - Manufacturers,"Tesla, Inc.",2018-12-24,
TSLA,2 weeks,0.05,2019-01-07 00:00:00+08:00,33661.18082618862,31352.808643457385,7.36,Auto - Manufacturers,"Tesla, Inc.",2019-01-07,
TSLA,2 weeks,0.05,2019-01-21 00:00:00+08:00,29776.870330530022,33661.18082618862,-11.54,Auto - Manufacturers,"Tesla, Inc.",2019-01-21,
TSLA,2 weeks,0.05,2019-03-04 00:00:00+08:00,28336.75743243243,30240.39914992272,-6.3,Auto - Manufacturers,"Tesla, Inc.",2019-03-04,
TSLA,2 weeks,0.05,2019-04-15 00:00:00+08:00,26097.369896985885,27588.89497716895,-5.41,Auto - Manufacturers,"Tesla, Inc.",2019-04-15,
TSLA,2 weeks,0.05,2019-04-29 00:00:00+08:00,24405.25897255454,26097.369896985885,-6.48,Auto - Manufacturers,"Tesla, Inc.",2019-04-29,
TSLA,2 weeks,0.05,2019-05-13 00:00:00+08:00,21039.607369758574,24405.25897255454,-13.79,Auto - Manufacturers,"Tesla, Inc.",2019-05-13,
TSLA,2 weeks,0.05,2019-05-27 00:00:00+08:00,19235.376611246033,21039.607369758574,-8.58,Auto - Manufacturers,"Tesla, Inc.",2019-05-27,
TSLA,2 weeks,0.05,2019-06-10 00:00:00+08:00,21895.248197734298,19235.376611246033,13.83,Auto - Manufacturers,"Tesla, Inc.",2019-06-10,
TSLA,2 weeks,0.05,2019-07-08 00:00:00+08:00,24478.492976717334,22655.16704242673,8.05,Auto - Manufacturers,"Tesla, Inc.",2019-07-08,
TSLA,2 weeks,0.05,2019-08-05 00:00:00+08:00,22810.062266745237,24114.6118678858,-5.41,Auto - Manufacturers,"Tesla, Inc.",2019-08-05,
TSLA,2 weeks,0.05,2019-09-02 00:00:00+08:00,23392.043498706797,22049.237802535536,6.09,Auto - Manufacturers,"Tesla, Inc.",2019-09-02,
TSLA,2 weeks,0.05,2019-10-14 00:00:00+08:00,27118.885736050277,23953.97697167312,13.21,Auto - Manufacturers,"Tesla, Inc.",2019-10-14,
TSLA,2 weeks,0.05,2019-10-28 00:00:00+08:00,32202.891918593163,27118.885736050277,18.75,Auto - Manufacturers,"Tesla, Inc.",2019-10-28,
TSLA,2 weeks,0.05,2019-11-11 00:00:00+08:00,34933.40115520775,32202.891918593163,8.48,Auto - Manufacturers,"Tesla, Inc.",2019-11-11,
TSLA,2 weeks,0.05,2019-12-09 00:00:00+08:00,37283.464338781574,33430.368432971016,11.53,Auto - Manufacturers,"Tesla, Inc.",2019-12-09,
TSLA,2 weeks,0.05,2019-12-23 00:00:00+08:00,42586.2937581842,37283.464338781574,14.22,Auto - Manufacturers,"Tesla, Inc.",2019-12-23,
TSLA,2 weeks,0.05,2020-01-06 00:00:00+08:00,49582.801485761454,42586.2937581842,16.43,Auto - Manufacturers,"Tesla, Inc.",2020-01-06,
TSLA,2 weeks,0.05,2020-01-20 00:00:00+08:00,58262.18373353989,49582.801485761454,17.5,Auto - Manufacturers,"Tesla, Inc.",2020-01-20,
TSLA,2 weeks,0.05,2020-02-03 00:00:00+08:00,78068.65332612222,58262.18373353989,34.0,Auto - Manufacturers,"Tesla, Inc.",2020-02-03,
TSLA,2 weeks,0.05,2020-03-02 00:00:00+08:00,66451.89838581636,81658.74010883954,-18.62,Auto - Manufacturers,"Tesla, Inc.",2020-03-02,
TSLA,2 weeks,0.05,2020-03-16 00:00:00+08:00,46071.11601432591,66451.89838581636,-30.67,Auto - Manufacturers,"Tesla, Inc.",2020-03-16,
TSLA,2 weeks,0.05,2020-03-30 00:00:00+08:00,51914.57559764048,46071.11601432591,12.68,Auto - Manufacturers,"Tesla, Inc.",2020-03-30,
TSLA,2 weeks,0.05,2020-04-13 00:00:00+08:00,71659.1089260809,51914.57559764048,38.03,Auto - Manufacturers,"Tesla, Inc.",2020-04-13,
TSLA,2 weeks,0.05,2020-04-27 00:00:00+08:00,78027.93464651091,71659.1089260809,8.89,Auto - Manufacturers,"Tesla, Inc.",2020-04-27,
TSLA,2 weeks,0.05,2020-05-25 00:00:00+08:00,85401.53269003544,80946.68833111702,5.5,Auto - Manufacturers,"Tesla, Inc.",2020-05-25,
TSLA,2 weeks,0.05,2020-06-08 00:00:00+08:00,97471.91189913316,85401.53269003544,14.13,Auto - Manufacturers,"Tesla, Inc.",2020-06-08,
TSLA,2 weeks,0.05,2020-06-22 00:00:00+08:00,103764.65136216422,97471.91189913316,6.46,Auto - Manufacturers,"Tesla, Inc.",2020-06-22,
TSLA,2 weeks,0.05,2020-07-06 00:00:00+08:00,146326.813789206,103764.65136216422,41.02,Auto - Manufacturers,"Tesla, Inc.",2020-07-06,
TSLA,2 weeks,0.05,2020-08-17 00:00:00+08:00,202152.9390432099,150802.52447183098,34.05,Auto - Manufacturers,"Tesla, Inc.",2020-08-17,
TSLA,2 weeks,0.05,2020-08-31 00:00:00+08:00,41064.42812835501,202152.9390432099,-79.69,Auto - Manufacturers,"Tesla, Inc.",2020-08-31,
TSLA,2 weeks,0.05,2020-10-26 00:00:00+08:00,41593.789893257665,43875.09421112372,-5.2,Auto - Manufacturers,"Tesla, Inc.",2020-10-26,
TSLA,2 weeks,0.05,2020-11-09 00:00:00+08:00,44304.9269583172,41593.789893257665,6.52,Auto - Manufacturers,"Tesla, Inc.",2020-11-09,
TSLA,2 weeks,0.05,2020-11-23 00:00:00+08:00,57049.09016949153,44304.9269583172,28.76,Auto - Manufacturers,"Tesla, Inc.",2020-11-23,
TSLA,2 weeks,0.05,2020-12-07 00:00:00+08:00,62548.15152870992,57049.09016949153,9.64,Auto - Manufacturers,"Tesla, Inc.",2020-12-07,
TSLA,2 weeks,0.05,2020-12-28 00:00:00+08:00,77959.6649520692,62548.15152870992,24.64,Auto - Manufacturers,"Tesla, Inc.",2020-12-28,
TSLA,2 weeks,0.05,2021-01-11 00:00:00+08:00,84371.83328450043,77959.6649520692,8.22,Auto - Manufacturers,"Tesla, Inc.",2021-01-11,
TSLA,2 weeks,0.05,2021-02-22 00:00:00+08:00,68357.83006119328,81199.02901163744,-15.81,Auto - Manufacturers,"Tesla, Inc.",2021-02-22,
TSLA,2 weeks,0.05,2021-04-05 00:00:00+08:00,71112.27232899943,64691.63510358914,9.92,Auto - Manufacturers,"Tesla, Inc.",2021-04-05,
TSLA,2 weeks,0.05,2021-05-03 00:00:00+08:00,63644.08567863579,71398.52627958173,-10.86,Auto - Manufacturers,"Tesla, Inc.",2021-05-03,
TSLA,2 weeks,0.05,2021-05-17 00:00:00+08:00,59354.83809123986,63644.08567863579,-6.74,Auto - Manufacturers,"Tesla, Inc.",2021-05-17,
TSLA,2 weeks,0.05,2021-06-28 00:00:00+08:00,66781.35647649803,63391.65564232124,5.35,Auto - Manufacturers,"Tesla, Inc.",2021-06-28,
TSLA,2 weeks,0.05,2021-10-18 00:00:00+08:00,96382.02370747388,79892.69164353993,20.64,Auto - Manufacturers,"Tesla, Inc.",2021-10-18,
TSLA,2 weeks,0.05,2021-11-01 00:00:00+08:00,114107.05216611124,96382.02370747388,18.39,Auto - Manufacturers,"Tesla, Inc.",2021-11-01,
TSLA,2 weeks,0.05,2021-12-13 00:00:00+08:00,95927.98933414595,106561.03411544552,-9.98,Auto - Manufacturers,"Tesla, Inc.",2021-12-13,
TSLA,2 weeks,0.05,2021-12-27 00:00:00+08:00,110202.75051660008,95927.98933414595,14.88,Auto - Manufacturers,"Tesla, Inc.",2021-12-27,
TSLA,2 weeks,0.05,2022-01-10 00:00:00+08:00,103409.37700903109,110202.75051660008,-6.16,Auto - Manufacturers,"Tesla, Inc.",2022-01-10,
TSLA,2 weeks,0.05,2022-01-24 00:00:00+08:00,90374.2664964901,103409.37700903109,-12.61,Auto - Manufacturers,"Tesla, Inc.",2022-01-24,
TSLA,2 weeks,0.05,2022-02-21 00:00:00+08:00,82452.60030627872,90093.69043935645,-8.48,Auto - Manufacturers,"Tesla, Inc.",2022-02-21,
TSLA,2 weeks,0.05,2022-03-21 00:00:00+08:00,103438.49759479344,82683.68308536762,25.1,Auto - Manufacturers,"Tesla, Inc.",2022-03-21,
TSLA,2 weeks,0.05,2022-04-18 00:00:00+08:00,96193.08693837808,103897.5341051314,-7.42,Auto - Manufacturers,"Tesla, Inc.",2022-04-18,
TSLA,2 weeks,0.05,2022-05-02 00:00:00+08:00,82899.6729275526,96193.08693837808,-13.82,Auto - Manufacturers,"Tesla, Inc.",2022-05-02,
TSLA,2 weeks,0.05,2022-05-16 00:00:00+08:00,69856.29462950374,82899.6729275526,-15.73,Auto - Manufacturers,"Tesla, Inc.",2022-05-16,
TSLA,2 weeks,0.05,2022-06-13 00:00:00+08:00,68289.069828722,73291.39954716981,-6.83,Auto - Manufacturers,"Tesla, Inc.",2022-06-13,
TSLA,2 weeks,0.05,2022-07-11 00:00:00+08:00,73949.42915149817,70402.43257443083,5.04,Auto - Manufacturers,"Tesla, Inc.",2022-07-11,
TSLA,2 weeks,0.05,2022-07-25 00:00:00+08:00,86481.92924528303,73949.42915149817,16.95,Auto - Manufacturers,"Tesla, Inc.",2022-07-25,
TSLA,2 weeks,0.05,2022-08-22 00:00:00+08:00,42979.04763147592,89295.95700660309,-51.87,Auto - Manufacturers,"Tesla, Inc.",2022-08-22,
TSLA,2 weeks,0.05,2022-09-05 00:00:00+08:00,29329.638374843467,42979.04763147592,-31.76,Auto - Manufacturers,"Tesla, Inc.",2022-09-05,
TSLA,2 weeks,0.05,2022-10-03 00:00:00+08:00,22942.783761871673,29254.991266375542,-21.58,Auto - Manufacturers,"Tesla, Inc.",2022-10-03,
TSLA,2 weeks,0.05,2022-10-17 00:00:00+08:00,21745.378527262506,22942.783761871673,-5.22,Auto - Manufacturers,"Tesla, Inc.",2022-10-17,
TSLA,2 weeks,0.05,2022-10-31 00:00:00+08:00,20582.30606704438,21745.378527262506,-5.35,Auto - Manufacturers,"Tesla, Inc.",2022-10-31,
TSLA,2 weeks,0.05,2022-11-14 00:00:00+08:00,18295.25437762997,20582.30606704438,-11.11,Auto - Manufacturers,"Tesla, Inc.",2022-11-14,
TSLA,2 weeks,0.05,2022-12-12 00:00:00+08:00,14915.00536809816,18320.934976210807,-18.59,Auto - Manufacturers,"Tesla, Inc.",2022-12-12,
TSLA,2 weeks,0.05,2022-12-26 00:00:00+08:00,11382.388021875417,14915.00536809816,-23.68,Auto - Manufacturers,"Tesla, Inc.",2022-12-26,
TSLA,2 weeks,0.05,2023-01-09 00:00:00+08:00,12437.69116402756,11382.388021875417,9.27,Auto - Manufacturers,"Tesla, Inc.",2023-01-09,
TSLA,2 weeks,0.05,2023-01-23 00:00:00+08:00,16510.773845991338,12437.69116402756,32.75,Auto - Manufacturers,"Tesla, Inc.",2023-01-23,
TSLA,2 weeks,0.05,2023-02-06 00:00:00+08:00,20207.39172563963,16510.773845991338,22.39,Auto - Manufacturers,"Tesla, Inc.",2023-02-06,
TSLA,2 weeks,0.05,2023-03-06 00:00:00+08:00,18281.352131498064,20023.20880579011,-8.7,Auto - Manufacturers,"Tesla, Inc.",2023-03-06,
TSLA,2 weeks,0.05,2023-03-20 00:00:00+08:00,19277.233198471567,18281.352131498064,5.45,Auto - Manufacturers,"Tesla, Inc.",2023-03-20,
TSLA,2 weeks,0.05,2023-04-17 00:00:00+08:00,16787.509556955032,18738.828949008854,-10.41,Auto - Manufacturers,"Tesla, Inc.",2023-04-17,
TSLA,2 weeks,0.05,2023-05-15 00:00:00+08:00,17933.838439177103,16662.152117340906,7.63,Auto - Manufacturers,"Tesla, Inc.",2023-05-15,
TSLA,2 weeks,0.05,2023-05-29 00:00:00+08:00,21788.96723475756,17933.838439177103,21.5,Auto - Manufacturers,"Tesla, Inc.",2023-05-29,
TSLA,2 weeks,0.05,2023-06-12 00:00:00+08:00,25872.048157306017,21788.96723475756,18.74,Auto - Manufacturers,"Tesla, Inc.",2023-06-12,
TSLA,2 weeks,0.05,2023-07-10 00:00:00+08:00,27737.459806374416,26410.96398382947,5.02,Auto - Manufacturers,"Tesla, Inc.",2023-07-10,
TSLA,2 weeks,0.05,2023-07-24 00:00:00+08:00,26224.1716367713,27737.459806374416,-5.46,Auto - Manufacturers,"Tesla, Inc.",2023-07-24,
TSLA,2 weeks,0.05,2023-08-07 00:00:00+08:00,23682.884606665157,26224.1716367713,-9.69,Auto - Manufacturers,"Tesla, Inc.",2023-08-07,
TSLA,2 weeks,0.05,2023-09-04 00:00:00+08:00,26252.38101202405,24165.293496574188,8.64,Auto - Manufacturers,"Tesla, Inc.",2023-09-04,
TSLA,2 weeks,0.05,2023-10-16 00:00:00+08:00,22438.336211730402,25685.369946168823,-12.64,Auto - Manufacturers,"Tesla, Inc.",2023-10-16,
TSLA,2 weeks,0.05,2023-10-30 00:00:00+08:00,21230.12352285396,22438.336211730402,-5.38,Auto - Manufacturers,"Tesla, Inc.",2023-10-30,
TSLA,2 weeks,0.05,2023-11-13 00:00:00+08:00,23476.78509664293,21230.12352285396,10.58,Auto - Manufacturers,"Tesla, Inc.",2023-11-13,
TSLA,2 weeks,0.05,2024-01-08 00:00:00+08:00,22358.114994934145,24920.83551103368,-10.28,Auto - Manufacturers,"Tesla, Inc.",2024-01-08,
TSLA,2 weeks,0.05,2024-01-22 00:00:00+08:00,19406.04338275673,22358.114994934145,-13.2,Auto - Manufacturers,"Tesla, Inc.",2024-01-22,
TSLA,2 weeks,0.05,2024-03-04 00:00:00+08:00,17622.83182881979,19628.956318835168,-10.22,Auto - Manufacturers,"Tesla, Inc.",2024-03-04,
TSLA,2 weeks,0.05,2024-04-15 00:00:00+08:00,15651.599737676248,17147.387249250634,-8.72,Auto - Manufacturers,"Tesla, Inc.",2024-04-15,
TSLA,2 weeks,0.05,2024-04-29 00:00:00+08:00,18008.11859807801,15651.599737676248,15.06,Auto - Manufacturers,"Tesla, Inc.",2024-04-29,
TSLA,2 weeks,0.05,2024-06-24 00:00:00+08:00,20909.44074411344,18043.94214652609,15.88,Auto - Manufacturers,"Tesla, Inc.",2024-06-24,
TSLA,2 weeks,0.05,2024-07-08 00:00:00+08:00,25275.275493510744,20909.44074411344,20.88,Auto - Manufacturers,"Tesla, Inc.",2024-07-08,
TSLA,2 weeks,0.05,2024-07-22 00:00:00+08:00,23012.034449497038,25275.275493510744,-8.95,Auto - Manufacturers,"Tesla, Inc.",2024-07-22,
TSLA,1 week,0.1,2014-01-20 00:00:00+08:00,17696.185043144775,16053.320282186947,10.23,Auto - Manufacturers,"Tesla, Inc.",2014-01-20,
TSLA,1 week,0.1,2014-02-10 00:00:00+08:00,19720.43575017947,17926.07052070521,10.01,Auto - Manufacturers,"Tesla, Inc.",2014-02-10,
TSLA,1 week,0.1,2014-02-24 00:00:00+08:00,24591.374928612226,20752.365778292777,18.5,Auto - Manufacturers,"Tesla, Inc.",2014-02-24,
TSLA,1 week,0.1,2014-06-16 00:00:00+08:00,22699.34428857715,20452.64001747488,10.98,Auto - Manufacturers,"Tesla, Inc.",2014-06-16,
TSLA,1 week,0.1,2014-10-13 00:00:00+08:00,22688.151335311573,25522.9570575056,-11.11,Auto - Manufacturers,"Tesla, Inc.",2014-10-13,
TSLA,1 week,0.1,2016-02-08 00:00:00+08:00,15060.450181818182,17843.834188034187,-15.6,Auto - Manufacturers,"Tesla, Inc.",2016-02-08,
TSLA,1 week,0.1,2017-07-03 00:00:00+08:00,32862.59666937449,36879.30735294118,-10.89,Auto - Manufacturers,"Tesla, Inc.",2017-07-03,
TSLA,1 week,0.1,2018-03-26 00:00:00+08:00,27591.872570194384,31190.29785443837,-11.54,Auto - Manufacturers,"Tesla, Inc.",2018-03-26,
TSLA,1 week,0.1,2018-06-11 00:00:00+08:00,34593.9897680764,30741.313063063066,12.53,Auto - Manufacturers,"Tesla, Inc.",2018-06-11,
TSLA,1 week,0.1,2018-08-06 00:00:00+08:00,35944.32827630729,31694.562732499155,13.41,Auto - Manufacturers,"Tesla, Inc.",2018-08-06,
TSLA,1 week,0.1,2018-10-08 00:00:00+08:00,25683.999661475966,29193.30195325008,-12.02,Auto - Manufacturers,"Tesla, Inc.",2018-10-08,
TSLA,1 week,0.1,2018-10-22 00:00:00+08:00,29804.135537682458,26622.72213622291,11.95,Auto - Manufacturers,"Tesla, Inc.",2018-10-22,
TSLA,1 week,0.1,2018-10-29 00:00:00+08:00,33867.1950680898,29804.135537682458,13.63,Auto - Manufacturers,"Tesla, Inc.",2018-10-29,
TSLA,1 week,0.1,2019-01-21 00:00:00+08:00,29344.16979484941,33543.04459823145,-12.52,Auto - Manufacturers,"Tesla, Inc.",2019-01-21,
TSLA,1 week,0.1,2019-05-20 00:00:00+08:00,19755.729325430424,22691.90664729386,-12.94,Auto - Manufacturers,"Tesla, Inc.",2019-05-20,
TSLA,1 week,0.1,2019-10-28 00:00:00+08:00,31824.152071931196,28119.098399727613,13.18,Auto - Manufacturers,"Tesla, Inc.",2019-10-28,
TSLA,1 week,0.1,2019-12-16 00:00:00+08:00,39073.81821341675,35228.877941763065,10.91,Auto - Manufacturers,"Tesla, Inc.",2019-12-16,
TSLA,1 week,0.1,2020-01-06 00:00:00+08:00,47219.83183098591,42646.052276559865,10.72,Auto - Manufacturers,"Tesla, Inc.",2020-01-06,
TSLA,1 week,0.1,2020-02-03 00:00:00+08:00,78026.10097137015,59963.1620871496,30.12,Auto - Manufacturers,"Tesla, Inc.",2020-02-03,
TSLA,1 week,0.1,2020-02-17 00:00:00+08:00,89078.88907506703,78116.4331228473,14.03,Auto - Manufacturers,"Tesla, Inc.",2020-02-17,
TSLA,1 week,0.1,2020-02-24 00:00:00+08:00,75854.88047182176,89078.88907506703,-14.85,Auto - Manufacturers,"Tesla, Inc.",2020-02-24,
TSLA,1 week,0.1,2020-03-09 00:00:00+08:00,60177.91365979382,73070.45758564437,-17.64,Auto - Manufacturers,"Tesla, Inc.",2020-03-09,
TSLA,1 week,0.1,2020-03-16 00:00:00+08:00,42309.38822652757,60177.91365979382,-29.69,Auto - Manufacturers,"Tesla, Inc.",2020-03-16,
TSLA,1 week,0.1,2020-03-23 00:00:00+08:00,50064.97573839662,42309.38822652757,18.33,Auto - Manufacturers,"Tesla, Inc.",2020-03-23,
TSLA,1 week,0.1,2020-04-13 00:00:00+08:00,71424.15024440443,54245.844273743016,31.67,Auto - Manufacturers,"Tesla, Inc.",2020-04-13,
TSLA,1 week,0.1,2020-06-29 00:00:00+08:00,109771.2808056872,98167.01214574899,11.82,Auto - Manufacturers,"Tesla, Inc.",2020-06-29,
TSLA,1 week,0.1,2020-07-06 00:00:00+08:00,138678.0537938845,109771.2808056872,26.33,Auto - Manufacturers,"Tesla, Inc.",2020-07-06,
TSLA,1 week,0.1,2020-07-13 00:00:00+08:00,153945.37563451775,138678.0537938845,11.01,Auto - Manufacturers,"Tesla, Inc.",2020-07-13,
TSLA,1 week,0.1,2020-08-17 00:00:00+08:00,191599.00246078128,152995.59589905362,25.23,Auto - Manufacturers,"Tesla, Inc.",2020-08-17,
TSLA,1 week,0.1,2020-08-24 00:00:00+08:00,212778.7822855373,191599.00246078128,11.05,Auto - Manufacturers,"Tesla, Inc.",2020-08-24,
TSLA,1 week,0.1,2020-08-31 00:00:00+08:00,44744.42192192192,212778.7822855373,-78.97,Auto - Manufacturers,"Tesla, Inc.",2020-08-31,
TSLA,1 week,0.1,2020-09-07 00:00:00+08:00,36453.80435366837,44744.42192192192,-18.53,Auto - Manufacturers,"Tesla, Inc.",2020-09-07,
TSLA,1 week,0.1,2020-09-14 00:00:00+08:00,43190.12136139722,36453.80435366837,18.48,Auto - Manufacturers,"Tesla, Inc.",2020-09-14,
TSLA,1 week,0.1,2020-11-16 00:00:00+08:00,46608.83585365854,41716.2652781584,11.73,Auto - Manufacturers,"Tesla, Inc.",2020-11-16,
TSLA,1 week,0.1,2020-11-23 00:00:00+08:00,55142.143878185205,46608.83585365854,18.31,Auto - Manufacturers,"Tesla, Inc.",2020-11-23,
TSLA,1 week,0.1,2021-01-04 00:00:00+08:00,77959.6649520692,62963.47558991049,23.82,Auto - Manufacturers,"Tesla, Inc.",2021-01-04,
TSLA,1 week,0.1,2021-02-22 00:00:00+08:00,70646.48404632474,79083.07310893956,-10.67,Auto - Manufacturers,"Tesla, Inc.",2021-02-22,
TSLA,1 week,0.1,2021-05-10 00:00:00+08:00,60253.007832898176,67483.23086018328,-10.71,Auto - Manufacturers,"Tesla, Inc.",2021-05-10,
TSLA,1 week,0.1,2021-10-25 00:00:00+08:00,104388.08474142344,87597.84550561798,19.17,Auto - Manufacturers,"Tesla, Inc.",2021-10-25,
TSLA,1 week,0.1,2021-11-01 00:00:00+08:00,119495.76625031864,104388.08474142344,14.47,Auto - Manufacturers,"Tesla, Inc.",2021-11-01,
TSLA,1 week,0.1,2021-12-27 00:00:00+08:00,108552.16393442624,96775.57861213545,12.17,Auto - Manufacturers,"Tesla, Inc.",2021-12-27,
TSLA,1 week,0.1,2022-01-24 00:00:00+08:00,89603.24163479923,100659.17733652858,-10.98,Auto - Manufacturers,"Tesla, Inc.",2022-01-24,
TSLA,1 week,0.1,2022-02-21 00:00:00+08:00,79097.76556420233,88952.22375939849,-11.08,Auto - Manufacturers,"Tesla, Inc.",2022-02-21,
TSLA,1 week,0.1,2022-03-21 00:00:00+08:00,97886.63234042552,82494.92325581395,18.66,Auto - Manufacturers,"Tesla, Inc.",2022-03-21,
TSLA,1 week,0.1,2022-03-28 00:00:00+08:00,108962.15692915607,97886.63234042552,11.31,Auto - Manufacturers,"Tesla, Inc.",2022-03-28,
TSLA,1 week,0.1,2022-04-25 00:00:00+08:00,91076.82225237448,101573.63356164384,-10.33,Auto - Manufacturers,"Tesla, Inc.",2022-04-25,
TSLA,1 week,0.1,2022-05-09 00:00:00+08:00,77451.48417473189,89292.68262737876,-13.26,Auto - Manufacturers,"Tesla, Inc.",2022-05-09,
TSLA,1 week,0.1,2022-05-30 00:00:00+08:00,74917.96827021494,67833.15783870108,10.44,Auto - Manufacturers,"Tesla, Inc.",2022-05-30,
TSLA,1 week,0.1,2022-08-01 00:00:00+08:00,90733.29842632332,82237.84604398742,10.33,Auto - Manufacturers,"Tesla, Inc.",2022-08-01,
TSLA,1 week,0.1,2022-08-22 00:00:00+08:00,60585.838218714765,91167.56074766356,-33.54,Auto - Manufacturers,"Tesla, Inc.",2022-08-22,
TSLA,1 week,0.1,2022-08-29 00:00:00+08:00,27798.271688942892,60585.838218714765,-54.12,Auto - Manufacturers,"Tesla, Inc.",2022-08-29,
TSLA,1 week,0.1,2022-10-03 00:00:00+08:00,24108.247912801486,28004.994361865713,-13.91,Auto - Manufacturers,"Tesla, Inc.",2022-10-03,
TSLA,1 week,0.1,2022-11-07 00:00:00+08:00,19176.952273750565,22131.333746898265,-13.35,Auto - Manufacturers,"Tesla, Inc.",2022-11-07,
TSLA,1 week,0.1,2022-12-19 00:00:00+08:00,13788.120593293208,16086.20017873101,-14.29,Auto - Manufacturers,"Tesla, Inc.",2022-12-19,
TSLA,1 week,0.1,2022-12-26 00:00:00+08:00,11677.748688352573,13788.120593293208,-15.31,Auto - Manufacturers,"Tesla, Inc.",2022-12-26,
TSLA,1 week,0.1,2023-01-23 00:00:00+08:00,15102.763594373295,12937.780252213575,16.73,Auto - Manufacturers,"Tesla, Inc.",2023-01-23,
TSLA,1 week,0.1,2023-01-30 00:00:00+08:00,17936.444090136054,15102.763594373295,18.76,Auto - Manufacturers,"Tesla, Inc.",2023-01-30,
TSLA,1 week,0.1,2023-02-06 00:00:00+08:00,19929.67960526316,17936.444090136054,11.11,Auto - Manufacturers,"Tesla, Inc.",2023-02-06,
TSLA,1 week,0.1,2023-06-05 00:00:00+08:00,22824.188578734284,20453.90436933223,11.59,Auto - Manufacturers,"Tesla, Inc.",2023-06-05,
TSLA,1 week,0.1,2023-06-12 00:00:00+08:00,25527.972944184065,22824.188578734284,11.85,Auto - Manufacturers,"Tesla, Inc.",2023-06-12,
TSLA,1 week,0.1,2023-10-23 00:00:00+08:00,21176.644895229605,23715.68833220492,-10.71,Auto - Manufacturers,"Tesla, Inc.",2023-10-23,
TSLA,1 week,0.1,2024-04-15 00:00:00+08:00,15566.34348113832,17297.673483616083,-10.01,Auto - Manufacturers,"Tesla, Inc.",2024-04-15,
TSLA,1 week,0.1,2024-04-29 00:00:00+08:00,18381.509751773046,15735.323006932407,16.82,Auto - Manufacturers,"Tesla, Inc.",2024-04-29,
TSLA,1 week,0.1,2024-07-01 00:00:00+08:00,22946.155524475525,19138.70744163424,19.89,Auto - Manufacturers,"Tesla, Inc.",2024-07-01,
TSLA,1 week,0.1,2024-07-08 00:00:00+08:00,25383.119140625,22946.155524475525,10.62,Auto - Manufacturers,"Tesla, Inc.",2024-07-08,
TSLA,2 weeks,0.1,2014-01-20 00:00:00+08:00,17711.907264957263,15526.82082420864,14.07,Auto - Manufacturers,"Tesla, Inc.",2014-01-20,
TSLA,2 weeks,0.1,2014-02-17 00:00:00+08:00,22959.59120013134,18882.836363636365,21.59,Auto - Manufacturers,"Tesla, Inc.",2014-02-17,
TSLA,2 weeks,0.1,2014-08-04 00:00:00+08:00,25301.2831243973,22480.605521472393,12.55,Auto - Manufacturers,"Tesla, Inc.",2014-08-04,
TSLA,2 weeks,0.1,2014-12-08 00:00:00+08:00,20982.64344674854,23648.703831041257,-11.27,Auto - Manufacturers,"Tesla, Inc.",2014-12-08,
TSLA,2 weeks,0.1,2016-02-08 00:00:00+08:00,15580.44550586192,18481.973489103573,-15.7,Auto - Manufacturers,"Tesla, Inc.",2016-02-08,
TSLA,2 weeks,0.1,2016-02-22 00:00:00+08:00,18616.037994604318,15580.44550586192,19.48,Auto - Manufacturers,"Tesla, Inc.",2016-02-22,
TSLA,2 weeks,0.1,2016-03-07 00:00:00+08:00,21372.329036486783,18616.037994604318,14.81,Auto - Manufacturers,"Tesla, Inc.",2016-03-07,
TSLA,2 weeks,0.1,2016-05-02 00:00:00+08:00,21797.49411512947,25014.929030776297,-12.86,Auto - Manufacturers,"Tesla, Inc.",2016-05-02,
TSLA,2 weeks,0.1,2017-04-03 00:00:00+08:00,30169.068673166596,26670.557956777997,13.12,Auto - Manufacturers,"Tesla, Inc.",2017-04-03,
TSLA,2 weeks,0.1,2017-05-29 00:00:00+08:00,34952.40671083565,31267.5612393429,11.78,Auto - Manufacturers,"Tesla, Inc.",2017-05-29,
TSLA,2 weeks,0.1,2018-03-19 00:00:00+08:00,29414.85997442455,33075.65695307478,-11.07,Auto - Manufacturers,"Tesla, Inc.",2018-03-19,
TSLA,2 weeks,0.1,2018-06-11 00:00:00+08:00,35023.81283514963,29872.76798245614,17.24,Auto - Manufacturers,"Tesla, Inc.",2018-06-11,
TSLA,2 weeks,0.1,2018-08-06 00:00:00+08:00,34958.383063843976,30978.782428287934,12.85,Auto - Manufacturers,"Tesla, Inc.",2018-08-06,
TSLA,2 weeks,0.1,2018-08-20 00:00:00+08:00,31148.760083713853,34958.383063843976,-10.9,Auto - Manufacturers,"Tesla, Inc.",2018-08-20,
TSLA,2 weeks,0.1,2018-10-29 00:00:00+08:00,34245.17304364545,28420.4001009931,20.5,Auto - Manufacturers,"Tesla, Inc.",2018-10-29,
TSLA,2 weeks,0.1,2018-12-24 00:00:00+08:00,31352.808643457385,35270.92643678161,-11.11,Auto - Manufacturers,"Tesla, Inc.",2018-12-24,
TSLA,2 weeks,0.1,2019-01-21 00:00:00+08:00,29776.870330530022,33661.18082618862,-11.54,Auto - Manufacturers,"Tesla, Inc.",2019-01-21,
TSLA,2 weeks,0.1,2019-05-13 00:00:00+08:00,21039.607369758574,24405.25897255454,-13.79,Auto - Manufacturers,"Tesla, Inc.",2019-05-13,
TSLA,2 weeks,0.1,2019-06-10 00:00:00+08:00,21895.248197734298,19235.376611246033,13.83,Auto - Manufacturers,"Tesla, Inc.",2019-06-10,
TSLA,2 weeks,0.1,2019-10-14 00:00:00+08:00,27118.885736050277,23953.97697167312,13.21,Auto - Manufacturers,"Tesla, Inc.",2019-10-14,
TSLA,2 weeks,0.1,2019-10-28 00:00:00+08:00,32202.891918593163,27118.885736050277,18.75,Auto - Manufacturers,"Tesla, Inc.",2019-10-28,
TSLA,2 weeks,0.1,2019-12-09 00:00:00+08:00,37283.464338781574,33430.368432971016,11.53,Auto - Manufacturers,"Tesla, Inc.",2019-12-09,
TSLA,2 weeks,0.1,2019-12-23 00:00:00+08:00,42586.2937581842,37283.464338781574,14.22,Auto - Manufacturers,"Tesla, Inc.",2019-12-23,
TSLA,2 weeks,0.1,2020-01-06 00:00:00+08:00,49582.801485761454,42586.2937581842,16.43,Auto - Manufacturers,"Tesla, Inc.",2020-01-06,
TSLA,2 weeks,0.1,2020-01-20 00:00:00+08:00,58262.18373353989,49582.801485761454,17.5,Auto - Manufacturers,"Tesla, Inc.",2020-01-20,
TSLA,2 weeks,0.1,2020-02-03 00:00:00+08:00,78068.65332612222,58262.18373353989,34.0,Auto - Manufacturers,"Tesla, Inc.",2020-02-03,
TSLA,2 weeks,0.1,2020-03-02 00:00:00+08:00,66451.89838581636,81658.74010883954,-18.62,Auto - Manufacturers,"Tesla, Inc.",2020-03-02,
TSLA,2 weeks,0.1,2020-03-16 00:00:00+08:00,46071.11601432591,66451.89838581636,-30.67,Auto - Manufacturers,"Tesla, Inc.",2020-03-16,
TSLA,2 weeks,0.1,2020-03-30 00:00:00+08:00,51914.57559764048,46071.11601432591,12.68,Auto - Manufacturers,"Tesla, Inc.",2020-03-30,
TSLA,2 weeks,0.1,2020-04-13 00:00:00+08:00,71659.1089260809,51914.57559764048,38.03,Auto - Manufacturers,"Tesla, Inc.",2020-04-13,
TSLA,2 weeks,0.1,2020-06-08 00:00:00+08:00,97471.91189913316,85401.53269003544,14.13,Auto - Manufacturers,"Tesla, Inc.",2020-06-08,
TSLA,2 weeks,0.1,2020-07-06 00:00:00+08:00,146326.813789206,103764.65136216422,41.02,Auto - Manufacturers,"Tesla, Inc.",2020-07-06,
TSLA,2 weeks,0.1,2020-08-17 00:00:00+08:00,202152.9390432099,150802.52447183098,34.05,Auto - Manufacturers,"Tesla, Inc.",2020-08-17,
TSLA,2 weeks,0.1,2020-08-31 00:00:00+08:00,41064.42812835501,202152.9390432099,-79.69,Auto - Manufacturers,"Tesla, Inc.",2020-08-31,
TSLA,2 weeks,0.1,2020-11-23 00:00:00+08:00,57049.09016949153,44304.9269583172,28.76,Auto - Manufacturers,"Tesla, Inc.",2020-11-23,
TSLA,2 weeks,0.1,2020-12-28 00:00:00+08:00,77959.6649520692,62548.15152870992,24.64,Auto - Manufacturers,"Tesla, Inc.",2020-12-28,
TSLA,2 weeks,0.1,2021-02-22 00:00:00+08:00,68357.83006119328,81199.02901163744,-15.81,Auto - Manufacturers,"Tesla, Inc.",2021-02-22,
TSLA,2 weeks,0.1,2021-05-03 00:00:00+08:00,63644.08567863579,71398.52627958173,-10.86,Auto - Manufacturers,"Tesla, Inc.",2021-05-03,
TSLA,2 weeks,0.1,2021-10-18 00:00:00+08:00,96382.02370747388,79892.69164353993,20.64,Auto - Manufacturers,"Tesla, Inc.",2021-10-18,
TSLA,2 weeks,0.1,2021-11-01 00:00:00+08:00,114107.05216611124,96382.02370747388,18.39,Auto - Manufacturers,"Tesla, Inc.",2021-11-01,
TSLA,2 weeks,0.1,2021-12-27 00:00:00+08:00,110202.75051660008,95927.98933414595,14.88,Auto - Manufacturers,"Tesla, Inc.",2021-12-27,
TSLA,2 weeks,0.1,2022-01-24 00:00:00+08:00,90374.2664964901,103409.37700903109,-12.61,Auto - Manufacturers,"Tesla, Inc.",2022-01-24,
TSLA,2 weeks,0.1,2022-03-21 00:00:00+08:00,103438.49759479344,82683.68308536762,25.1,Auto - Manufacturers,"Tesla, Inc.",2022-03-21,
TSLA,2 weeks,0.1,2022-05-02 00:00:00+08:00,82899.6729275526,96193.08693837808,-13.82,Auto - Manufacturers,"Tesla, Inc.",2022-05-02,
TSLA,2 weeks,0.1,2022-05-16 00:00:00+08:00,69856.29462950374,82899.6729275526,-15.73,Auto - Manufacturers,"Tesla, Inc.",2022-05-16,
TSLA,2 weeks,0.1,2022-07-25 00:00:00+08:00,86481.92924528303,73949.42915149817,16.95,Auto - Manufacturers,"Tesla, Inc.",2022-07-25,
TSLA,2 weeks,0.1,2022-08-22 00:00:00+08:00,42979.04763147592,89295.95700660309,-51.87,Auto - Manufacturers,"Tesla, Inc.",2022-08-22,
TSLA,2 weeks,0.1,2022-09-05 00:00:00+08:00,29329.638374843467,42979.04763147592,-31.76,Auto - Manufacturers,"Tesla, Inc.",2022-09-05,
TSLA,2 weeks,0.1,2022-10-03 00:00:00+08:00,22942.783761871673,29254.991266375542,-21.58,Auto - Manufacturers,"Tesla, Inc.",2022-10-03,
TSLA,2 weeks,0.1,2022-11-14 00:00:00+08:00,18295.25437762997,20582.30606704438,-11.11,Auto - Manufacturers,"Tesla, Inc.",2022-11-14,
TSLA,2 weeks,0.1,2022-12-12 00:00:00+08:00,14915.00536809816,18320.934976210807,-18.59,Auto - Manufacturers,"Tesla, Inc.",2022-12-12,
TSLA,2 weeks,0.1,2022-12-26 00:00:00+08:00,11382.388021875417,14915.00536809816,-23.68,Auto - Manufacturers,"Tesla, Inc.",2022-12-26,
TSLA,2 weeks,0.1,2023-01-23 00:00:00+08:00,16510.773845991338,12437.69116402756,32.75,Auto - Manufacturers,"Tesla, Inc.",2023-01-23,
TSLA,2 weeks,0.1,2023-02-06 00:00:00+08:00,20207.39172563963,16510.773845991338,22.39,Auto - Manufacturers,"Tesla, Inc.",2023-02-06,
TSLA,2 weeks,0.1,2023-04-17 00:00:00+08:00,16787.509556955032,18738.828949008854,-10.41,Auto - Manufacturers,"Tesla, Inc.",2023-04-17,
TSLA,2 weeks,0.1,2023-05-29 00:00:00+08:00,21788.96723475756,17933.838439177103,21.5,Auto - Manufacturers,"Tesla, Inc.",2023-05-29,
TSLA,2 weeks,0.1,2023-06-12 00:00:00+08:00,25872.048157306017,21788.96723475756,18.74,Auto - Manufacturers,"Tesla, Inc.",2023-06-12,
TSLA,2 weeks,0.1,2023-10-16 00:00:00+08:00,22438.336211730402,25685.369946168823,-12.64,Auto - Manufacturers,"Tesla, Inc.",2023-10-16,
TSLA,2 weeks,0.1,2023-11-13 00:00:00+08:00,23476.78509664293,21230.12352285396,10.58,Auto - Manufacturers,"Tesla, Inc.",2023-11-13,
TSLA,2 weeks,0.1,2024-01-08 00:00:00+08:00,22358.114994934145,24920.83551103368,-10.28,Auto - Manufacturers,"Tesla, Inc.",2024-01-08,
TSLA,2 weeks,0.1,2024-01-22 00:00:00+08:00,19406.04338275673,22358.114994934145,-13.2,Auto - Manufacturers,"Tesla, Inc.",2024-01-22,
TSLA,2 weeks,0.1,2024-03-04 00:00:00+08:00,17622.83182881979,19628.956318835168,-10.22,Auto - Manufacturers,"Tesla, Inc.",2024-03-04,
TSLA,2 weeks,0.1,2024-04-29 00:00:00+08:00,18008.11859807801,15651.599737676248,15.06,Auto - Manufacturers,"Tesla, Inc.",2024-04-29,
TSLA,2 weeks,0.1,2024-06-24 00:00:00+08:00,20909.44074411344,18043.94214652609,15.88,Auto - Manufacturers,"Tesla, Inc.",2024-06-24,
TSLA,2 weeks,0.1,2024-07-08 00:00:00+08:00,25275.275493510744,20909.44074411344,20.88,Auto - Manufacturers,"Tesla, Inc.",2024-07-08,
TSLA,1 week,0.15,2014-02-24 00:00:00+08:00,24591.374928612226,20752.365778292777,18.5,Auto - Manufacturers,"Tesla, Inc.",2014-02-24,
TSLA,1 week,0.15,2016-02-08 00:00:00+08:00,15060.450181818182,17843.834188034187,-15.6,Auto - Manufacturers,"Tesla, Inc.",2016-02-08,
TSLA,1 week,0.15,2020-02-03 00:00:00+08:00,78026.10097137015,59963.1620871496,30.12,Auto - Manufacturers,"Tesla, Inc.",2020-02-03,
TSLA,1 week,0.15,2020-03-09 00:00:00+08:00,60177.91365979382,73070.45758564437,-17.64,Auto - Manufacturers,"Tesla, Inc.",2020-03-09,
TSLA,1 week,0.15,2020-03-16 00:00:00+08:00,42309.38822652757,60177.91365979382,-29.69,Auto - Manufacturers,"Tesla, Inc.",2020-03-16,
TSLA,1 week,0.15,2020-03-23 00:00:00+08:00,50064.97573839662,42309.38822652757,18.33,Auto - Manufacturers,"Tesla, Inc.",2020-03-23,
TSLA,1 week,0.15,2020-04-13 00:00:00+08:00,71424.15024440443,54245.844273743016,31.67,Auto - Manufacturers,"Tesla, Inc.",2020-04-13,
TSLA,1 week,0.15,2020-07-06 00:00:00+08:00,138678.0537938845,109771.2808056872,26.33,Auto - Manufacturers,"Tesla, Inc.",2020-07-06,
TSLA,1 week,0.15,2020-08-17 00:00:00+08:00,191599.00246078128,152995.59589905362,25.23,Auto - Manufacturers,"Tesla, Inc.",2020-08-17,
TSLA,1 week,0.15,2020-08-31 00:00:00+08:00,44744.42192192192,212778.7822855373,-78.97,Auto - Manufacturers,"Tesla, Inc.",2020-08-31,
TSLA,1 week,0.15,2020-09-07 00:00:00+08:00,36453.80435366837,44744.42192192192,-18.53,Auto - Manufacturers,"Tesla, Inc.",2020-09-07,
TSLA,1 week,0.15,2020-09-14 00:00:00+08:00,43190.12136139722,36453.80435366837,18.48,Auto - Manufacturers,"Tesla, Inc.",2020-09-14,
TSLA,1 week,0.15,2020-11-23 00:00:00+08:00,55142.143878185205,46608.83585365854,18.31,Auto - Manufacturers,"Tesla, Inc.",2020-11-23,
TSLA,1 week,0.15,2021-01-04 00:00:00+08:00,77959.6649520692,62963.47558991049,23.82,Auto - Manufacturers,"Tesla, Inc.",2021-01-04,
TSLA,1 week,0.15,2021-10-25 00:00:00+08:00,104388.08474142344,87597.84550561798,19.17,Auto - Manufacturers,"Tesla, Inc.",2021-10-25,
TSLA,1 week,0.15,2022-03-21 00:00:00+08:00,97886.63234042552,82494.92325581395,18.66,Auto - Manufacturers,"Tesla, Inc.",2022-03-21,
TSLA,1 week,0.15,2022-08-22 00:00:00+08:00,60585.838218714765,91167.56074766356,-33.54,Auto - Manufacturers,"Tesla, Inc.",2022-08-22,
TSLA,1 week,0.15,2022-08-29 00:00:00+08:00,27798.271688942892,60585.838218714765,-54.12,Auto - Manufacturers,"Tesla, Inc.",2022-08-29,
TSLA,1 week,0.15,2022-12-26 00:00:00+08:00,11677.748688352573,13788.120593293208,-15.31,Auto - Manufacturers,"Tesla, Inc.",2022-12-26,
TSLA,1 week,0.15,2023-01-23 00:00:00+08:00,15102.763594373295,12937.780252213575,16.73,Auto - Manufacturers,"Tesla, Inc.",2023-01-23,
TSLA,1 week,0.15,2023-01-30 00:00:00+08:00,17936.444090136054,15102.763594373295,18.76,Auto - Manufacturers,"Tesla, Inc.",2023-01-30,
TSLA,1 week,0.15,2024-04-29 00:00:00+08:00,18381.509751773046,15735.323006932407,16.82,Auto - Manufacturers,"Tesla, Inc.",2024-04-29,
TSLA,1 week,0.15,2024-07-01 00:00:00+08:00,22946.155524475525,19138.70744163424,19.89,Auto - Manufacturers,"Tesla, Inc.",2024-07-01,
TSLA,2 weeks,0.15,2014-02-17 00:00:00+08:00,22959.59120013134,18882.836363636365,21.59,Auto - Manufacturers,"Tesla, Inc.",2014-02-17,
TSLA,2 weeks,0.15,2016-02-08 00:00:00+08:00,15580.44550586192,18481.973489103573,-15.7,Auto - Manufacturers,"Tesla, Inc.",2016-02-08,
TSLA,2 weeks,0.15,2016-02-22 00:00:00+08:00,18616.037994604318,15580.44550586192,19.48,Auto - Manufacturers,"Tesla, Inc.",2016-02-22,
TSLA,2 weeks,0.15,2018-06-11 00:00:00+08:00,35023.81283514963,29872.76798245614,17.24,Auto - Manufacturers,"Tesla, Inc.",2018-06-11,
TSLA,2 weeks,0.15,2018-10-29 00:00:00+08:00,34245.17304364545,28420.4001009931,20.5,Auto - Manufacturers,"Tesla, Inc.",2018-10-29,
TSLA,2 weeks,0.15,2019-10-28 00:00:00+08:00,32202.891918593163,27118.885736050277,18.75,Auto - Manufacturers,"Tesla, Inc.",2019-10-28,
TSLA,2 weeks,0.15,2020-01-06 00:00:00+08:00,49582.801485761454,42586.2937581842,16.43,Auto - Manufacturers,"Tesla, Inc.",2020-01-06,
TSLA,2 weeks,0.15,2020-01-20 00:00:00+08:00,58262.18373353989,49582.801485761454,17.5,Auto - Manufacturers,"Tesla, Inc.",2020-01-20,
TSLA,2 weeks,0.15,2020-02-03 00:00:00+08:00,78068.65332612222,58262.18373353989,34.0,Auto - Manufacturers,"Tesla, Inc.",2020-02-03,
TSLA,2 weeks,0.15,2020-03-02 00:00:00+08:00,66451.89838581636,81658.74010883954,-18.62,Auto - Manufacturers,"Tesla, Inc.",2020-03-02,
TSLA,2 weeks,0.15,2020-03-16 00:00:00+08:00,46071.11601432591,66451.89838581636,-30.67,Auto - Manufacturers,"Tesla, Inc.",2020-03-16,
TSLA,2 weeks,0.15,2020-04-13 00:00:00+08:00,71659.1089260809,51914.57559764048,38.03,Auto - Manufacturers,"Tesla, Inc.",2020-04-13,
TSLA,2 weeks,0.15,2020-07-06 00:00:00+08:00,146326.813789206,103764.65136216422,41.02,Auto - Manufacturers,"Tesla, Inc.",2020-07-06,
TSLA,2 weeks,0.15,2020-08-17 00:00:00+08:00,202152.9390432099,150802.52447183098,34.05,Auto - Manufacturers,"Tesla, Inc.",2020-08-17,
TSLA,2 weeks,0.15,2020-08-31 00:00:00+08:00,41064.42812835501,202152.9390432099,-79.69,Auto - Manufacturers,"Tesla, Inc.",2020-08-31,
TSLA,2 weeks,0.15,2020-11-23 00:00:00+08:00,57049.09016949153,44304.9269583172,28.76,Auto - Manufacturers,"Tesla, Inc.",2020-11-23,
TSLA,2 weeks,0.15,2020-12-28 00:00:00+08:00,77959.6649520692,62548.15152870992,24.64,Auto - Manufacturers,"Tesla, Inc.",2020-12-28,
TSLA,2 weeks,0.15,2021-02-22 00:00:00+08:00,68357.83006119328,81199.02901163744,-15.81,Auto - Manufacturers,"Tesla, Inc.",2021-02-22,
TSLA,2 weeks,0.15,2021-10-18 00:00:00+08:00,96382.02370747388,79892.69164353993,20.64,Auto - Manufacturers,"Tesla, Inc.",2021-10-18,
TSLA,2 weeks,0.15,2021-11-01 00:00:00+08:00,114107.05216611124,96382.02370747388,18.39,Auto - Manufacturers,"Tesla, Inc.",2021-11-01,
TSLA,2 weeks,0.15,2022-03-21 00:00:00+08:00,103438.49759479344,82683.68308536762,25.1,Auto - Manufacturers,"Tesla, Inc.",2022-03-21,
TSLA,2 weeks,0.15,2022-05-16 00:00:00+08:00,69856.29462950374,82899.6729275526,-15.73,Auto - Manufacturers,"Tesla, Inc.",2022-05-16,
TSLA,2 weeks,0.15,2022-07-25 00:00:00+08:00,86481.92924528303,73949.42915149817,16.95,Auto - Manufacturers,"Tesla, Inc.",2022-07-25,
TSLA,2 weeks,0.15,2022-08-22 00:00:00+08:00,42979.04763147592,89295.95700660309,-51.87,Auto - Manufacturers,"Tesla, Inc.",2022-08-22,
TSLA,2 weeks,0.15,2022-09-05 00:00:00+08:00,29329.638374843467,42979.04763147592,-31.76,Auto - Manufacturers,"Tesla, Inc.",2022-09-05,
TSLA,2 weeks,0.15,2022-10-03 00:00:00+08:00,22942.783761871673,29254.991266375542,-21.58,Auto - Manufacturers,"Tesla, Inc.",2022-10-03,
TSLA,2 weeks,0.15,2022-12-12 00:00:00+08:00,14915.00536809816,18320.934976210807,-18.59,Auto - Manufacturers,"Tesla, Inc.",2022-12-12,
TSLA,2 weeks,0.15,2022-12-26 00:00:00+08:00,11382.388021875417,14915.00536809816,-23.68,Auto - Manufacturers,"Tesla, Inc.",2022-12-26,
TSLA,2 weeks,0.15,2023-01-23 00:00:00+08:00,16510.773845991338,12437.69116402756,32.75,Auto - Manufacturers,"Tesla, Inc.",2023-01-23,
TSLA,2 weeks,0.15,2023-02-06 00:00:00+08:00,20207.39172563963,16510.773845991338,22.39,Auto - Manufacturers,"Tesla, Inc.",2023-02-06,
TSLA,2 weeks,0.15,2023-05-29 00:00:00+08:00,21788.96723475756,17933.838439177103,21.5,Auto - Manufacturers,"Tesla, Inc.",2023-05-29,
TSLA,2 weeks,0.15,2023-06-12 00:00:00+08:00,25872.048157306017,21788.96723475756,18.74,Auto - Manufacturers,"Tesla, Inc.",2023-06-12,
TSLA,2 weeks,0.15,2024-04-29 00:00:00+08:00,18008.11859807801,15651.599737676248,15.06,Auto - Manufacturers,"Tesla, Inc.",2024-04-29,
TSLA,2 weeks,0.15,2024-06-24 00:00:00+08:00,20909.44074411344,18043.94214652609,15.88,Auto - Manufacturers,"Tesla, Inc.",2024-06-24,
TSLA,2 weeks,0.15,2024-07-08 00:00:00+08:00,25275.275493510744,20909.44074411344,20.88,Auto - Manufacturers,"Tesla, Inc.",2024-07-08,
UNH,1 week,0.05,2014-10-20 00:00:00+08:00,9021.73502538071,8474.469621513945,6.46,Medical - Healthcare Plans,UnitedHealth Group Incorporated,2014-10-20,
UNH,1 week,0.05,2015-01-19 00:00:00+08:00,10950.323943661971,10346.219979818365,5.84,Medical - Healthcare Plans,UnitedHealth Group Incorporated,2015-01-19,
UNH,1 week,0.05,2015-08-24 00:00:00+08:00,11402.603746397695,12198.384345208227,-6.52,Medical - Healthcare Plans,UnitedHealth Group Incorporated,2015-08-24,
UNH,1 week,0.05,2015-09-28 00:00:00+08:00,11502.330482897383,12171.806549118388,-5.5,Medical - Healthcare Plans,UnitedHealth Group Incorporated,2015-09-28,
UNH,1 week,0.05,2016-02-15 00:00:00+08:00,11682.720578980492,11121.906584992345,5.04,Medical - Healthcare Plans,UnitedHealth Group Incorporated,2016-02-15,
UNH,1 week,0.05,2016-10-17 00:00:00+08:00,14239.372881355932,13542.26523297491,5.15,Medical - Healthcare Plans,UnitedHealth Group Incorporated,2016-10-17,
UNH,1 week,0.05,2016-11-14 00:00:00+08:00,15108.451547437848,14312.39902676399,5.56,Medical - Healthcare Plans,UnitedHealth Group Incorporated,2016-11-14,
UNH,1 week,0.05,2018-01-15 00:00:00+08:00,23823.636259323008,22562.675716440423,5.59,Medical - Healthcare Plans,UnitedHealth Group Incorporated,2018-01-15,
UNH,1 week,0.05,2018-02-05 00:00:00+08:00,22317.863942307693,23846.163048498845,-6.41,Medical - Healthcare Plans,UnitedHealth Group Incorporated,2018-02-05,
UNH,1 week,0.05,2018-12-17 00:00:00+08:00,25087.749265426053,26853.073872087258,-6.57,Medical - Healthcare Plans,UnitedHealth Group Incorporated,2018-12-17,
UNH,1 week,0.05,2019-01-14 00:00:00+08:00,25669.146260123867,24313.90497737557,5.57,Medical - Healthcare Plans,UnitedHealth Group Incorporated,2019-01-14,
UNH,1 week,0.05,2019-02-25 00:00:00+08:00,25449.186920449,26855.413071065992,-5.24,Medical - Healthcare Plans,UnitedHealth Group Incorporated,2019-02-25,
UNH,1 week,0.05,2019-03-04 00:00:00+08:00,23830.858565737053,25449.186920449,-6.36,Medical - Healthcare Plans,UnitedHealth Group Incorporated,2019-03-04,
UNH,1 week,0.05,2019-04-15 00:00:00+08:00,22234.645194805194,24160.603057199212,-7.97,Medical - Healthcare Plans,UnitedHealth Group Incorporated,2019-04-15,
UNH,1 week,0.05,2019-10-14 00:00:00+08:00,23559.825842696628,22234.735792622138,5.96,Medical - Healthcare Plans,UnitedHealth Group Incorporated,2019-10-14,
UNH,1 week,0.05,2019-11-18 00:00:00+08:00,27456.417258883248,25616.296106557376,7.18,Medical - Healthcare Plans,UnitedHealth Group Incorporated,2019-11-18,
UNH,1 week,0.05,2020-01-27 00:00:00+08:00,28148.800794833583,29814.84562066793,-5.59,Medical - Healthcare Plans,UnitedHealth Group Incorporated,2020-01-27,
UNH,1 week,0.05,2020-02-24 00:00:00+08:00,26528.305914972272,30212.697511167837,-12.19,Medical - Healthcare Plans,UnitedHealth Group Incorporated,2020-02-24,
UNH,1 week,0.05,2020-03-16 00:00:00+08:00,22631.611425873463,26881.290566037736,-15.81,Medical - Healthcare Plans,UnitedHealth Group Incorporated,2020-03-16,
UNH,1 week,0.05,2020-03-30 00:00:00+08:00,24119.08426150121,22619.33732718894,6.63,Medical - Healthcare Plans,UnitedHealth Group Incorporated,2020-03-30,
UNH,1 week,0.05,2020-04-06 00:00:00+08:00,25484.508949880666,24119.08426150121,5.66,Medical - Healthcare Plans,UnitedHealth Group Incorporated,2020-04-06,
UNH,1 week,0.05,2020-04-13 00:00:00+08:00,27875.474677716393,25484.508949880666,9.38,Medical - Healthcare Plans,UnitedHealth Group Incorporated,2020-04-13,
UNH,1 week,0.05,2020-11-02 00:00:00+08:00,33755.425424506655,31243.852483692925,8.04,Medical - Healthcare Plans,UnitedHealth Group Incorporated,2020-11-02,
UNH,1 week,0.05,2020-11-09 00:00:00+08:00,35540.308582449376,33755.425424506655,5.29,Medical - Healthcare Plans,UnitedHealth Group Incorporated,2020-11-09,
UNH,1 week,0.05,2022-06-13 00:00:00+08:00,46141.65278474661,49113.01573151547,-6.05,Medical - Healthcare Plans,UnitedHealth Group Incorporated,2022-06-13,
UNH,1 week,0.05,2022-06-20 00:00:00+08:00,48836.013801756584,46141.65278474661,5.84,Medical - Healthcare Plans,UnitedHealth Group Incorporated,2022-06-20,
UNH,1 week,0.05,2023-01-02 00:00:00+08:00,50121.86945658963,53107.13147138965,-5.62,Medical - Healthcare Plans,UnitedHealth Group Incorporated,2023-01-02,
UNH,1 week,0.05,2023-04-03 00:00:00+08:00,50100.41587901702,47336.70506912442,5.84,Medical - Healthcare Plans,UnitedHealth Group Incorporated,2023-04-03,
UNH,1 week,0.05,2023-07-17 00:00:00+08:00,50041.13589364845,46194.2380952381,8.33,Medical - Healthcare Plans,UnitedHealth Group Incorporated,2023-07-17,
UNH,1 week,0.05,2024-03-04 00:00:00+08:00,47768.933830845766,50368.54486540379,-5.16,Medical - Healthcare Plans,UnitedHealth Group Incorporated,2024-03-04,
UNH,1 week,0.05,2024-04-01 00:00:00+08:00,46381.78297872341,49086.57288828338,-5.51,Medical - Healthcare Plans,UnitedHealth Group Incorporated,2024-04-01,
UNH,1 week,0.05,2024-04-15 00:00:00+08:00,47874.59504132231,44957.34437751004,6.49,Medical - Healthcare Plans,UnitedHealth Group Incorporated,2024-04-15,
UNH,1 week,0.05,2024-05-27 00:00:00+08:00,49032.128287363696,51894.20608495981,-5.52,Medical - Healthcare Plans,UnitedHealth Group Incorporated,2024-05-27,
UNH,1 week,0.05,2024-07-15 00:00:00+08:00,55061.72892938497,49885.58162729659,10.38,Medical - Healthcare Plans,UnitedHealth Group Incorporated,2024-07-15,
UNH,2 weeks,0.05,2014-02-17 00:00:00+08:00,7503.409863471718,7091.13164556962,5.81,Medical - Healthcare Plans,UnitedHealth Group Incorporated,2014-02-17,
UNH,2 weeks,0.05,2014-04-14 00:00:00+08:00,7675.253055555555,8124.232374650039,-5.53,Medical - Healthcare Plans,UnitedHealth Group Incorporated,2014-04-14,
UNH,2 weeks,0.05,2014-10-27 00:00:00+08:00,9409.49124587668,8745.488436400201,7.59,Medical - Healthcare Plans,UnitedHealth Group Incorporated,2014-10-27,
UNH,2 weeks,0.05,2015-01-19 00:00:00+08:00,10948.732192159028,10235.154833836858,6.97,Medical - Healthcare Plans,UnitedHealth Group Incorporated,2015-01-19,
UNH,2 weeks,0.05,2015-09-14 00:00:00+08:00,12120.762025316457,11497.834175084176,5.42,Medical - Healthcare Plans,UnitedHealth Group Incorporated,2015-09-14,
UNH,2 weeks,0.05,2016-02-22 00:00:00+08:00,12091.154218710171,11373.07158962796,6.31,Medical - Healthcare Plans,UnitedHealth Group Incorporated,2016-02-22,
UNH,2 weeks,0.05,2016-11-14 00:00:00+08:00,15137.288140643625,14141.860349127182,7.04,Medical - Healthcare Plans,UnitedHealth Group Incorporated,2016-11-14,
UNH,2 weeks,0.05,2018-02-05 00:00:00+08:00,22453.55317577548,24162.23748488513,-7.07,Medical - Healthcare Plans,UnitedHealth Group Incorporated,2018-02-05,
UNH,2 weeks,0.05,2018-12-10 00:00:00+08:00,25964.975117023896,27636.680144004433,-6.05,Medical - Healthcare Plans,UnitedHealth Group Incorporated,2018-12-10,
UNH,2 weeks,0.05,2018-12-24 00:00:00+08:00,24166.47156084656,25964.975117023896,-6.93,Medical - Healthcare Plans,UnitedHealth Group Incorporated,2018-12-24,
UNH,2 weeks,0.05,2019-01-21 00:00:00+08:00,26742.370758620687,25009.759050880624,6.93,Medical - Healthcare Plans,UnitedHealth Group Incorporated,2019-01-21,
UNH,2 weeks,0.05,2019-03-04 00:00:00+08:00,24337.068768619665,26060.555862068966,-6.61,Medical - Healthcare Plans,UnitedHealth Group Incorporated,2019-03-04,
UNH,2 weeks,0.05,2019-04-15 00:00:00+08:00,22628.823676323675,24367.31,-7.13,Medical - Healthcare Plans,UnitedHealth Group Incorporated,2019-04-15,
UNH,2 weeks,0.05,2019-07-08 00:00:00+08:00,25818.527193618564,24552.4927877539,5.16,Medical - Healthcare Plans,UnitedHealth Group Incorporated,2019-07-08,
UNH,2 weeks,0.05,2019-10-14 00:00:00+08:00,24075.521908471277,21929.085016205438,9.79,Medical - Healthcare Plans,UnitedHealth Group Incorporated,2019-10-14,
UNH,2 weeks,0.05,2019-11-11 00:00:00+08:00,26540.579296277407,25240.57827962446,5.15,Medical - Healthcare Plans,UnitedHealth Group Incorporated,2019-11-11,
UNH,2 weeks,0.05,2019-11-25 00:00:00+08:00,27990.96547654175,26540.579296277407,5.46,Medical - Healthcare Plans,UnitedHealth Group Incorporated,2019-11-25,
UNH,2 weeks,0.05,2020-03-16 00:00:00+08:00,22625.399953358206,27226.2004099294,-16.9,Medical - Healthcare Plans,UnitedHealth Group Incorporated,2020-03-16,
UNH,2 weeks,0.05,2020-03-30 00:00:00+08:00,24730.80620155039,22625.399953358206,9.31,Medical - Healthcare Plans,UnitedHealth Group Incorporated,2020-03-30,
UNH,2 weeks,0.05,2020-04-13 00:00:00+08:00,28080.817168603273,24730.80620155039,13.55,Medical - Healthcare Plans,UnitedHealth Group Incorporated,2020-04-13,
UNH,2 weeks,0.05,2020-11-09 00:00:00+08:00,35057.852783203125,32555.625599232982,7.69,Medical - Healthcare Plans,UnitedHealth Group Incorporated,2020-11-09,
UNH,2 weeks,0.05,2021-03-08 00:00:00+08:00,35565.07345491388,33367.46907087403,6.59,Medical - Healthcare Plans,UnitedHealth Group Incorporated,2021-03-08,
UNH,2 weeks,0.05,2021-04-19 00:00:00+08:00,39661.62697795071,37477.148157496216,5.83,Medical - Healthcare Plans,UnitedHealth Group Incorporated,2021-04-19,
UNH,2 weeks,0.05,2021-10-18 00:00:00+08:00,44433.51647785788,40506.605229753746,9.69,Medical - Healthcare Plans,UnitedHealth Group Incorporated,2021-10-18,
UNH,2 weeks,0.05,2021-12-13 00:00:00+08:00,48681.005626295526,45712.32599118943,6.49,Medical - Healthcare Plans,UnitedHealth Group Incorporated,2021-12-13,
UNH,2 weeks,0.05,2022-01-10 00:00:00+08:00,46665.38485016648,49311.29756097561,-5.37,Medical - Healthcare Plans,UnitedHealth Group Incorporated,2022-01-10,
UNH,2 weeks,0.05,2022-05-02 00:00:00+08:00,49204.81808994442,52733.69174265451,-6.69,Medical - Healthcare Plans,UnitedHealth Group Incorporated,2022-05-02,
UNH,2 weeks,0.05,2022-06-27 00:00:00+08:00,51127.17388841688,47338.979648731525,8.0,Medical - Healthcare Plans,UnitedHealth Group Incorporated,2022-06-27,
UNH,2 weeks,0.05,2023-01-09 00:00:00+08:00,48866.16232519879,51549.814923427824,-5.21,Medical - Healthcare Plans,UnitedHealth Group Incorporated,2023-01-09,
UNH,2 weeks,0.05,2023-04-03 00:00:00+08:00,51135.82473655019,47527.797030970054,7.59,Medical - Healthcare Plans,UnitedHealth Group Incorporated,2023-04-03,
UNH,2 weeks,0.05,2023-07-24 00:00:00+08:00,50653.99143302181,48066.52408339324,5.38,Medical - Healthcare Plans,UnitedHealth Group Incorporated,2023-07-24,
UNH,2 weeks,0.05,2024-03-04 00:00:00+08:00,48323.77557755776,51175.31316014845,-5.57,Medical - Healthcare Plans,UnitedHealth Group Incorporated,2024-03-04,
UNH,2 weeks,0.05,2024-04-01 00:00:00+08:00,45690.89383978573,49120.60727163462,-6.98,Medical - Healthcare Plans,UnitedHealth Group Incorporated,2024-04-01,
UNH,2 weeks,0.05,2024-04-15 00:00:00+08:00,48486.609685230025,45690.89383978573,6.12,Medical - Healthcare Plans,UnitedHealth Group Incorporated,2024-04-15,
UNH,2 weeks,0.05,2024-07-08 00:00:00+08:00,52656.71414634147,49086.00389338125,7.27,Medical - Healthcare Plans,UnitedHealth Group Incorporated,2024-07-08,
UNH,2 weeks,0.05,2024-07-22 00:00:00+08:00,56605.31700946784,52656.71414634147,7.5,Medical - Healthcare Plans,UnitedHealth Group Incorporated,2024-07-22,
UNH,1 week,0.1,2020-02-24 00:00:00+08:00,26528.305914972272,30212.697511167837,-12.19,Medical - Healthcare Plans,UnitedHealth Group Incorporated,2020-02-24,
UNH,1 week,0.1,2020-03-16 00:00:00+08:00,22631.611425873463,26881.290566037736,-15.81,Medical - Healthcare Plans,UnitedHealth Group Incorporated,2020-03-16,
UNH,1 week,0.1,2024-07-15 00:00:00+08:00,55061.72892938497,49885.58162729659,10.38,Medical - Healthcare Plans,UnitedHealth Group Incorporated,2024-07-15,
UNH,2 weeks,0.1,2020-03-16 00:00:00+08:00,22625.399953358206,27226.2004099294,-16.9,Medical - Healthcare Plans,UnitedHealth Group Incorporated,2020-03-16,
UNH,2 weeks,0.1,2020-04-13 00:00:00+08:00,28080.817168603273,24730.80620155039,13.55,Medical - Healthcare Plans,UnitedHealth Group Incorporated,2020-04-13,
UNH,1 week,0.15,2020-03-16 00:00:00+08:00,22631.611425873463,26881.290566037736,-15.81,Medical - Healthcare Plans,UnitedHealth Group Incorporated,2020-03-16,
UNH,2 weeks,0.15,2020-03-16 00:00:00+08:00,22625.399953358206,27226.2004099294,-16.9,Medical - Healthcare Plans,UnitedHealth Group Incorporated,2020-03-16,
V,1 week,0.05,2014-04-07 00:00:00+08:00,20251.965551181103,21376.97400611621,-5.26,Financial - Credit Services,Visa Inc.,2014-04-07,
V,1 week,0.05,2014-10-27 00:00:00+08:00,22444.02202845342,21185.638385928607,5.94,Financial - Credit Services,Visa Inc.,2014-10-27,
V,1 week,0.05,2014-11-03 00:00:00+08:00,24674.52411417323,22444.02202845342,9.94,Financial - Credit Services,Visa Inc.,2014-11-03,
V,1 week,0.05,2015-03-16 00:00:00+08:00,17666.772927689595,26757.36359126984,-33.97,Financial - Credit Services,Visa Inc.,2015-03-16,
V,1 week,0.05,2015-03-23 00:00:00+08:00,6651.568341944575,17666.772927689595,-62.35,Financial - Credit Services,Visa Inc.,2015-03-23,
V,1 week,0.05,2015-10-05 00:00:00+08:00,7277.892408245349,6894.134015594542,5.57,Financial - Credit Services,Visa Inc.,2015-10-05,
V,1 week,0.05,2016-02-08 00:00:00+08:00,6887.117619272555,7321.99271491015,-5.94,Financial - Credit Services,Visa Inc.,2016-02-08,
V,1 week,0.05,2018-02-05 00:00:00+08:00,11762.401618398637,12408.456747404844,-5.21,Financial - Credit Services,Visa Inc.,2018-02-05,
V,1 week,0.05,2018-10-08 00:00:00+08:00,13913.381596752368,14873.152035311428,-6.45,Financial - Credit Services,Visa Inc.,2018-10-08,
V,1 week,0.05,2020-02-24 00:00:00+08:00,18863.133658197006,21117.595657276997,-10.68,Financial - Credit Services,Visa Inc.,2020-02-24,
V,1 week,0.05,2020-03-09 00:00:00+08:00,17069.6850934045,18771.384737050215,-9.07,Financial - Credit Services,Visa Inc.,2020-03-09,
V,1 week,0.05,2020-03-16 00:00:00+08:00,15267.001219512196,17069.6850934045,-10.56,Financial - Credit Services,Visa Inc.,2020-03-16,
V,1 week,0.05,2020-04-06 00:00:00+08:00,17101.046650124066,15855.122673434857,7.86,Financial - Credit Services,Visa Inc.,2020-04-06,
V,1 week,0.05,2020-04-27 00:00:00+08:00,17615.1550295858,16507.762447257384,6.71,Financial - Credit Services,Visa Inc.,2020-04-27,
V,1 week,0.05,2020-05-18 00:00:00+08:00,19171.56668183887,18053.51300954033,6.19,Financial - Credit Services,Visa Inc.,2020-05-18,
V,1 week,0.05,2020-10-26 00:00:00+08:00,18577.856840321896,19819.364688856727,-6.26,Financial - Credit Services,Visa Inc.,2020-10-26,
V,1 week,0.05,2020-11-09 00:00:00+08:00,21164.12631118881,19300.20961281709,9.66,Financial - Credit Services,Visa Inc.,2020-11-09,
V,1 week,0.05,2021-03-22 00:00:00+08:00,20913.019643672913,22028.72887650882,-5.06,Financial - Credit Services,Visa Inc.,2021-03-22,
V,1 week,0.05,2021-12-06 00:00:00+08:00,20812.650991240203,19565.227896995708,6.38,Financial - Credit Services,Visa Inc.,2021-12-06,
V,1 week,0.05,2022-01-31 00:00:00+08:00,22974.95042429656,20846.409927942354,10.21,Financial - Credit Services,Visa Inc.,2022-01-31,
V,1 week,0.05,2022-03-07 00:00:00+08:00,19579.023685457127,20859.373945641986,-6.14,Financial - Credit Services,Visa Inc.,2022-03-07,
V,1 week,0.05,2022-03-14 00:00:00+08:00,20845.59951807229,19579.023685457127,6.47,Financial - Credit Services,Visa Inc.,2022-03-14,
V,1 week,0.05,2022-05-09 00:00:00+08:00,19545.091861018565,20734.959016393444,-5.74,Financial - Credit Services,Visa Inc.,2022-05-09,
V,1 week,0.05,2022-06-13 00:00:00+08:00,19205.872909698995,21051.595765632694,-8.77,Financial - Credit Services,Visa Inc.,2022-06-13,
V,1 week,0.05,2022-09-19 00:00:00+08:00,18872.949879518073,19927.051616015437,-5.29,Financial - Credit Services,Visa Inc.,2022-09-19,
V,1 week,0.05,2022-10-24 00:00:00+08:00,19996.714984437527,18730.70802919708,6.76,Financial - Credit Services,Visa Inc.,2022-10-24,
V,2 weeks,0.05,2014-03-31 00:00:00+08:00,20804.611166750125,22091.330077635863,-5.82,Financial - Credit Services,Visa Inc.,2014-03-31,
V,2 weeks,0.05,2014-10-27 00:00:00+08:00,23520.341249109475,20742.57261934832,13.39,Financial - Credit Services,Visa Inc.,2014-10-27,
V,2 weeks,0.05,2014-11-10 00:00:00+08:00,25051.929067077872,23520.341249109475,6.51,Financial - Credit Services,Visa Inc.,2014-11-10,
V,2 weeks,0.05,2015-03-16 00:00:00+08:00,12333.27950875597,27092.528800988875,-54.48,Financial - Credit Services,Visa Inc.,2015-03-16,
V,2 weeks,0.05,2015-03-30 00:00:00+08:00,6579.013093289689,12333.27950875597,-46.66,Financial - Credit Services,Visa Inc.,2015-03-30,
V,2 weeks,0.05,2015-07-20 00:00:00+08:00,7409.742296279389,6881.2816621050015,7.68,Financial - Credit Services,Visa Inc.,2015-07-20,
V,2 weeks,0.05,2015-10-12 00:00:00+08:00,7574.203117268678,7083.021776787924,6.93,Financial - Credit Services,Visa Inc.,2015-10-12,
V,2 weeks,0.05,2019-01-07 00:00:00+08:00,13748.150347139095,12972.615361714796,5.98,Financial - Credit Services,Visa Inc.,2019-01-07,
V,2 weeks,0.05,2020-01-20 00:00:00+08:00,20475.31405342625,19489.67958305008,5.06,Financial - Credit Services,Visa Inc.,2020-01-20,
V,2 weeks,0.05,2020-03-02 00:00:00+08:00,17905.010869565216,19702.461437622896,-9.12,Financial - Credit Services,Visa Inc.,2020-03-02,
V,2 weeks,0.05,2020-03-16 00:00:00+08:00,15417.036666666669,17905.010869565216,-13.9,Financial - Credit Services,Visa Inc.,2020-03-16,
V,2 weeks,0.05,2020-03-30 00:00:00+08:00,16428.435487554238,15417.036666666669,6.56,Financial - Credit Services,Visa Inc.,2020-03-30,
V,2 weeks,0.05,2020-04-27 00:00:00+08:00,17821.00687643259,16662.357313670786,6.95,Financial - Credit Services,Visa Inc.,2020-04-27,
V,2 weeks,0.05,2020-10-26 00:00:00+08:00,18930.097873263887,20072.11348837209,-5.69,Financial - Credit Services,Visa Inc.,2020-10-26,
V,2 weeks,0.05,2020-11-09 00:00:00+08:00,21059.54726368159,18930.097873263887,11.25,Financial - Credit Services,Visa Inc.,2020-11-09,
V,2 weeks,0.05,2021-11-01 00:00:00+08:00,21289.838822246456,22603.56288888889,-5.81,Financial - Credit Services,Visa Inc.,2021-11-01,
V,2 weeks,0.05,2021-12-13 00:00:00+08:00,21263.2701446281,20166.61947099355,5.44,Financial - Credit Services,Visa Inc.,2021-12-13,
V,2 weeks,0.05,2022-02-21 00:00:00+08:00,21260.04593548387,22701.173150816525,-6.35,Financial - Credit Services,Visa Inc.,2022-02-21,
V,2 weeks,0.05,2022-03-21 00:00:00+08:00,22028.502690802346,20206.86526516961,9.01,Financial - Credit Services,Visa Inc.,2022-03-21,
V,2 weeks,0.05,2022-05-02 00:00:00+08:00,20136.177964071856,21426.326451905625,-6.02,Financial - Credit Services,Visa Inc.,2022-05-02,
V,2 weeks,0.05,2022-06-13 00:00:00+08:00,19425.740182894027,21140.18060836502,-8.11,Financial - Credit Services,Visa Inc.,2022-06-13,
V,2 weeks,0.05,2022-09-19 00:00:00+08:00,18475.61748774826,19970.931468531468,-7.49,Financial - Credit Services,Visa Inc.,2022-09-19,
V,2 weeks,0.05,2022-10-17 00:00:00+08:00,19392.2437267658,18314.710964268234,5.88,Financial - Credit Services,Visa Inc.,2022-10-17,
V,2 weeks,0.05,2023-01-09 00:00:00+08:00,22147.384928164814,20939.757275541797,5.77,Financial - Credit Services,Visa Inc.,2023-01-09,
V,1 week,0.1,2015-03-16 00:00:00+08:00,17666.772927689595,26757.36359126984,-33.97,Financial - Credit Services,Visa Inc.,2015-03-16,
V,1 week,0.1,2015-03-23 00:00:00+08:00,6651.568341944575,17666.772927689595,-62.35,Financial - Credit Services,Visa Inc.,2015-03-23,
V,1 week,0.1,2020-02-24 00:00:00+08:00,18863.133658197006,21117.595657276997,-10.68,Financial - Credit Services,Visa Inc.,2020-02-24,
V,1 week,0.1,2020-03-16 00:00:00+08:00,15267.001219512196,17069.6850934045,-10.56,Financial - Credit Services,Visa Inc.,2020-03-16,
V,1 week,0.1,2022-01-31 00:00:00+08:00,22974.95042429656,20846.409927942354,10.21,Financial - Credit Services,Visa Inc.,2022-01-31,
V,2 weeks,0.1,2014-10-27 00:00:00+08:00,23520.341249109475,20742.57261934832,13.39,Financial - Credit Services,Visa Inc.,2014-10-27,
V,2 weeks,0.1,2015-03-16 00:00:00+08:00,12333.27950875597,27092.528800988875,-54.48,Financial - Credit Services,Visa Inc.,2015-03-16,
V,2 weeks,0.1,2015-03-30 00:00:00+08:00,6579.013093289689,12333.27950875597,-46.66,Financial - Credit Services,Visa Inc.,2015-03-30,
V,2 weeks,0.1,2020-03-16 00:00:00+08:00,15417.036666666669,17905.010869565216,-13.9,Financial - Credit Services,Visa Inc.,2020-03-16,
V,2 weeks,0.1,2020-11-09 00:00:00+08:00,21059.54726368159,18930.097873263887,11.25,Financial - Credit Services,Visa Inc.,2020-11-09,
V,1 week,0.15,2015-03-16 00:00:00+08:00,17666.772927689595,26757.36359126984,-33.97,Financial - Credit Services,Visa Inc.,2015-03-16,
V,1 week,0.15,2015-03-23 00:00:00+08:00,6651.568341944575,17666.772927689595,-62.35,Financial - Credit Services,Visa Inc.,2015-03-23,
V,2 weeks,0.15,2015-03-16 00:00:00+08:00,12333.27950875597,27092.528800988875,-54.48,Financial - Credit Services,Visa Inc.,2015-03-16,
V,2 weeks,0.15,2015-03-30 00:00:00+08:00,6579.013093289689,12333.27950875597,-46.66,Financial - Credit Services,Visa Inc.,2015-03-30,
WMT,1 week,0.05,2015-08-24 00:00:00+08:00,6485.7996298010175,6928.326077298979,-6.39,Discount Stores,Walmart Inc.,2015-08-24,
WMT,1 week,0.05,2015-10-12 00:00:00+08:00,6218.495161968868,6613.927565392354,-5.98,Discount Stores,Walmart Inc.,2015-10-12,
WMT,1 week,0.05,2015-10-19 00:00:00+08:00,5874.7823446987395,6218.495161968868,-5.53,Discount Stores,Walmart Inc.,2015-10-19,
WMT,1 week,0.05,2016-05-23 00:00:00+08:00,7044.784569138277,6659.386245674741,5.79,Discount Stores,Walmart Inc.,2016-05-23,
WMT,1 week,0.05,2017-10-09 00:00:00+08:00,8446.963436123347,7913.214641434262,6.75,Discount Stores,Walmart Inc.,2017-10-09,
WMT,1 week,0.05,2018-02-05 00:00:00+08:00,10113.260463045413,10719.560716013546,-5.66,Discount Stores,Walmart Inc.,2018-02-05,
WMT,1 week,0.05,2018-02-19 00:00:00+08:00,9368.215418502203,10167.24494485294,-7.86,Discount Stores,Walmart Inc.,2018-02-19,
WMT,1 week,0.05,2018-11-19 00:00:00+08:00,9509.083441981747,10147.803718115001,-6.29,Discount Stores,Walmart Inc.,2018-11-19,
WMT,1 week,0.05,2020-04-06 00:00:00+08:00,12291.344608879492,11517.261545293071,6.72,Discount Stores,Walmart Inc.,2020-04-06,
WMT,1 week,0.05,2020-07-13 00:00:00+08:00,13179.368972746332,12533.310488451343,5.15,Discount Stores,Walmart Inc.,2020-07-13,
WMT,1 week,0.05,2020-08-31 00:00:00+08:00,14361.078093306289,13410.944140625,7.08,Discount Stores,Walmart Inc.,2020-08-31,
WMT,1 week,0.05,2021-02-22 00:00:00+08:00,13407.20264681555,14222.090589270008,-5.73,Discount Stores,Walmart Inc.,2021-02-22,
WMT,1 week,0.05,2022-05-16 00:00:00+08:00,12867.159686755193,14907.126126126126,-13.68,Discount Stores,Walmart Inc.,2022-05-16,
WMT,1 week,0.05,2022-08-15 00:00:00+08:00,13773.28437372501,12897.726351351352,6.79,Discount Stores,Walmart Inc.,2022-08-15,
WMT,1 week,0.05,2024-02-26 00:00:00+08:00,5920.032861896839,17527.092666005945,-66.22,Discount Stores,Walmart Inc.,2024-02-26,
WMT,1 week,0.05,2024-05-20 00:00:00+08:00,6497.357734806629,6173.829620945681,5.24,Discount Stores,Walmart Inc.,2024-05-20,
WMT,2 weeks,0.05,2014-11-10 00:00:00+08:00,8239.413058907026,7688.606136820925,7.16,Discount Stores,Walmart Inc.,2014-11-10,
WMT,2 weeks,0.05,2015-08-17 00:00:00+08:00,6711.576382592928,7219.915279503106,-7.04,Discount Stores,Walmart Inc.,2015-08-17,
WMT,2 weeks,0.05,2015-10-12 00:00:00+08:00,6055.61575918548,6508.23246492986,-6.95,Discount Stores,Walmart Inc.,2015-10-12,
WMT,2 weeks,0.05,2017-07-24 00:00:00+08:00,7956.3547179231155,7535.548363636363,5.58,Discount Stores,Walmart Inc.,2017-07-24,
WMT,2 weeks,0.05,2017-10-16 00:00:00+08:00,8721.541564190851,8196.433380084152,6.41,Discount Stores,Walmart Inc.,2017-10-16,
WMT,2 weeks,0.05,2017-11-13 00:00:00+08:00,9496.367326484591,8893.311817279045,6.78,Discount Stores,Walmart Inc.,2017-11-13,
WMT,2 weeks,0.05,2018-02-19 00:00:00+08:00,9216.317104977179,10139.825418362732,-9.11,Discount Stores,Walmart Inc.,2018-02-19,
WMT,2 weeks,0.05,2018-10-29 00:00:00+08:00,10235.8236574746,9685.33421495552,5.68,Discount Stores,Walmart Inc.,2018-10-29,
WMT,2 weeks,0.05,2019-06-10 00:00:00+08:00,10911.508132084771,10309.600875992335,5.84,Discount Stores,Walmart Inc.,2019-06-10,
WMT,2 weeks,0.05,2020-04-13 00:00:00+08:00,12937.789014821272,11870.679777992278,8.99,Discount Stores,Walmart Inc.,2020-04-13,
WMT,2 weeks,0.05,2020-07-06 00:00:00+08:00,12839.886191802627,12005.232066448529,6.95,Discount Stores,Walmart Inc.,2020-07-06,
WMT,2 weeks,0.05,2020-08-31 00:00:00+08:00,14186.386759581883,13383.102530703389,6.0,Discount Stores,Walmart Inc.,2020-08-31,
WMT,2 weeks,0.05,2020-11-09 00:00:00+08:00,14959.438537549408,14191.341645885288,5.41,Discount Stores,Walmart Inc.,2020-11-09,
WMT,2 weeks,0.05,2021-02-22 00:00:00+08:00,13178.7133483699,14341.417292377702,-8.11,Discount Stores,Walmart Inc.,2021-02-22,
WMT,2 weeks,0.05,2021-10-18 00:00:00+08:00,14704.795177902623,13873.236873651404,5.99,Discount Stores,Walmart Inc.,2021-10-18,
WMT,2 weeks,0.05,2022-04-04 00:00:00+08:00,15489.874900609593,14575.010837438424,6.28,Discount Stores,Walmart Inc.,2022-04-04,
WMT,2 weeks,0.05,2022-05-16 00:00:00+08:00,12677.45310690853,15066.363264323543,-15.86,Discount Stores,Walmart Inc.,2022-05-16,
WMT,2 weeks,0.05,2024-02-19 00:00:00+08:00,11216.96788783356,16945.132249454015,-33.8,Discount Stores,Walmart Inc.,2024-02-19,
WMT,2 weeks,0.05,2024-03-04 00:00:00+08:00,6046.805698900605,11216.96788783356,-46.09,Discount Stores,Walmart Inc.,2024-03-04,
WMT,2 weeks,0.05,2024-05-13 00:00:00+08:00,6322.36123441133,5991.276600866634,5.53,Discount Stores,Walmart Inc.,2024-05-13,
WMT,1 week,0.1,2022-05-16 00:00:00+08:00,12867.159686755193,14907.126126126126,-13.68,Discount Stores,Walmart Inc.,2022-05-16,
WMT,1 week,0.1,2024-02-26 00:00:00+08:00,5920.032861896839,17527.092666005945,-66.22,Discount Stores,Walmart Inc.,2024-02-26,
WMT,2 weeks,0.1,2022-05-16 00:00:00+08:00,12677.45310690853,15066.363264323543,-15.86,Discount Stores,Walmart Inc.,2022-05-16,
WMT,2 weeks,0.1,2024-02-19 00:00:00+08:00,11216.96788783356,16945.132249454015,-33.8,Discount Stores,Walmart Inc.,2024-02-19,
WMT,2 weeks,0.1,2024-03-04 00:00:00+08:00,6046.805698900605,11216.96788783356,-46.09,Discount Stores,Walmart Inc.,2024-03-04,
WMT,1 week,0.15,2024-02-26 00:00:00+08:00,5920.032861896839,17527.092666005945,-66.22,Discount Stores,Walmart Inc.,2024-02-26,
WMT,2 weeks,0.15,2022-05-16 00:00:00+08:00,12677.45310690853,15066.363264323543,-15.86,Discount Stores,Walmart Inc.,2022-05-16,
WMT,2 weeks,0.15,2024-02-19 00:00:00+08:00,11216.96788783356,16945.132249454015,-33.8,Discount Stores,Walmart Inc.,2024-02-19,
WMT,2 weeks,0.15,2024-03-04 00:00:00+08:00,6046.805698900605,11216.96788783356,-46.09,Discount Stores,Walmart Inc.,2024-03-04,
XOM,1 week,0.05,2014-12-22 00:00:00+08:00,9364.978900255754,8910.119839679359,5.1,Oil & Gas Integrated,Exxon Mobil Corporation,2014-12-22,
XOM,1 week,0.05,2015-08-24 00:00:00+08:00,7195.0905511811025,7626.967144840352,-5.66,Oil & Gas Integrated,Exxon Mobil Corporation,2015-08-24,
XOM,1 week,0.05,2015-10-05 00:00:00+08:00,7835.823502514861,7357.859432234432,6.5,Oil & Gas Integrated,Exxon Mobil Corporation,2015-10-05,
XOM,1 week,0.05,2015-11-09 00:00:00+08:00,8094.779637377963,8525.897911832948,-5.06,Oil & Gas Integrated,Exxon Mobil Corporation,2015-11-09,
XOM,1 week,0.05,2015-12-07 00:00:00+08:00,7572.86229946524,8021.818009478674,-5.6,Oil & Gas Integrated,Exxon Mobil Corporation,2015-12-07,
XOM,1 week,0.05,2018-02-05 00:00:00+08:00,7796.89961089494,8699.59469185785,-10.38,Oil & Gas Integrated,Exxon Mobil Corporation,2018-02-05,
XOM,1 week,0.05,2018-12-17 00:00:00+08:00,7153.638863428048,7645.3678852383155,-6.43,Oil & Gas Integrated,Exxon Mobil Corporation,2018-12-17,
XOM,1 week,0.05,2018-12-24 00:00:00+08:00,6722.264294790343,7153.638863428048,-6.03,Oil & Gas Integrated,Exxon Mobil Corporation,2018-12-24,
XOM,1 week,0.05,2019-11-04 00:00:00+08:00,7183.4144186046515,6835.510844485464,5.09,Oil & Gas Integrated,Exxon Mobil Corporation,2019-11-04,
XOM,1 week,0.05,2020-02-24 00:00:00+08:00,5329.9774627408215,5981.299602046618,-10.89,Oil & Gas Integrated,Exxon Mobil Corporation,2020-02-24,
XOM,1 week,0.05,2020-03-09 00:00:00+08:00,4080.9280404400834,5096.695588235294,-19.93,Oil & Gas Integrated,Exxon Mobil Corporation,2020-03-09,
XOM,1 week,0.05,2020-03-16 00:00:00+08:00,3442.9672667757777,4080.9280404400834,-15.63,Oil & Gas Integrated,Exxon Mobil Corporation,2020-03-16,
XOM,1 week,0.05,2020-03-30 00:00:00+08:00,3865.123043206011,3551.104705515737,8.84,Oil & Gas Integrated,Exxon Mobil Corporation,2020-03-30,
XOM,1 week,0.05,2020-04-06 00:00:00+08:00,4247.676381529145,3865.123043206011,9.9,Oil & Gas Integrated,Exxon Mobil Corporation,2020-04-06,
XOM,1 week,0.05,2020-04-27 00:00:00+08:00,4540.610308601445,4222.851190476191,7.52,Oil & Gas Integrated,Exxon Mobil Corporation,2020-04-27,
XOM,1 week,0.05,2020-06-01 00:00:00+08:00,4878.53774289985,4565.373891625616,6.86,Oil & Gas Integrated,Exxon Mobil Corporation,2020-06-01,
XOM,1 week,0.05,2020-06-15 00:00:00+08:00,4721.617647058823,5085.712714331931,-7.16,Oil & Gas Integrated,Exxon Mobil Corporation,2020-06-15,
XOM,1 week,0.05,2020-09-21 00:00:00+08:00,3516.3714739769566,3710.307965299685,-5.23,Oil & Gas Integrated,Exxon Mobil Corporation,2020-09-21,
XOM,1 week,0.05,2020-11-09 00:00:00+08:00,3633.2729419703105,3352.0010555946515,8.39,Oil & Gas Integrated,Exxon Mobil Corporation,2020-11-09,
XOM,1 week,0.05,2020-11-23 00:00:00+08:00,4033.6141042487952,3773.704873026767,6.89,Oil & Gas Integrated,Exxon Mobil Corporation,2020-11-23,
XOM,1 week,0.05,2020-12-07 00:00:00+08:00,4264.956783563584,3977.095204760238,7.24,Oil & Gas Integrated,Exxon Mobil Corporation,2020-12-07,
XOM,1 week,0.05,2021-01-11 00:00:00+08:00,4809.879468845761,4398.649521106775,9.35,Oil & Gas Integrated,Exxon Mobil Corporation,2021-01-11,
XOM,1 week,0.05,2021-01-25 00:00:00+08:00,4595.848900108185,4844.621771217712,-5.14,Oil & Gas Integrated,Exxon Mobil Corporation,2021-01-25,
XOM,1 week,0.05,2021-02-08 00:00:00+08:00,5069.585923544123,4706.074631975352,7.72,Oil & Gas Integrated,Exxon Mobil Corporation,2021-02-08,
XOM,1 week,0.05,2021-02-22 00:00:00+08:00,5518.555820285909,5223.337795626952,5.65,Oil & Gas Integrated,Exxon Mobil Corporation,2021-02-22,
XOM,1 week,0.05,2021-03-08 00:00:00+08:00,6122.495649147233,5779.961074750258,5.93,Oil & Gas Integrated,Exxon Mobil Corporation,2021-03-08,
XOM,1 week,0.05,2021-07-19 00:00:00+08:00,5656.77037037037,5981.80426754206,-5.43,Oil & Gas Integrated,Exxon Mobil Corporation,2021-07-19,
XOM,1 week,0.05,2021-08-16 00:00:00+08:00,5438.697262479871,5751.334656609765,-5.44,Oil & Gas Integrated,Exxon Mobil Corporation,2021-08-16,
XOM,1 week,0.05,2021-09-27 00:00:00+08:00,5971.718374558304,5526.661075104842,8.05,Oil & Gas Integrated,Exxon Mobil Corporation,2021-09-27,
XOM,1 week,0.05,2022-01-03 00:00:00+08:00,6650.221910112359,6133.184955752212,8.43,Oil & Gas Integrated,Exxon Mobil Corporation,2022-01-03,
XOM,1 week,0.05,2022-01-10 00:00:00+08:00,7050.375605815832,6650.221910112359,6.02,Oil & Gas Integrated,Exxon Mobil Corporation,2022-01-10,
XOM,1 week,0.05,2022-01-31 00:00:00+08:00,7931.403853014627,7388.912149532711,7.34,Oil & Gas Integrated,Exxon Mobil Corporation,2022-01-31,
XOM,1 week,0.05,2022-03-07 00:00:00+08:00,8575.841455891426,8028.761820748059,6.81,Oil & Gas Integrated,Exxon Mobil Corporation,2022-03-07,
XOM,1 week,0.05,2022-03-14 00:00:00+08:00,7884.1230714029425,8575.841455891426,-8.07,Oil & Gas Integrated,Exxon Mobil Corporation,2022-03-14,
XOM,1 week,0.05,2022-03-21 00:00:00+08:00,8285.794520547946,7884.1230714029425,5.09,Oil & Gas Integrated,Exxon Mobil Corporation,2022-03-21,
XOM,1 week,0.05,2022-05-02 00:00:00+08:00,8906.100641539697,8437.038148148149,5.56,Oil & Gas Integrated,Exxon Mobil Corporation,2022-05-02,
XOM,1 week,0.05,2022-05-16 00:00:00+08:00,9128.851682592438,8642.786975284425,5.62,Oil & Gas Integrated,Exxon Mobil Corporation,2022-05-16,
XOM,1 week,0.05,2022-06-13 00:00:00+08:00,9356.496165644172,10220.690485144793,-8.46,Oil & Gas Integrated,Exxon Mobil Corporation,2022-06-13,
XOM,1 week,0.05,2022-06-20 00:00:00+08:00,8814.79427549195,9356.496165644172,-5.79,Oil & Gas Integrated,Exxon Mobil Corporation,2022-06-20,
XOM,1 week,0.05,2022-07-25 00:00:00+08:00,9188.760741032716,8749.765825403392,5.02,Oil & Gas Integrated,Exxon Mobil Corporation,2022-07-25,
XOM,1 week,0.05,2022-09-19 00:00:00+08:00,9090.420731707316,9598.902725366877,-5.3,Oil & Gas Integrated,Exxon Mobil Corporation,2022-09-19,
XOM,1 week,0.05,2022-10-03 00:00:00+08:00,9743.436466165413,8696.442733397498,12.04,Oil & Gas Integrated,Exxon Mobil Corporation,2022-10-03,
XOM,1 week,0.05,2023-03-13 00:00:00+08:00,10164.01461988304,11130.084471421344,-8.68,Oil & Gas Integrated,Exxon Mobil Corporation,2023-03-13,
XOM,1 week,0.05,2023-04-03 00:00:00+08:00,11561.061995967742,10790.062471500229,7.15,Oil & Gas Integrated,Exxon Mobil Corporation,2023-04-03,
XOM,1 week,0.05,2023-05-01 00:00:00+08:00,11009.120543293719,11704.660606060606,-5.94,Oil & Gas Integrated,Exxon Mobil Corporation,2023-05-01,
XOM,1 week,0.05,2023-10-02 00:00:00+08:00,11155.42863053372,11763.86711409396,-5.17,Oil & Gas Integrated,Exxon Mobil Corporation,2023-10-02,
XOM,2 weeks,0.05,2014-02-03 00:00:00+08:00,9064.7839737582,9574.461558441559,-5.32,Oil & Gas Integrated,Exxon Mobil Corporation,2014-02-03,
XOM,2 weeks,0.05,2014-02-17 00:00:00+08:00,9560.306138933765,9064.7839737582,5.47,Oil & Gas Integrated,Exxon Mobil Corporation,2014-02-17,
XOM,2 weeks,0.05,2015-10-12 00:00:00+08:00,8084.190114068441,7597.005490734386,6.41,Oil & Gas Integrated,Exxon Mobil Corporation,2015-10-12,
XOM,2 weeks,0.05,2016-02-08 00:00:00+08:00,8067.095331214862,7658.344185050331,5.34,Oil & Gas Integrated,Exxon Mobil Corporation,2016-02-08,
XOM,2 weeks,0.05,2016-07-25 00:00:00+08:00,8876.511938202246,9439.57977805179,-5.96,Oil & Gas Integrated,Exxon Mobil Corporation,2016-07-25,
XOM,2 weeks,0.05,2018-02-05 00:00:00+08:00,7720.777894515654,8762.423167293233,-11.89,Oil & Gas Integrated,Exxon Mobil Corporation,2018-02-05,
XOM,2 weeks,0.05,2018-10-15 00:00:00+08:00,8026.215554488718,8504.832357247438,-5.63,Oil & Gas Integrated,Exxon Mobil Corporation,2018-10-15,
XOM,2 weeks,0.05,2018-12-10 00:00:00+08:00,7398.314529127331,7855.935380507342,-5.83,Oil & Gas Integrated,Exxon Mobil Corporation,2018-12-10,
XOM,2 weeks,0.05,2018-12-24 00:00:00+08:00,6824.247101891397,7398.314529127331,-7.76,Oil & Gas Integrated,Exxon Mobil Corporation,2018-12-24,
XOM,2 weeks,0.05,2019-01-07 00:00:00+08:00,7184.949099639856,6824.247101891397,5.29,Oil & Gas Integrated,Exxon Mobil Corporation,2019-01-07,
XOM,2 weeks,0.05,2019-08-05 00:00:00+08:00,6970.21077504726,7458.153604257378,-6.54,Oil & Gas Integrated,Exxon Mobil Corporation,2019-08-05,
XOM,2 weeks,0.05,2019-09-30 00:00:00+08:00,6842.828448892065,7231.055335045529,-5.37,Oil & Gas Integrated,Exxon Mobil Corporation,2019-09-30,
XOM,2 weeks,0.05,2020-01-20 00:00:00+08:00,6536.26912247771,6948.615313653137,-5.93,Oil & Gas Integrated,Exxon Mobil Corporation,2020-01-20,
XOM,2 weeks,0.05,2020-02-03 00:00:00+08:00,6101.038501998738,6536.26912247771,-6.66,Oil & Gas Integrated,Exxon Mobil Corporation,2020-02-03,
XOM,2 weeks,0.05,2020-02-17 00:00:00+08:00,5584.007538802661,6101.038501998738,-8.47,Oil & Gas Integrated,Exxon Mobil Corporation,2020-02-17,
XOM,2 weeks,0.05,2020-03-02 00:00:00+08:00,4535.126253493342,5584.007538802661,-18.78,Oil & Gas Integrated,Exxon Mobil Corporation,2020-03-02,
XOM,2 weeks,0.05,2020-03-16 00:00:00+08:00,3498.3652618135375,4535.126253493342,-22.86,Oil & Gas Integrated,Exxon Mobil Corporation,2020-03-16,
XOM,2 weeks,0.05,2020-03-30 00:00:00+08:00,4038.3077450308433,3498.3652618135375,15.43,Oil & Gas Integrated,Exxon Mobil Corporation,2020-03-30,
XOM,2 weeks,0.05,2020-04-27 00:00:00+08:00,4510.99465793555,4184.163335517694,7.81,Oil & Gas Integrated,Exxon Mobil Corporation,2020-04-27,
XOM,2 weeks,0.05,2020-05-25 00:00:00+08:00,4743.450063748406,4409.13528539659,7.58,Oil & Gas Integrated,Exxon Mobil Corporation,2020-05-25,
XOM,2 weeks,0.05,2020-06-22 00:00:00+08:00,4482.742788461538,4914.16133447391,-8.78,Oil & Gas Integrated,Exxon Mobil Corporation,2020-06-22,
XOM,2 weeks,0.05,2020-08-17 00:00:00+08:00,4130.674624566808,4367.451292246521,-5.42,Oil & Gas Integrated,Exxon Mobil Corporation,2020-08-17,
XOM,2 weeks,0.05,2020-08-31 00:00:00+08:00,3869.8479896796384,4130.674624566808,-6.31,Oil & Gas Integrated,Exxon Mobil Corporation,2020-08-31,
XOM,2 weeks,0.05,2020-09-14 00:00:00+08:00,3613.7043340589744,3869.8479896796384,-6.62,Oil & Gas Integrated,Exxon Mobil Corporation,2020-09-14,
XOM,2 weeks,0.05,2020-09-28 00:00:00+08:00,3411.732146204311,3613.7043340589744,-5.59,Oil & Gas Integrated,Exxon Mobil Corporation,2020-09-28,
XOM,2 weeks,0.05,2020-11-09 00:00:00+08:00,3702.891629806056,3303.263556338028,12.1,Oil & Gas Integrated,Exxon Mobil Corporation,2020-11-09,
XOM,2 weeks,0.05,2020-11-23 00:00:00+08:00,4002.198832684825,3702.891629806056,8.08,Oil & Gas Integrated,Exxon Mobil Corporation,2020-11-23,
XOM,2 weeks,0.05,2020-12-07 00:00:00+08:00,4295.546587120547,4002.198832684825,7.33,Oil & Gas Integrated,Exxon Mobil Corporation,2020-12-07,
XOM,2 weeks,0.05,2020-12-28 00:00:00+08:00,4398.649521106775,4163.551859099804,5.65,Oil & Gas Integrated,Exxon Mobil Corporation,2020-12-28,
XOM,2 weeks,0.05,2021-01-11 00:00:00+08:00,4824.63388834476,4398.649521106775,9.68,Oil & Gas Integrated,Exxon Mobil Corporation,2021-01-11,
XOM,2 weeks,0.05,2021-02-08 00:00:00+08:00,5137.950595238095,4652.394274675097,10.44,Oil & Gas Integrated,Exxon Mobil Corporation,2021-02-08,
XOM,2 weeks,0.05,2021-02-22 00:00:00+08:00,5648.47526108543,5137.950595238095,9.94,Oil & Gas Integrated,Exxon Mobil Corporation,2021-02-22,
XOM,2 weeks,0.05,2021-03-08 00:00:00+08:00,6002.284995507637,5648.47526108543,6.26,Oil & Gas Integrated,Exxon Mobil Corporation,2021-03-08,
XOM,2 weeks,0.05,2021-03-22 00:00:00+08:00,5644.835865610957,6002.284995507637,-5.96,Oil & Gas Integrated,Exxon Mobil Corporation,2021-03-22,
XOM,2 weeks,0.05,2021-05-03 00:00:00+08:00,6061.976806903991,5658.716205375051,7.13,Oil & Gas Integrated,Exxon Mobil Corporation,2021-05-03,
XOM,2 weeks,0.05,2021-07-12 00:00:00+08:00,5815.128548580568,6212.294710891977,-6.39,Oil & Gas Integrated,Exxon Mobil Corporation,2021-07-12,
XOM,2 weeks,0.05,2021-10-04 00:00:00+08:00,6156.520037278658,5757.637080506143,6.93,Oil & Gas Integrated,Exxon Mobil Corporation,2021-10-04,
XOM,2 weeks,0.05,2021-12-27 00:00:00+08:00,6404.3247053872055,6085.034165881244,5.25,Oil & Gas Integrated,Exxon Mobil Corporation,2021-12-27,
XOM,2 weeks,0.05,2022-01-10 00:00:00+08:00,7168.186606952441,6404.3247053872055,11.93,Oil & Gas Integrated,Exxon Mobil Corporation,2022-01-10,
XOM,2 weeks,0.05,2022-01-24 00:00:00+08:00,7666.4959839357425,7168.186606952441,6.95,Oil & Gas Integrated,Exxon Mobil Corporation,2022-01-24,
XOM,2 weeks,0.05,2022-05-16 00:00:00+08:00,9335.241854636592,8773.007931786635,6.41,Oil & Gas Integrated,Exxon Mobil Corporation,2022-05-16,
XOM,2 weeks,0.05,2022-05-30 00:00:00+08:00,10039.62219850587,9335.241854636592,7.55,Oil & Gas Integrated,Exxon Mobil Corporation,2022-05-30,
XOM,2 weeks,0.05,2022-06-13 00:00:00+08:00,9106.445499587118,10039.62219850587,-9.29,Oil & Gas Integrated,Exxon Mobil Corporation,2022-06-13,
XOM,2 weeks,0.05,2022-07-25 00:00:00+08:00,9185.093365117204,8575.764922322158,7.11,Oil & Gas Integrated,Exxon Mobil Corporation,2022-07-25,
XOM,2 weeks,0.05,2022-08-22 00:00:00+08:00,9690.36167615948,9208.797687861272,5.23,Oil & Gas Integrated,Exxon Mobil Corporation,2022-08-22,
XOM,2 weeks,0.05,2022-09-19 00:00:00+08:00,8910.013882767738,9556.819672131149,-6.77,Oil & Gas Integrated,Exxon Mobil Corporation,2022-09-19,
XOM,2 weeks,0.05,2022-10-03 00:00:00+08:00,9836.55098000396,8910.013882767738,10.4,Oil & Gas Integrated,Exxon Mobil Corporation,2022-10-03,
XOM,2 weeks,0.05,2022-10-17 00:00:00+08:00,10542.113247863248,9836.55098000396,7.17,Oil & Gas Integrated,Exxon Mobil Corporation,2022-10-17,
XOM,2 weeks,0.05,2022-10-31 00:00:00+08:00,11181.387206737518,10542.113247863248,6.06,Oil & Gas Integrated,Exxon Mobil Corporation,2022-10-31,
XOM,2 weeks,0.05,2023-04-03 00:00:00+08:00,11547.566987951808,10595.176574196388,8.99,Oil & Gas Integrated,Exxon Mobil Corporation,2023-04-03,
XOM,2 weeks,0.05,2023-05-01 00:00:00+08:00,10891.981790591806,11635.117557251908,-6.39,Oil & Gas Integrated,Exxon Mobil Corporation,2023-05-01,
XOM,2 weeks,0.05,2023-09-04 00:00:00+08:00,11582.576059850375,10935.254692931634,5.92,Oil & Gas Integrated,Exxon Mobil Corporation,2023-09-04,
XOM,2 weeks,0.05,2023-10-02 00:00:00+08:00,11000.194790270063,11719.30694632386,-6.14,Oil & Gas Integrated,Exxon Mobil Corporation,2023-10-02,
XOM,2 weeks,0.05,2024-03-18 00:00:00+08:00,11377.27239199157,10813.841503267973,5.21,Oil & Gas Integrated,Exxon Mobil Corporation,2024-03-18,
XOM,2 weeks,0.05,2024-04-01 00:00:00+08:00,12022.051879533965,11377.27239199157,5.67,Oil & Gas Integrated,Exxon Mobil Corporation,2024-04-01,
XOM,1 week,0.1,2018-02-05 00:00:00+08:00,7796.89961089494,8699.59469185785,-10.38,Oil & Gas Integrated,Exxon Mobil Corporation,2018-02-05,
XOM,1 week,0.1,2020-02-24 00:00:00+08:00,5329.9774627408215,5981.299602046618,-10.89,Oil & Gas Integrated,Exxon Mobil Corporation,2020-02-24,
XOM,1 week,0.1,2020-03-09 00:00:00+08:00,4080.9280404400834,5096.695588235294,-19.93,Oil & Gas Integrated,Exxon Mobil Corporation,2020-03-09,
XOM,1 week,0.1,2020-03-16 00:00:00+08:00,3442.9672667757777,4080.9280404400834,-15.63,Oil & Gas Integrated,Exxon Mobil Corporation,2020-03-16,
XOM,1 week,0.1,2022-10-03 00:00:00+08:00,9743.436466165413,8696.442733397498,12.04,Oil & Gas Integrated,Exxon Mobil Corporation,2022-10-03,
XOM,2 weeks,0.1,2018-02-05 00:00:00+08:00,7720.777894515654,8762.423167293233,-11.89,Oil & Gas Integrated,Exxon Mobil Corporation,2018-02-05,
XOM,2 weeks,0.1,2020-03-02 00:00:00+08:00,4535.126253493342,5584.007538802661,-18.78,Oil & Gas Integrated,Exxon Mobil Corporation,2020-03-02,
XOM,2 weeks,0.1,2020-03-16 00:00:00+08:00,3498.3652618135375,4535.126253493342,-22.86,Oil & Gas Integrated,Exxon Mobil Corporation,2020-03-16,
XOM,2 weeks,0.1,2020-03-30 00:00:00+08:00,4038.3077450308433,3498.3652618135375,15.43,Oil & Gas Integrated,Exxon Mobil Corporation,2020-03-30,
XOM,2 weeks,0.1,2020-11-09 00:00:00+08:00,3702.891629806056,3303.263556338028,12.1,Oil & Gas Integrated,Exxon Mobil Corporation,2020-11-09,
XOM,2 weeks,0.1,2021-02-08 00:00:00+08:00,5137.950595238095,4652.394274675097,10.44,Oil & Gas Integrated,Exxon Mobil Corporation,2021-02-08,
XOM,2 weeks,0.1,2022-01-10 00:00:00+08:00,7168.186606952441,6404.3247053872055,11.93,Oil & Gas Integrated,Exxon Mobil Corporation,2022-01-10,
XOM,2 weeks,0.1,2022-10-03 00:00:00+08:00,9836.55098000396,8910.013882767738,10.4,Oil & Gas Integrated,Exxon Mobil Corporation,2022-10-03,
XOM,1 week,0.15,2020-03-09 00:00:00+08:00,4080.9280404400834,5096.695588235294,-19.93,Oil & Gas Integrated,Exxon Mobil Corporation,2020-03-09,
XOM,1 week,0.15,2020-03-16 00:00:00+08:00,3442.9672667757777,4080.9280404400834,-15.63,Oil & Gas Integrated,Exxon Mobil Corporation,2020-03-16,
XOM,2 weeks,0.15,2020-03-02 00:00:00+08:00,4535.126253493342,5584.007538802661,-18.78,Oil & Gas Integrated,Exxon Mobil Corporation,2020-03-02,
XOM,2 weeks,0.15,2020-03-16 00:00:00+08:00,3498.3652618135375,4535.126253493342,-22.86,Oil & Gas Integrated,Exxon Mobil Corporation,2020-03-16,
XOM,2 weeks,0.15,2020-03-30 00:00:00+08:00,4038.3077450308433,3498.3652618135375,15.43,Oil & Gas Integrated,Exxon Mobil Corporation,2020-03-30,
