symbol,window,ratio,window_start,avg_close,prev_avg_close,pct_change,industry,companyName
AAPL,1 week,0.05,2014-01-27 00:00:00+08:00,51161.981771575050,54995.174145738987,-6.97,Consumer Electronics,Apple Inc.
AAPL,1 week,0.05,2014-04-21 00:00:00+08:00,54851.927845528455,51970.824842309558,5.54,Consumer Electronics,Apple Inc.
AAPL,1 week,0.05,2014-04-28 00:00:00+08:00,59135.414515003489,54851.927845528455,7.81,Consumer Electronics,Apple Inc.
AAPL,1 week,0.05,2014-06-09 00:00:00+08:00,9312.4259623489744310,64026.318026045236,-85.46,Consumer Electronics,Apple Inc.
AAPL,1 week,0.05,2015-08-03 00:00:00+08:00,11610.348973607038,12265.070723160242,-5.34,Consumer Electronics,Apple Inc.
AAPL,1 week,0.05,2015-12-14 00:00:00+08:00,11033.696043165468,11645.364701826956,-5.25,Consumer Electronics,Apple Inc.
AAPL,1 week,0.05,2016-01-04 00:00:00+08:00,10051.254453602765,10718.606991025035,-6.23,Consumer Electronics,Apple Inc.
AAPL,1 week,0.05,2016-04-25 00:00:00+08:00,9881.5828308929084123,10680.673785738891,-7.48,Consumer Electronics,Apple Inc.
AAPL,1 week,0.05,2016-05-02 00:00:00+08:00,9369.1499506741203551,9881.5828308929084123,-5.19,Consumer Electronics,Apple Inc.
AAPL,1 week,0.05,2017-06-12 00:00:00+08:00,14485.708026862808,15399.072368421053,-5.93,Consumer Electronics,Apple Inc.
AAPL,1 week,0.05,2017-10-30 00:00:00+08:00,16888.479214123007,15786.324789325843,6.98,Consumer Electronics,Apple Inc.
AAPL,1 week,0.05,2018-02-12 00:00:00+08:00,16711.879697057967,15881.508313539192,5.23,Consumer Electronics,Apple Inc.
AAPL,1 week,0.05,2018-04-23 00:00:00+08:00,16424.776532630191,17433.808063404549,-5.79,Consumer Electronics,Apple Inc.
AAPL,1 week,0.05,2018-04-30 00:00:00+08:00,17365.924596549805,16424.776532630191,5.73,Consumer Electronics,Apple Inc.
AAPL,1 week,0.05,2018-05-07 00:00:00+08:00,18705.598607888631,17365.924596549805,7.71,Consumer Electronics,Apple Inc.
AAPL,1 week,0.05,2018-11-12 00:00:00+08:00,19216.130434782609,20502.676866928692,-6.28,Consumer Electronics,Apple Inc.
AAPL,1 week,0.05,2018-11-19 00:00:00+08:00,18039.499631811487,19216.130434782609,-6.12,Consumer Electronics,Apple Inc.
AAPL,1 week,0.05,2018-12-24 00:00:00+08:00,15293.701273639521,16158.235921754594,-5.35,Consumer Electronics,Apple Inc.
AAPL,1 week,0.05,2019-02-04 00:00:00+08:00,17185.802803738318,16209.731161473088,6.02,Consumer Electronics,Apple Inc.
AAPL,1 week,0.05,2019-05-13 00:00:00+08:00,18884.333232445521,20242.618748128182,-6.71,Consumer Electronics,Apple Inc.
AAPL,1 week,0.05,2019-06-10 00:00:00+08:00,19379.023981603154,18146.454574638844,6.79,Consumer Electronics,Apple Inc.
AAPL,1 week,0.05,2019-08-05 00:00:00+08:00,19785.831283957678,21109.254184397163,-6.27,Consumer Electronics,Apple Inc.
AAPL,1 week,0.05,2020-02-24 00:00:00+08:00,28649.932989690722,31889.571481208548,-10.16,Consumer Electronics,Apple Inc.
AAPL,1 week,0.05,2020-03-09 00:00:00+08:00,26831.475409836066,29205.069411201532,-8.13,Consumer Electronics,Apple Inc.
AAPL,1 week,0.05,2020-03-16 00:00:00+08:00,24656.547696603071,26831.475409836066,-8.11,Consumer Electronics,Apple Inc.
AAPL,1 week,0.05,2020-04-06 00:00:00+08:00,26249.296223958333,24740.215936905086,6.10,Consumer Electronics,Apple Inc.
AAPL,1 week,0.05,2020-04-13 00:00:00+08:00,28197.357967667436,26249.296223958333,7.42,Consumer Electronics,Apple Inc.
AAPL,1 week,0.05,2020-06-08 00:00:00+08:00,34157.624045261669,32352.539301310044,5.58,Consumer Electronics,Apple Inc.
AAPL,1 week,0.05,2020-08-03 00:00:00+08:00,44187.481481481481,38804.783682232958,13.87,Consumer Electronics,Apple Inc.
AAPL,1 week,0.05,2020-08-24 00:00:00+08:00,50293.112111082540,46946.112652608213,7.13,Consumer Electronics,Apple Inc.
AAPL,1 week,0.05,2020-08-31 00:00:00+08:00,12756.754792500527,50293.112111082540,-74.64,Consumer Electronics,Apple Inc.
AAPL,1 week,0.05,2020-09-07 00:00:00+08:00,11540.850559403303,12756.754792500527,-9.53,Consumer Electronics,Apple Inc.
AAPL,1 week,0.05,2020-09-28 00:00:00+08:00,11486.703414416425,10910.255971948280,5.28,Consumer Electronics,Apple Inc.
AAPL,1 week,0.05,2020-10-12 00:00:00+08:00,12144.420984734466,11525.943758573388,5.37,Consumer Electronics,Apple Inc.
AAPL,1 week,0.05,2020-11-30 00:00:00+08:00,12173.975894632207,11560.737726098191,5.30,Consumer Electronics,Apple Inc.
AAPL,1 week,0.05,2021-01-25 00:00:00+08:00,14004.045239121069,13319.118338108883,5.14,Consumer Electronics,Apple Inc.
AAPL,1 week,0.05,2021-02-22 00:00:00+08:00,12424.297149122807,13103.377653301887,-5.18,Consumer Electronics,Apple Inc.
AAPL,1 week,0.05,2021-04-05 00:00:00+08:00,12794.436803874092,12170.964797507788,5.12,Consumer Electronics,Apple Inc.
AAPL,1 week,0.05,2021-12-06 00:00:00+08:00,17217.465521299129,16296.229488703924,5.65,Consumer Electronics,Apple Inc.
AAPL,1 week,0.05,2022-01-31 00:00:00+08:00,17364.711438063598,16204.143172779496,7.16,Consumer Electronics,Apple Inc.
AAPL,1 week,0.05,2022-03-21 00:00:00+08:00,16978.349881172432,15662.616715399610,8.40,Consumer Electronics,Apple Inc.
AAPL,1 week,0.05,2022-05-09 00:00:00+08:00,14934.320833333333,15882.119189820826,-5.97,Consumer Electronics,Apple Inc.
AAPL,1 week,0.05,2022-06-13 00:00:00+08:00,13258.680928208847,14533.661097852029,-8.77,Consumer Electronics,Apple Inc.
AAPL,1 week,0.05,2022-08-29 00:00:00+08:00,15898.676328502415,16780.256410256410,-5.25,Consumer Electronics,Apple Inc.
AAPL,1 week,0.05,2022-11-14 00:00:00+08:00,14980.018599562363,14097.544497367761,6.26,Consumer Electronics,Apple Inc.
AAPL,1 week,0.05,2022-12-19 00:00:00+08:00,13286.033898305085,14119.324993345755,-5.90,Consumer Electronics,Apple Inc.
AAPL,1 week,0.05,2023-06-26 00:00:00+08:00,19408.722222222222,18463.108783239323,5.12,Consumer Electronics,Apple Inc.
AAPL,1 week,0.05,2023-08-07 00:00:00+08:00,17899.133741026323,19089.339891041162,-6.23,Consumer Electronics,Apple Inc.
AAPL,1 week,0.05,2023-11-06 00:00:00+08:00,18178.816302765648,17273.873331517298,5.24,Consumer Electronics,Apple Inc.
AAPL,1 week,0.05,2024-06-10 00:00:00+08:00,20711.942257217848,19489.659677909450,6.27,Consumer Electronics,Apple Inc.
AAPL,2 weeks,0.05,2014-04-28 00:00:00+08:00,59186.362181178540,53667.416916018352,10.28,Consumer Electronics,Apple Inc.
AAPL,2 weeks,0.05,2014-05-26 00:00:00+08:00,63524.475419099642,59896.330852105779,6.06,Consumer Electronics,Apple Inc.
AAPL,2 weeks,0.05,2014-06-09 00:00:00+08:00,9258.0409382937397281,63524.475419099642,-85.43,Consumer Electronics,Apple Inc.
AAPL,2 weeks,0.05,2014-08-18 00:00:00+08:00,10103.382768576204,9585.7072704081632653,5.40,Consumer Electronics,Apple Inc.
AAPL,2 weeks,0.05,2014-10-27 00:00:00+08:00,10767.334515731030,10060.041460055096,7.03,Consumer Electronics,Apple Inc.
AAPL,2 weeks,0.05,2014-11-10 00:00:00+08:00,11322.145212936279,10767.334515731030,5.15,Consumer Electronics,Apple Inc.
AAPL,2 weeks,0.05,2015-02-02 00:00:00+08:00,12145.512369512370,11352.899686520376,6.98,Consumer Electronics,Apple Inc.
AAPL,2 weeks,0.05,2015-02-16 00:00:00+08:00,12968.186733731531,12145.512369512370,6.77,Consumer Electronics,Apple Inc.
AAPL,2 weeks,0.05,2015-08-03 00:00:00+08:00,11585.458070074670,12520.046149449921,-7.46,Consumer Electronics,Apple Inc.
AAPL,2 weeks,0.05,2015-10-26 00:00:00+08:00,11942.521049510821,11300.371409596547,5.68,Consumer Electronics,Apple Inc.
AAPL,2 weeks,0.05,2015-12-21 00:00:00+08:00,10735.876283735371,11318.199935866603,-5.15,Consumer Electronics,Apple Inc.
AAPL,2 weeks,0.05,2015-12-28 00:00:00+08:00,10051.254453602765,10735.876283735371,-6.38,Consumer Electronics,Apple Inc.
AAPL,2 weeks,0.05,2016-03-07 00:00:00+08:00,10317.874017123886,9806.1233187772925764,5.22,Consumer Electronics,Apple Inc.
AAPL,2 weeks,0.05,2016-04-18 00:00:00+08:00,10244.840119010335,11038.892402826855,-7.19,Consumer Electronics,Apple Inc.
AAPL,2 weeks,0.05,2016-05-02 00:00:00+08:00,9287.7103227975790182,10244.840119010335,-9.34,Consumer Electronics,Apple Inc.
AAPL,2 weeks,0.05,2016-08-08 00:00:00+08:00,10877.620327993898,10347.909960422164,5.12,Consumer Electronics,Apple Inc.
AAPL,2 weeks,0.05,2016-10-31 00:00:00+08:00,11040.628071997231,11648.532884777124,-5.22,Consumer Electronics,Apple Inc.
AAPL,2 weeks,0.05,2017-02-06 00:00:00+08:00,13317.421034180543,12357.585838003057,7.77,Consumer Electronics,Apple Inc.
AAPL,2 weeks,0.05,2017-05-01 00:00:00+08:00,15003.370491268157,14288.010524264276,5.01,Consumer Electronics,Apple Inc.
AAPL,2 weeks,0.05,2017-06-12 00:00:00+08:00,14525.477820468041,15382.079224610198,-5.57,Consumer Electronics,Apple Inc.
AAPL,2 weeks,0.05,2017-10-30 00:00:00+08:00,17163.257891510880,15810.813344887348,8.55,Consumer Electronics,Apple Inc.
AAPL,2 weeks,0.05,2018-02-19 00:00:00+08:00,17548.287096774194,16276.227914705068,7.82,Consumer Electronics,Apple Inc.
AAPL,2 weeks,0.05,2018-04-30 00:00:00+08:00,17977.299047042807,16918.073281671159,6.26,Consumer Electronics,Apple Inc.
AAPL,2 weeks,0.05,2018-08-06 00:00:00+08:00,20967.879363449692,19619.841474797760,6.87,Consumer Electronics,Apple Inc.
AAPL,2 weeks,0.05,2018-11-12 00:00:00+08:00,18709.193686548223,20990.396434747905,-10.87,Consumer Electronics,Apple Inc.
AAPL,2 weeks,0.05,2018-11-26 00:00:00+08:00,17664.644377358491,18709.193686548223,-5.58,Consumer Electronics,Apple Inc.
AAPL,2 weeks,0.05,2018-12-10 00:00:00+08:00,16530.402578159727,17664.644377358491,-6.42,Consumer Electronics,Apple Inc.
AAPL,2 weeks,0.05,2018-12-24 00:00:00+08:00,15135.825925270055,16530.402578159727,-8.44,Consumer Electronics,Apple Inc.
AAPL,2 weeks,0.05,2019-02-04 00:00:00+08:00,17117.525112685126,15897.474453781513,7.67,Consumer Electronics,Apple Inc.
AAPL,2 weeks,0.05,2019-03-18 00:00:00+08:00,18967.375537505972,17833.019087837838,6.36,Consumer Electronics,Apple Inc.
AAPL,2 weeks,0.05,2019-05-13 00:00:00+08:00,18573.432991246604,20543.228663919953,-9.59,Consumer Electronics,Apple Inc.
AAPL,2 weeks,0.05,2019-06-10 00:00:00+08:00,19584.180924953414,17969.656903018396,8.98,Consumer Electronics,Apple Inc.
AAPL,2 weeks,0.05,2019-10-14 00:00:00+08:00,23903.339435922810,22592.896927207637,5.80,Consumer Electronics,Apple Inc.
AAPL,2 weeks,0.05,2019-10-28 00:00:00+08:00,25257.066289038579,23903.339435922810,5.66,Consumer Electronics,Apple Inc.
AAPL,2 weeks,0.05,2019-12-23 00:00:00+08:00,29130.589831881710,27495.855683068700,5.95,Consumer Electronics,Apple Inc.
AAPL,2 weeks,0.05,2020-01-06 00:00:00+08:00,30872.678110409228,29130.589831881710,5.98,Consumer Electronics,Apple Inc.
AAPL,2 weeks,0.05,2020-02-17 00:00:00+08:00,29909.225293612146,32047.212855934593,-6.67,Consumer Electronics,Apple Inc.
AAPL,2 weeks,0.05,2020-03-02 00:00:00+08:00,27988.637106184364,29909.225293612146,-6.42,Consumer Electronics,Apple Inc.
AAPL,2 weeks,0.05,2020-03-16 00:00:00+08:00,24493.510555490034,27988.637106184364,-12.49,Consumer Electronics,Apple Inc.
AAPL,2 weeks,0.05,2020-04-13 00:00:00+08:00,27917.062195121951,25427.116906208327,9.79,Consumer Electronics,Apple Inc.
AAPL,2 weeks,0.05,2020-04-27 00:00:00+08:00,29335.338560627275,27917.062195121951,5.08,Consumer Electronics,Apple Inc.
AAPL,2 weeks,0.05,2020-05-11 00:00:00+08:00,31297.730554740241,29335.338560627275,6.69,Consumer Electronics,Apple Inc.
AAPL,2 weeks,0.05,2020-06-08 00:00:00+08:00,34531.840045538637,32149.433469805527,7.41,Consumer Electronics,Apple Inc.
AAPL,2 weeks,0.05,2020-07-06 00:00:00+08:00,38320.616452074392,36209.192405465523,5.83,Consumer Electronics,Apple Inc.
AAPL,2 weeks,0.05,2020-08-03 00:00:00+08:00,44685.824739440483,38556.468797989669,15.90,Consumer Electronics,Apple Inc.
AAPL,2 weeks,0.05,2020-08-17 00:00:00+08:00,48683.264780461764,44685.824739440483,8.95,Consumer Electronics,Apple Inc.
AAPL,2 weeks,0.05,2020-08-31 00:00:00+08:00,12219.817433243148,48683.264780461764,-74.90,Consumer Electronics,Apple Inc.
AAPL,2 weeks,0.05,2020-09-14 00:00:00+08:00,11099.298192115008,12219.817433243148,-9.17,Consumer Electronics,Apple Inc.
AAPL,2 weeks,0.05,2021-01-25 00:00:00+08:00,13784.486590884008,13111.920447159756,5.13,Consumer Electronics,Apple Inc.
AAPL,2 weeks,0.05,2021-02-22 00:00:00+08:00,12383.308487002888,13353.928300865801,-7.27,Consumer Electronics,Apple Inc.
AAPL,2 weeks,0.05,2021-04-05 00:00:00+08:00,13055.223684210526,12159.315296709349,7.37,Consumer Electronics,Apple Inc.
AAPL,2 weeks,0.05,2021-06-28 00:00:00+08:00,13972.741391941392,13165.294181326116,6.13,Consumer Electronics,Apple Inc.
AAPL,2 weeks,0.05,2021-11-29 00:00:00+08:00,16810.393668724550,15707.768502331002,7.02,Consumer Electronics,Apple Inc.
AAPL,2 weeks,0.05,2022-03-21 00:00:00+08:00,17286.252182979278,15804.051878787879,9.38,Consumer Electronics,Apple Inc.
AAPL,2 weeks,0.05,2022-05-02 00:00:00+08:00,15381.019091910415,16277.586568468356,-5.51,Consumer Electronics,Apple Inc.
AAPL,2 weeks,0.05,2022-05-16 00:00:00+08:00,14224.825848849945,15381.019091910415,-7.52,Consumer Electronics,Apple Inc.
AAPL,2 weeks,0.05,2022-06-13 00:00:00+08:00,13448.035909339159,14682.159889631136,-8.41,Consumer Electronics,Apple Inc.
AAPL,2 weeks,0.05,2022-07-11 00:00:00+08:00,14932.871861001765,14081.325018896447,6.05,Consumer Electronics,Apple Inc.
AAPL,2 weeks,0.05,2022-07-25 00:00:00+08:00,15949.176494291471,14932.871861001765,6.81,Consumer Electronics,Apple Inc.
AAPL,2 weeks,0.05,2022-08-08 00:00:00+08:00,17046.472524445669,15949.176494291471,6.88,Consumer Electronics,Apple Inc.
AAPL,2 weeks,0.05,2022-10-03 00:00:00+08:00,14177.208252238225,15235.310879190386,-6.95,Consumer Electronics,Apple Inc.
AAPL,2 weeks,0.05,2022-12-12 00:00:00+08:00,13701.628567635736,14449.169962660766,-5.17,Consumer Electronics,Apple Inc.
AAPL,2 weeks,0.05,2022-12-26 00:00:00+08:00,12781.943727413526,13701.628567635736,-6.71,Consumer Electronics,Apple Inc.
AAPL,2 weeks,0.05,2023-01-23 00:00:00+08:00,14448.901237785016,13361.436647173489,8.14,Consumer Electronics,Apple Inc.
AAPL,2 weeks,0.05,2023-02-06 00:00:00+08:00,15273.244398907104,14448.901237785016,5.71,Consumer Electronics,Apple Inc.
AAPL,2 weeks,0.05,2023-08-07 00:00:00+08:00,17779.101300108342,19109.020132377275,-6.96,Consumer Electronics,Apple Inc.
AAPL,2 weeks,0.05,2023-11-13 00:00:00+08:00,18911.399366643209,17711.317618913594,6.78,Consumer Electronics,Apple Inc.
AAPL,2 weeks,0.05,2024-04-29 00:00:00+08:00,17947.963678628505,16872.806315789474,6.37,Consumer Electronics,Apple Inc.
AAPL,2 weeks,0.05,2024-05-13 00:00:00+08:00,18889.051163918526,17947.963678628505,5.24,Consumer Electronics,Apple Inc.
AAPL,2 weeks,0.05,2024-06-10 00:00:00+08:00,20964.315695334625,19487.676009644364,7.58,Consumer Electronics,Apple Inc.
AAPL,1 week,0.1,2014-06-09 00:00:00+08:00,9312.4259623489744310,64026.318026045236,-85.46,Consumer Electronics,Apple Inc.
AAPL,1 week,0.1,2020-02-24 00:00:00+08:00,28649.932989690722,31889.571481208548,-10.16,Consumer Electronics,Apple Inc.
AAPL,1 week,0.1,2020-08-03 00:00:00+08:00,44187.481481481481,38804.783682232958,13.87,Consumer Electronics,Apple Inc.
AAPL,1 week,0.1,2020-08-31 00:00:00+08:00,12756.754792500527,50293.112111082540,-74.64,Consumer Electronics,Apple Inc.
AAPL,2 weeks,0.1,2014-04-28 00:00:00+08:00,59186.362181178540,53667.416916018352,10.28,Consumer Electronics,Apple Inc.
AAPL,2 weeks,0.1,2014-06-09 00:00:00+08:00,9258.0409382937397281,63524.475419099642,-85.43,Consumer Electronics,Apple Inc.
AAPL,2 weeks,0.1,2018-11-12 00:00:00+08:00,18709.193686548223,20990.396434747905,-10.87,Consumer Electronics,Apple Inc.
AAPL,2 weeks,0.1,2020-03-16 00:00:00+08:00,24493.510555490034,27988.637106184364,-12.49,Consumer Electronics,Apple Inc.
AAPL,2 weeks,0.1,2020-08-03 00:00:00+08:00,44685.824739440483,38556.468797989669,15.90,Consumer Electronics,Apple Inc.
AAPL,2 weeks,0.1,2020-08-31 00:00:00+08:00,12219.817433243148,48683.264780461764,-74.90,Consumer Electronics,Apple Inc.
AAPL,1 week,0.15,2014-06-09 00:00:00+08:00,9312.4259623489744310,64026.318026045236,-85.46,Consumer Electronics,Apple Inc.
AAPL,1 week,0.15,2020-08-31 00:00:00+08:00,12756.754792500527,50293.112111082540,-74.64,Consumer Electronics,Apple Inc.
AAPL,2 weeks,0.15,2014-06-09 00:00:00+08:00,9258.0409382937397281,63524.475419099642,-85.43,Consumer Electronics,Apple Inc.
AAPL,2 weeks,0.15,2020-08-03 00:00:00+08:00,44685.824739440483,38556.468797989669,15.90,Consumer Electronics,Apple Inc.
AAPL,2 weeks,0.15,2020-08-31 00:00:00+08:00,12219.817433243148,48683.264780461764,-74.90,Consumer Electronics,Apple Inc.
ABBV,1 week,0.05,2014-04-07 00:00:00+08:00,4919.6445449974861740,5252.1916835699797160,-6.33,Drug Manufacturers - General,AbbVie Inc.
ABBV,1 week,0.05,2014-10-13 00:00:00+08:00,5392.9497299542999585,5711.0414230019493177,-5.57,Drug Manufacturers - General,AbbVie Inc.
ABBV,1 week,0.05,2014-10-20 00:00:00+08:00,5707.7752161383285303,5392.9497299542999585,5.84,Drug Manufacturers - General,AbbVie Inc.
ABBV,1 week,0.05,2014-10-27 00:00:00+08:00,6128.3351539225422046,5707.7752161383285303,7.37,Drug Manufacturers - General,AbbVie Inc.
ABBV,1 week,0.05,2015-02-02 00:00:00+08:00,5854.6748436748436748,6241.7853682170542636,-6.20,Drug Manufacturers - General,AbbVie Inc.
ABBV,1 week,0.05,2015-03-16 00:00:00+08:00,5996.5731462925851703,5663.1985330073349633,5.89,Drug Manufacturers - General,AbbVie Inc.
ABBV,1 week,0.05,2015-08-24 00:00:00+08:00,6330.5354368932038835,6827.4477536597677940,-7.28,Drug Manufacturers - General,AbbVie Inc.
ABBV,1 week,0.05,2015-09-28 00:00:00+08:00,5406.9612870789341378,5766.1211519364448858,-6.23,Drug Manufacturers - General,AbbVie Inc.
ABBV,1 week,0.05,2015-11-02 00:00:00+08:00,6295.8318756073858115,5447.5430747263207996,15.57,Drug Manufacturers - General,AbbVie Inc.
ABBV,1 week,0.05,2015-11-30 00:00:00+08:00,5769.3160020191822312,6084.6097212294496069,-5.18,Drug Manufacturers - General,AbbVie Inc.
ABBV,1 week,0.05,2016-01-11 00:00:00+08:00,5390.4720987654320988,5709.6742309631870903,-5.59,Drug Manufacturers - General,AbbVie Inc.
ABBV,1 week,0.05,2016-01-18 00:00:00+08:00,5697.8101422387136673,5390.4720987654320988,5.70,Drug Manufacturers - General,AbbVie Inc.
ABBV,1 week,0.05,2016-10-31 00:00:00+08:00,5649.6986921529175050,6032.4888023369036027,-6.35,Drug Manufacturers - General,AbbVie Inc.
ABBV,1 week,0.05,2016-11-07 00:00:00+08:00,6151.9500734214390602,5649.6986921529175050,8.89,Drug Manufacturers - General,AbbVie Inc.
ABBV,1 week,0.05,2017-09-04 00:00:00+08:00,7919.1661422278162366,7422.1966292134831461,6.70,Drug Manufacturers - General,AbbVie Inc.
ABBV,1 week,0.05,2017-09-11 00:00:00+08:00,8745.8960975609756098,7919.1661422278162366,10.44,Drug Manufacturers - General,AbbVie Inc.
ABBV,1 week,0.05,2018-01-22 00:00:00+08:00,10908.699001426534,10363.587011349306,5.26,Drug Manufacturers - General,AbbVie Inc.
ABBV,1 week,0.05,2018-01-29 00:00:00+08:00,11703.772403982930,10908.699001426534,7.29,Drug Manufacturers - General,AbbVie Inc.
ABBV,1 week,0.05,2018-03-19 00:00:00+08:00,10710.307951807229,11777.918891687657,-9.06,Drug Manufacturers - General,AbbVie Inc.
ABBV,1 week,0.05,2018-03-26 00:00:00+08:00,9433.9039057656540608,10710.307951807229,-11.92,Drug Manufacturers - General,AbbVie Inc.
ABBV,1 week,0.05,2018-04-30 00:00:00+08:00,10021.612167300380,9424.6224146224146224,6.33,Drug Manufacturers - General,AbbVie Inc.
ABBV,1 week,0.05,2018-10-22 00:00:00+08:00,8225.8973723351512147,9040.3699392712550607,-9.01,Drug Manufacturers - General,AbbVie Inc.
ABBV,1 week,0.05,2018-11-05 00:00:00+08:00,8584.0079601990049751,8049.2691757979990472,6.64,Drug Manufacturers - General,AbbVie Inc.
ABBV,1 week,0.05,2019-01-28 00:00:00+08:00,7860.0350553505535055,8565.9738827626233314,-8.24,Drug Manufacturers - General,AbbVie Inc.
ABBV,1 week,0.05,2019-06-24 00:00:00+08:00,7037.1432973805855162,7813.5010101010101010,-9.94,Drug Manufacturers - General,AbbVie Inc.
ABBV,1 week,0.05,2019-11-11 00:00:00+08:00,8697.4967709885742673,8251.3007774538386783,5.41,Drug Manufacturers - General,AbbVie Inc.
ABBV,1 week,0.05,2020-02-10 00:00:00+08:00,9551.6539548022598870,8639.6174840085287846,10.56,Drug Manufacturers - General,AbbVie Inc.
ABBV,1 week,0.05,2020-02-24 00:00:00+08:00,8859.4233378561736771,9407.2463503649635036,-5.82,Drug Manufacturers - General,AbbVie Inc.
ABBV,1 week,0.05,2020-03-09 00:00:00+08:00,8354.8363479758828596,8878.3915662650602410,-5.90,Drug Manufacturers - General,AbbVie Inc.
ABBV,1 week,0.05,2020-03-16 00:00:00+08:00,7213.6509515570934256,8354.8363479758828596,-13.66,Drug Manufacturers - General,AbbVie Inc.
ABBV,1 week,0.05,2020-03-30 00:00:00+08:00,7431.5623293903548681,6957.2801724137931034,6.82,Drug Manufacturers - General,AbbVie Inc.
ABBV,1 week,0.05,2020-04-13 00:00:00+08:00,8177.6506410256410256,7737.2000000000000000,5.69,Drug Manufacturers - General,AbbVie Inc.
ABBV,1 week,0.05,2020-05-11 00:00:00+08:00,8928.3863535666814355,8453.4299602297834733,5.62,Drug Manufacturers - General,AbbVie Inc.
ABBV,1 week,0.05,2020-11-02 00:00:00+08:00,9156.7393617021276596,8256.4143049932523617,10.90,Drug Manufacturers - General,AbbVie Inc.
ABBV,1 week,0.05,2020-11-09 00:00:00+08:00,9755.8658361284139914,9156.7393617021276596,6.54,Drug Manufacturers - General,AbbVie Inc.
ABBV,1 week,0.05,2021-09-06 00:00:00+08:00,10837.917104495038,11552.127874885005,-6.18,Drug Manufacturers - General,AbbVie Inc.
ABBV,1 week,0.05,2021-11-01 00:00:00+08:00,11643.637530864198,11000.921513002364,5.84,Drug Manufacturers - General,AbbVie Inc.
ABBV,1 week,0.05,2021-12-13 00:00:00+08:00,12926.167482859941,12269.574291300098,5.35,Drug Manufacturers - General,AbbVie Inc.
ABBV,1 week,0.05,2022-06-13 00:00:00+08:00,13827.873891625616,14707.412531328321,-5.98,Drug Manufacturers - General,AbbVie Inc.
ABBV,1 week,0.05,2022-06-20 00:00:00+08:00,14793.411985018727,13827.873891625616,6.98,Drug Manufacturers - General,AbbVie Inc.
ABBV,1 week,0.05,2022-08-01 00:00:00+08:00,14059.873585833743,14876.303809995052,-5.49,Drug Manufacturers - General,AbbVie Inc.
ABBV,1 week,0.05,2024-06-03 00:00:00+08:00,16490.224085365854,15576.107614852108,5.87,Drug Manufacturers - General,AbbVie Inc.
ABBV,2 weeks,0.05,2014-04-28 00:00:00+08:00,5151.4133095359510454,4873.6002793296089385,5.70,Drug Manufacturers - General,AbbVie Inc.
ABBV,2 weeks,0.05,2014-10-27 00:00:00+08:00,6196.7471896077941544,5538.9659166852305636,11.88,Drug Manufacturers - General,AbbVie Inc.
ABBV,2 weeks,0.05,2014-11-24 00:00:00+08:00,6876.7795870892701367,6471.8248175182481752,6.26,Drug Manufacturers - General,AbbVie Inc.
ABBV,2 weeks,0.05,2015-02-02 00:00:00+08:00,5762.8716461203770848,6262.2616899097621001,-7.97,Drug Manufacturers - General,AbbVie Inc.
ABBV,2 weeks,0.05,2015-04-13 00:00:00+08:00,6312.9035362039932644,5854.6688907422852377,7.83,Drug Manufacturers - General,AbbVie Inc.
ABBV,2 weeks,0.05,2015-08-31 00:00:00+08:00,6061.4480920314253648,6574.1343726800296956,-7.80,Drug Manufacturers - General,AbbVie Inc.
ABBV,2 weeks,0.05,2015-09-28 00:00:00+08:00,5487.0706892198939662,5860.3161985957873621,-6.37,Drug Manufacturers - General,AbbVie Inc.
ABBV,2 weeks,0.05,2015-10-26 00:00:00+08:00,5867.3022361144505891,5420.4189351963382318,8.24,Drug Manufacturers - General,AbbVie Inc.
ABBV,2 weeks,0.05,2015-12-07 00:00:00+08:00,5603.2598385469223007,5899.8177514792899408,-5.03,Drug Manufacturers - General,AbbVie Inc.
ABBV,2 weeks,0.05,2017-06-12 00:00:00+08:00,7104.7717694846407718,6751.6388025981361197,5.23,Drug Manufacturers - General,AbbVie Inc.
ABBV,2 weeks,0.05,2017-09-04 00:00:00+08:00,8384.8974993129980764,7293.7072485962225625,14.96,Drug Manufacturers - General,AbbVie Inc.
ABBV,2 weeks,0.05,2018-01-22 00:00:00+08:00,11306.801994301994,10136.362794612795,11.55,Drug Manufacturers - General,AbbVie Inc.
ABBV,2 weeks,0.05,2018-02-19 00:00:00+08:00,11810.211077431799,11247.320745463462,5.00,Drug Manufacturers - General,AbbVie Inc.
ABBV,2 weeks,0.05,2018-03-19 00:00:00+08:00,10152.054229934924,11671.398643556895,-13.02,Drug Manufacturers - General,AbbVie Inc.
ABBV,2 weeks,0.05,2018-04-02 00:00:00+08:00,9196.5431484705297190,10152.054229934924,-9.41,Drug Manufacturers - General,AbbVie Inc.
ABBV,2 weeks,0.05,2018-04-30 00:00:00+08:00,10068.092202059833,9367.8561930558975622,7.47,Drug Manufacturers - General,AbbVie Inc.
ABBV,2 weeks,0.05,2018-10-15 00:00:00+08:00,8628.9521662910092662,9392.8378378378378378,-8.13,Drug Manufacturers - General,AbbVie Inc.
ABBV,2 weeks,0.05,2018-11-12 00:00:00+08:00,8880.2552878965922444,8310.8474081284984181,6.85,Drug Manufacturers - General,AbbVie Inc.
ABBV,2 weeks,0.05,2019-01-21 00:00:00+08:00,8172.6365972757645849,8779.7337159970052408,-6.91,Drug Manufacturers - General,AbbVie Inc.
ABBV,2 weeks,0.05,2019-06-24 00:00:00+08:00,7157.1679884643114636,7823.8096324461343473,-8.52,Drug Manufacturers - General,AbbVie Inc.
ABBV,2 weeks,0.05,2019-09-16 00:00:00+08:00,7246.4985507246376812,6783.5004068348250610,6.83,Drug Manufacturers - General,AbbVie Inc.
ABBV,2 weeks,0.05,2019-10-28 00:00:00+08:00,8083.2658682634730539,7616.0286975717439294,6.13,Drug Manufacturers - General,AbbVie Inc.
ABBV,2 weeks,0.05,2019-11-11 00:00:00+08:00,8731.1235844411619892,8083.2658682634730539,8.01,Drug Manufacturers - General,AbbVie Inc.
ABBV,2 weeks,0.05,2020-01-20 00:00:00+08:00,8439.1046569854782173,8895.2933814681107100,-5.13,Drug Manufacturers - General,AbbVie Inc.
ABBV,2 weeks,0.05,2020-02-03 00:00:00+08:00,9073.0848064443947192,8439.1046569854782173,7.51,Drug Manufacturers - General,AbbVie Inc.
ABBV,2 weeks,0.05,2020-03-02 00:00:00+08:00,8607.0310267857142857,9093.0474708171206226,-5.34,Drug Manufacturers - General,AbbVie Inc.
ABBV,2 weeks,0.05,2020-03-16 00:00:00+08:00,7085.2441709844559585,8607.0310267857142857,-17.68,Drug Manufacturers - General,AbbVie Inc.
ABBV,2 weeks,0.05,2020-03-30 00:00:00+08:00,7567.2552491778396155,7085.2441709844559585,6.80,Drug Manufacturers - General,AbbVie Inc.
ABBV,2 weeks,0.05,2020-04-13 00:00:00+08:00,8215.0292521821184242,7567.2552491778396155,8.56,Drug Manufacturers - General,AbbVie Inc.
ABBV,2 weeks,0.05,2020-05-11 00:00:00+08:00,9038.3788819875776398,8391.3798519183307157,7.71,Drug Manufacturers - General,AbbVie Inc.
ABBV,2 weeks,0.05,2020-11-09 00:00:00+08:00,9869.6641097164109716,8709.8935030140656397,13.32,Drug Manufacturers - General,AbbVie Inc.
ABBV,2 weeks,0.05,2020-11-23 00:00:00+08:00,10439.809564474808,9869.6641097164109716,5.78,Drug Manufacturers - General,AbbVie Inc.
ABBV,2 weeks,0.05,2021-09-06 00:00:00+08:00,10788.526163555088,11767.965650701500,-8.32,Drug Manufacturers - General,AbbVie Inc.
ABBV,2 weeks,0.05,2021-11-01 00:00:00+08:00,11646.365264991291,10910.176527176527,6.75,Drug Manufacturers - General,AbbVie Inc.
ABBV,2 weeks,0.05,2021-12-13 00:00:00+08:00,13019.372366621067,11994.772983574405,8.54,Drug Manufacturers - General,AbbVie Inc.
ABBV,2 weeks,0.05,2022-02-07 00:00:00+08:00,14339.259341747092,13630.365877004068,5.20,Drug Manufacturers - General,AbbVie Inc.
ABBV,2 weeks,0.05,2022-03-21 00:00:00+08:00,16116.191780821918,15223.916563505818,5.86,Drug Manufacturers - General,AbbVie Inc.
ABBV,2 weeks,0.05,2022-04-18 00:00:00+08:00,15544.196467457053,16695.111081298632,-6.89,Drug Manufacturers - General,AbbVie Inc.
ABBV,2 weeks,0.05,2022-06-27 00:00:00+08:00,15313.064579256360,14253.752753303965,7.43,Drug Manufacturers - General,AbbVie Inc.
ABBV,2 weeks,0.05,2022-11-14 00:00:00+08:00,15543.316005873715,14708.053400503778,5.68,Drug Manufacturers - General,AbbVie Inc.
ABBV,2 weeks,0.05,2023-01-09 00:00:00+08:00,15420.610912096996,16312.549666772453,-5.47,Drug Manufacturers - General,AbbVie Inc.
ABBV,2 weeks,0.05,2023-05-01 00:00:00+08:00,14847.873484848485,15936.970740103270,-6.83,Drug Manufacturers - General,AbbVie Inc.
ABBV,2 weeks,0.05,2023-07-24 00:00:00+08:00,14711.390049751244,13689.358807316462,7.47,Drug Manufacturers - General,AbbVie Inc.
ABBV,2 weeks,0.05,2023-12-11 00:00:00+08:00,15338.959214501511,14315.560050251256,7.15,Drug Manufacturers - General,AbbVie Inc.
ABBV,2 weeks,0.05,2024-02-05 00:00:00+08:00,17406.980070635721,16543.600000000000,5.22,Drug Manufacturers - General,AbbVie Inc.
ABBV,2 weeks,0.05,2024-06-10 00:00:00+08:00,16908.880712848520,16081.865617093056,5.14,Drug Manufacturers - General,AbbVie Inc.
ABBV,2 weeks,0.05,2024-07-22 00:00:00+08:00,18064.279224904701,16993.889607032058,6.30,Drug Manufacturers - General,AbbVie Inc.
ABBV,1 week,0.1,2015-11-02 00:00:00+08:00,6295.8318756073858115,5447.5430747263207996,15.57,Drug Manufacturers - General,AbbVie Inc.
ABBV,1 week,0.1,2017-09-11 00:00:00+08:00,8745.8960975609756098,7919.1661422278162366,10.44,Drug Manufacturers - General,AbbVie Inc.
ABBV,1 week,0.1,2018-03-26 00:00:00+08:00,9433.9039057656540608,10710.307951807229,-11.92,Drug Manufacturers - General,AbbVie Inc.
ABBV,1 week,0.1,2020-02-10 00:00:00+08:00,9551.6539548022598870,8639.6174840085287846,10.56,Drug Manufacturers - General,AbbVie Inc.
ABBV,1 week,0.1,2020-03-16 00:00:00+08:00,7213.6509515570934256,8354.8363479758828596,-13.66,Drug Manufacturers - General,AbbVie Inc.
ABBV,1 week,0.1,2020-11-02 00:00:00+08:00,9156.7393617021276596,8256.4143049932523617,10.90,Drug Manufacturers - General,AbbVie Inc.
ABBV,2 weeks,0.1,2014-10-27 00:00:00+08:00,6196.7471896077941544,5538.9659166852305636,11.88,Drug Manufacturers - General,AbbVie Inc.
ABBV,2 weeks,0.1,2017-09-04 00:00:00+08:00,8384.8974993129980764,7293.7072485962225625,14.96,Drug Manufacturers - General,AbbVie Inc.
ABBV,2 weeks,0.1,2018-01-22 00:00:00+08:00,11306.801994301994,10136.362794612795,11.55,Drug Manufacturers - General,AbbVie Inc.
ABBV,2 weeks,0.1,2018-03-19 00:00:00+08:00,10152.054229934924,11671.398643556895,-13.02,Drug Manufacturers - General,AbbVie Inc.
ABBV,2 weeks,0.1,2020-03-16 00:00:00+08:00,7085.2441709844559585,8607.0310267857142857,-17.68,Drug Manufacturers - General,AbbVie Inc.
ABBV,2 weeks,0.1,2020-11-09 00:00:00+08:00,9869.6641097164109716,8709.8935030140656397,13.32,Drug Manufacturers - General,AbbVie Inc.
ABBV,1 week,0.15,2015-11-02 00:00:00+08:00,6295.8318756073858115,5447.5430747263207996,15.57,Drug Manufacturers - General,AbbVie Inc.
ABBV,2 weeks,0.15,2020-03-16 00:00:00+08:00,7085.2441709844559585,8607.0310267857142857,-17.68,Drug Manufacturers - General,AbbVie Inc.
AMZN,1 week,0.05,2014-02-03 00:00:00+08:00,35034.398651495997,38448.255169867061,-8.88,Specialty Retail,"Amazon.com, Inc."
AMZN,1 week,0.05,2014-03-24 00:00:00+08:00,34703.162389174055,37238.363464268812,-6.81,Specialty Retail,"Amazon.com, Inc."
AMZN,1 week,0.05,2014-04-28 00:00:00+08:00,30165.310679611650,32601.207852193995,-7.47,Specialty Retail,"Amazon.com, Inc."
AMZN,1 week,0.05,2014-06-09 00:00:00+08:00,33090.937472479084,31478.611447184737,5.12,Specialty Retail,"Amazon.com, Inc."
AMZN,1 week,0.05,2014-07-14 00:00:00+08:00,35454.897895208240,33146.791896869245,6.96,Specialty Retail,"Amazon.com, Inc."
AMZN,1 week,0.05,2014-07-28 00:00:00+08:00,31699.431635388740,34711.149456521739,-8.68,Specialty Retail,"Amazon.com, Inc."
AMZN,1 week,0.05,2015-01-26 00:00:00+08:00,32183.832230439860,30184.517418617933,6.62,Specialty Retail,"Amazon.com, Inc."
AMZN,1 week,0.05,2015-02-02 00:00:00+08:00,36706.789316239316,32183.832230439860,14.05,Specialty Retail,"Amazon.com, Inc."
AMZN,1 week,0.05,2015-04-20 00:00:00+08:00,40379.902448355011,38288.739236790607,5.46,Specialty Retail,"Amazon.com, Inc."
AMZN,1 week,0.05,2015-04-27 00:00:00+08:00,43054.275328330206,40379.902448355011,6.62,Specialty Retail,"Amazon.com, Inc."
AMZN,1 week,0.05,2015-07-13 00:00:00+08:00,46702.076157507572,43580.933135215453,7.16,Specialty Retail,"Amazon.com, Inc."
AMZN,1 week,0.05,2015-07-20 00:00:00+08:00,50957.385464909156,46702.076157507572,9.11,Specialty Retail,"Amazon.com, Inc."
AMZN,1 week,0.05,2015-08-24 00:00:00+08:00,49417.594296577947,52452.102031394275,-5.79,Specialty Retail,"Amazon.com, Inc."
AMZN,1 week,0.05,2015-10-05 00:00:00+08:00,53722.117884356791,51048.239177962396,5.24,Specialty Retail,"Amazon.com, Inc."
AMZN,1 week,0.05,2015-10-26 00:00:00+08:00,61634.991288399817,57867.798910929599,6.51,Specialty Retail,"Amazon.com, Inc."
AMZN,1 week,0.05,2016-01-04 00:00:00+08:00,62738.731688804554,68343.911385305665,-8.20,Specialty Retail,"Amazon.com, Inc."
AMZN,1 week,0.05,2016-02-01 00:00:00+08:00,54259.237121831562,59327.907560137457,-8.54,Specialty Retail,"Amazon.com, Inc."
AMZN,1 week,0.05,2016-02-08 00:00:00+08:00,49309.277424483307,54259.237121831562,-9.12,Specialty Retail,"Amazon.com, Inc."
AMZN,1 week,0.05,2016-02-15 00:00:00+08:00,52762.379774072082,49309.277424483307,7.00,Specialty Retail,"Amazon.com, Inc."
AMZN,1 week,0.05,2016-03-28 00:00:00+08:00,59218.727272727273,56279.301075268817,5.22,Specialty Retail,"Amazon.com, Inc."
AMZN,1 week,0.05,2016-05-02 00:00:00+08:00,67079.211946902655,63093.960031043849,6.32,Specialty Retail,"Amazon.com, Inc."
AMZN,1 week,0.05,2017-10-30 00:00:00+08:00,110235.086252189142,100631.506080816006,9.54,Specialty Retail,"Amazon.com, Inc."
AMZN,1 week,0.05,2018-01-29 00:00:00+08:00,144057.909214552873,136032.963657678781,5.90,Specialty Retail,"Amazon.com, Inc."
AMZN,1 week,0.05,2018-04-02 00:00:00+08:00,140316.947462473195,148444.970390309556,-5.48,Specialty Retail,"Amazon.com, Inc."
AMZN,1 week,0.05,2018-04-16 00:00:00+08:00,151165.524812030075,143542.582555780933,5.31,Specialty Retail,"Amazon.com, Inc."
AMZN,1 week,0.05,2018-10-08 00:00:00+08:00,180056.764581124072,195797.746461787303,-8.04,Specialty Retail,"Amazon.com, Inc."
AMZN,1 week,0.05,2018-10-29 00:00:00+08:00,159875.127165627166,171819.120395634379,-6.95,Specialty Retail,"Amazon.com, Inc."
AMZN,1 week,0.05,2018-11-05 00:00:00+08:00,169450.153272576636,159875.127165627166,5.99,Specialty Retail,"Amazon.com, Inc."
AMZN,1 week,0.05,2018-11-19 00:00:00+08:00,151584.516905737705,162121.008255159475,-6.50,Specialty Retail,"Amazon.com, Inc."
AMZN,1 week,0.05,2018-11-26 00:00:00+08:00,162612.221970554926,151584.516905737705,7.27,Specialty Retail,"Amazon.com, Inc."
AMZN,1 week,0.05,2018-12-17 00:00:00+08:00,150381.945434298441,164868.318376902068,-8.79,Specialty Retail,"Amazon.com, Inc."
AMZN,1 week,0.05,2018-12-24 00:00:00+08:00,142676.228688106177,150381.945434298441,-5.12,Specialty Retail,"Amazon.com, Inc."
AMZN,1 week,0.05,2018-12-31 00:00:00+08:00,152341.544877606528,142676.228688106177,6.77,Specialty Retail,"Amazon.com, Inc."
AMZN,1 week,0.05,2019-01-07 00:00:00+08:00,164457.142097264438,152341.544877606528,7.95,Specialty Retail,"Amazon.com, Inc."
AMZN,1 week,0.05,2019-03-18 00:00:00+08:00,177716.837698412698,168499.528529779259,5.47,Specialty Retail,"Amazon.com, Inc."
AMZN,1 week,0.05,2019-06-10 00:00:00+08:00,186619.099868015838,173824.214859437751,7.36,Specialty Retail,"Amazon.com, Inc."
AMZN,1 week,0.05,2020-02-03 00:00:00+08:00,204584.558835934205,191353.808637379002,6.91,Specialty Retail,"Amazon.com, Inc."
AMZN,1 week,0.05,2020-02-10 00:00:00+08:00,214910.163445378151,204584.558835934205,5.05,Specialty Retail,"Amazon.com, Inc."
AMZN,1 week,0.05,2020-02-24 00:00:00+08:00,194891.725317348378,214601.525749858517,-9.18,Specialty Retail,"Amazon.com, Inc."
AMZN,1 week,0.05,2020-03-09 00:00:00+08:00,178710.490799716914,192340.003872966692,-7.09,Specialty Retail,"Amazon.com, Inc."
AMZN,1 week,0.05,2020-03-23 00:00:00+08:00,191046.630401234568,181335.178432068109,5.36,Specialty Retail,"Amazon.com, Inc."
AMZN,1 week,0.05,2020-04-13 00:00:00+08:00,229207.761956918583,201025.100866021396,14.02,Specialty Retail,"Amazon.com, Inc."
AMZN,1 week,0.05,2020-07-06 00:00:00+08:00,308502.863945578231,278924.543961864407,10.60,Specialty Retail,"Amazon.com, Inc."
AMZN,1 week,0.05,2020-09-07 00:00:00+08:00,321207.215909090909,342089.232558139535,-6.10,Specialty Retail,"Amazon.com, Inc."
AMZN,1 week,0.05,2020-10-12 00:00:00+08:00,338596.221586575133,318866.349916387960,6.19,Specialty Retail,"Amazon.com, Inc."
AMZN,1 week,0.05,2020-10-19 00:00:00+08:00,320078.406317611424,338596.221586575133,-5.47,Specialty Retail,"Amazon.com, Inc."
AMZN,1 week,0.05,2021-04-05 00:00:00+08:00,327728.076194770063,309040.290810157195,6.05,Specialty Retail,"Amazon.com, Inc."
AMZN,1 week,0.05,2021-07-05 00:00:00+08:00,368680.113354037267,344690.824578790882,6.96,Specialty Retail,"Amazon.com, Inc."
AMZN,1 week,0.05,2021-08-02 00:00:00+08:00,335137.355269432523,354815.007260992336,-5.55,Specialty Retail,"Amazon.com, Inc."
AMZN,1 week,0.05,2021-08-30 00:00:00+08:00,348420.466108149276,325433.354503464203,7.06,Specialty Retail,"Amazon.com, Inc."
AMZN,1 week,0.05,2022-01-17 00:00:00+08:00,307966.338992332968,325072.492344497608,-5.26,Specialty Retail,"Amazon.com, Inc."
AMZN,1 week,0.05,2022-01-24 00:00:00+08:00,281461.201704545455,307966.338992332968,-8.61,Specialty Retail,"Amazon.com, Inc."
AMZN,1 week,0.05,2022-01-31 00:00:00+08:00,301290.180770615772,281461.201704545455,7.05,Specialty Retail,"Amazon.com, Inc."
AMZN,1 week,0.05,2022-02-07 00:00:00+08:00,318112.385392742306,301290.180770615772,5.58,Specialty Retail,"Amazon.com, Inc."
AMZN,1 week,0.05,2022-03-07 00:00:00+08:00,285228.251328156927,300288.716945107399,-5.02,Specialty Retail,"Amazon.com, Inc."
AMZN,1 week,0.05,2022-03-14 00:00:00+08:00,301451.277596646483,285228.251328156927,5.69,Specialty Retail,"Amazon.com, Inc."
AMZN,1 week,0.05,2022-03-21 00:00:00+08:00,326818.454320987654,301451.277596646483,8.42,Specialty Retail,"Amazon.com, Inc."
AMZN,1 week,0.05,2022-04-25 00:00:00+08:00,274778.023015873016,304467.900909526089,-9.75,Specialty Retail,"Amazon.com, Inc."
AMZN,1 week,0.05,2022-05-02 00:00:00+08:00,240031.310989512084,274778.023015873016,-12.65,Specialty Retail,"Amazon.com, Inc."
AMZN,1 week,0.05,2022-05-09 00:00:00+08:00,217856.734524304113,240031.310989512084,-9.24,Specialty Retail,"Amazon.com, Inc."
AMZN,1 week,0.05,2022-05-30 00:00:00+08:00,243713.131806615776,216613.365562913907,12.51,Specialty Retail,"Amazon.com, Inc."
AMZN,1 week,0.05,2022-06-06 00:00:00+08:00,12027.147806580259,243713.131806615776,-95.07,Specialty Retail,"Amazon.com, Inc."
AMZN,1 week,0.05,2022-06-13 00:00:00+08:00,10460.394425259003,12027.147806580259,-13.03,Specialty Retail,"Amazon.com, Inc."
AMZN,1 week,0.05,2022-06-20 00:00:00+08:00,11080.909465020576,10460.394425259003,5.93,Specialty Retail,"Amazon.com, Inc."
AMZN,1 week,0.05,2022-07-18 00:00:00+08:00,11997.800403225806,11122.591249625412,7.87,Specialty Retail,"Amazon.com, Inc."
AMZN,1 week,0.05,2022-08-01 00:00:00+08:00,13829.483834048641,12368.321356275304,11.81,Specialty Retail,"Amazon.com, Inc."
AMZN,1 week,0.05,2022-08-22 00:00:00+08:00,13425.837821297430,14202.151242887092,-5.47,Specialty Retail,"Amazon.com, Inc."
AMZN,1 week,0.05,2022-09-19 00:00:00+08:00,11978.147291196388,12843.800604229607,-6.74,Specialty Retail,"Amazon.com, Inc."
AMZN,1 week,0.05,2022-10-10 00:00:00+08:00,11210.467491369390,11838.159609120521,-5.30,Specialty Retail,"Amazon.com, Inc."
AMZN,1 week,0.05,2022-10-31 00:00:00+08:00,9545.3006583760058522,11201.308970099668,-14.78,Specialty Retail,"Amazon.com, Inc."
AMZN,1 week,0.05,2022-11-14 00:00:00+08:00,9742.0109832635983264,9251.6400695998011434,5.30,Specialty Retail,"Amazon.com, Inc."
AMZN,1 week,0.05,2022-12-19 00:00:00+08:00,8532.6653407584195174,9004.8456924754634678,-5.24,Specialty Retail,"Amazon.com, Inc."
AMZN,1 week,0.05,2023-01-09 00:00:00+08:00,9236.0874022120312921,8504.9039639058975185,8.60,Specialty Retail,"Amazon.com, Inc."
AMZN,1 week,0.05,2023-01-30 00:00:00+08:00,10507.214968152866,9775.6602434077079108,7.48,Specialty Retail,"Amazon.com, Inc."
AMZN,1 week,0.05,2023-05-15 00:00:00+08:00,11466.347701969740,10879.774664679583,5.39,Specialty Retail,"Amazon.com, Inc."
AMZN,1 week,0.05,2023-05-29 00:00:00+08:00,12284.412351543943,11634.628654970760,5.58,Specialty Retail,"Amazon.com, Inc."
AMZN,1 week,0.05,2023-09-18 00:00:00+08:00,13485.702565632458,14271.554550758460,-5.51,Specialty Retail,"Amazon.com, Inc."
AMZN,1 week,0.05,2023-09-25 00:00:00+08:00,12737.658038538970,13485.702565632458,-5.55,Specialty Retail,"Amazon.com, Inc."
AMZN,1 week,0.05,2023-10-30 00:00:00+08:00,13512.448696145125,12496.260646108664,8.13,Specialty Retail,"Amazon.com, Inc."
AMZN,1 week,0.05,2024-02-05 00:00:00+08:00,17037.925408618128,16162.057199211045,5.42,Specialty Retail,"Amazon.com, Inc."
AMZN,1 week,0.05,2024-02-26 00:00:00+08:00,17770.328571428571,16812.983930778739,5.69,Specialty Retail,"Amazon.com, Inc."
AMZN,1 week,0.05,2024-07-01 00:00:00+08:00,19806.086565945284,18735.869220607662,5.71,Specialty Retail,"Amazon.com, Inc."
AMZN,2 weeks,0.05,2014-02-03 00:00:00+08:00,35322.780917191915,39069.608350351713,-9.59,Specialty Retail,"Amazon.com, Inc."
AMZN,2 weeks,0.05,2014-03-31 00:00:00+08:00,32839.072810011377,35961.827772556391,-8.68,Specialty Retail,"Amazon.com, Inc."
AMZN,2 weeks,0.05,2014-04-28 00:00:00+08:00,29902.341435966689,32275.135141294439,-7.35,Specialty Retail,"Amazon.com, Inc."
AMZN,2 weeks,0.05,2014-06-09 00:00:00+08:00,32909.672142064373,31316.021693674856,5.09,Specialty Retail,"Amazon.com, Inc."
AMZN,2 weeks,0.05,2014-08-18 00:00:00+08:00,33698.489335918565,31985.613796339747,5.36,Specialty Retail,"Amazon.com, Inc."
AMZN,2 weeks,0.05,2014-11-10 00:00:00+08:00,32088.844131455399,29787.116207951070,7.73,Specialty Retail,"Amazon.com, Inc."
AMZN,2 weeks,0.05,2014-12-08 00:00:00+08:00,30424.293143120110,32657.003264417845,-6.84,Specialty Retail,"Amazon.com, Inc."
AMZN,2 weeks,0.05,2015-01-19 00:00:00+08:00,31373.461805555556,29542.391253507951,6.20,Specialty Retail,"Amazon.com, Inc."
AMZN,2 weeks,0.05,2015-02-02 00:00:00+08:00,37079.719556360344,31373.461805555556,18.19,Specialty Retail,"Amazon.com, Inc."
AMZN,2 weeks,0.05,2015-04-27 00:00:00+08:00,42811.535184749353,39462.268784886217,8.49,Specialty Retail,"Amazon.com, Inc."
AMZN,2 weeks,0.05,2015-07-20 00:00:00+08:00,52008.077012159815,45246.744110854503,14.94,Specialty Retail,"Amazon.com, Inc."
AMZN,2 weeks,0.05,2015-10-12 00:00:00+08:00,56682.805910710543,52368.607348384241,8.24,Specialty Retail,"Amazon.com, Inc."
AMZN,2 weeks,0.05,2015-10-26 00:00:00+08:00,62846.583653194852,56682.805910710543,10.87,Specialty Retail,"Amazon.com, Inc."
AMZN,2 weeks,0.05,2015-12-28 00:00:00+08:00,62738.731688804554,67409.181598793363,-6.93,Specialty Retail,"Amazon.com, Inc."
AMZN,2 weeks,0.05,2016-01-11 00:00:00+08:00,58893.940547762191,62738.731688804554,-6.13,Specialty Retail,"Amazon.com, Inc."
AMZN,2 weeks,0.05,2016-02-08 00:00:00+08:00,50776.549942857143,57013.126400298730,-10.94,Specialty Retail,"Amazon.com, Inc."
AMZN,2 weeks,0.05,2016-02-22 00:00:00+08:00,56176.893865842895,50776.549942857143,10.64,Specialty Retail,"Amazon.com, Inc."
AMZN,2 weeks,0.05,2016-05-02 00:00:00+08:00,68808.633226837061,62992.412242348532,9.23,Specialty Retail,"Amazon.com, Inc."
AMZN,2 weeks,0.05,2016-10-31 00:00:00+08:00,76922.369512195122,81522.690519877676,-5.64,Specialty Retail,"Amazon.com, Inc."
AMZN,2 weeks,0.05,2017-10-30 00:00:00+08:00,111315.859815190444,100255.877094972067,11.03,Specialty Retail,"Amazon.com, Inc."
AMZN,2 weeks,0.05,2018-01-08 00:00:00+08:00,128079.141101502048,119225.359220477022,7.43,Specialty Retail,"Amazon.com, Inc."
AMZN,2 weeks,0.05,2018-01-22 00:00:00+08:00,140324.120909090909,128079.141101502048,9.56,Specialty Retail,"Amazon.com, Inc."
AMZN,2 weeks,0.05,2018-02-19 00:00:00+08:00,149754.262990455992,141055.502236536053,6.17,Specialty Retail,"Amazon.com, Inc."
AMZN,2 weeks,0.05,2018-04-02 00:00:00+08:00,141827.718981569447,152131.859743483657,-6.77,Specialty Retail,"Amazon.com, Inc."
AMZN,2 weeks,0.05,2018-04-16 00:00:00+08:00,151797.411041852182,141827.718981569447,7.03,Specialty Retail,"Amazon.com, Inc."
AMZN,2 weeks,0.05,2018-07-09 00:00:00+08:00,179731.244094488189,169411.776827181618,6.09,Specialty Retail,"Amazon.com, Inc."
AMZN,2 weeks,0.05,2018-10-15 00:00:00+08:00,175440.897149043667,187398.795548849491,-6.38,Specialty Retail,"Amazon.com, Inc."
AMZN,2 weeks,0.05,2018-10-29 00:00:00+08:00,164236.280566037736,175440.897149043667,-6.39,Specialty Retail,"Amazon.com, Inc."
AMZN,2 weeks,0.05,2018-11-26 00:00:00+08:00,166042.151165188699,157666.333983105913,5.31,Specialty Retail,"Amazon.com, Inc."
AMZN,2 weeks,0.05,2018-12-10 00:00:00+08:00,157444.637816245007,166042.151165188699,-5.18,Specialty Retail,"Amazon.com, Inc."
AMZN,2 weeks,0.05,2018-12-24 00:00:00+08:00,147795.481392557023,157444.637816245007,-6.13,Specialty Retail,"Amazon.com, Inc."
AMZN,2 weeks,0.05,2019-01-07 00:00:00+08:00,165899.826656394453,147795.481392557023,12.25,Specialty Retail,"Amazon.com, Inc."
AMZN,2 weeks,0.05,2019-03-18 00:00:00+08:00,177596.934108527132,167469.128966223132,6.05,Specialty Retail,"Amazon.com, Inc."
AMZN,2 weeks,0.05,2019-06-10 00:00:00+08:00,188661.605101143360,177057.102599493904,6.55,Specialty Retail,"Amazon.com, Inc."
AMZN,2 weeks,0.05,2019-08-05 00:00:00+08:00,178957.895899681529,192650.226855713094,-7.11,Specialty Retail,"Amazon.com, Inc."
AMZN,2 weeks,0.05,2020-02-03 00:00:00+08:00,209757.141233424542,190058.442364756905,10.36,Specialty Retail,"Amazon.com, Inc."
AMZN,2 weeks,0.05,2020-03-02 00:00:00+08:00,185217.776812130178,202457.925048881164,-8.52,Specialty Retail,"Amazon.com, Inc."
AMZN,2 weeks,0.05,2020-03-30 00:00:00+08:00,196635.464701850583,185987.199038994641,5.73,Specialty Retail,"Amazon.com, Inc."
AMZN,2 weeks,0.05,2020-04-13 00:00:00+08:00,233761.188490566038,196635.464701850583,18.88,Specialty Retail,"Amazon.com, Inc."
AMZN,2 weeks,0.05,2020-06-08 00:00:00+08:00,260316.883020425005,244463.962184873950,6.48,Specialty Retail,"Amazon.com, Inc."
AMZN,2 weeks,0.05,2020-06-22 00:00:00+08:00,276047.297111742424,260316.883020425005,6.04,Specialty Retail,"Amazon.com, Inc."
AMZN,2 weeks,0.05,2020-07-06 00:00:00+08:00,307284.812586857256,276047.297111742424,11.32,Specialty Retail,"Amazon.com, Inc."
AMZN,2 weeks,0.05,2020-08-17 00:00:00+08:00,331946.202625820569,315876.400616332820,5.09,Specialty Retail,"Amazon.com, Inc."
AMZN,2 weeks,0.05,2020-09-14 00:00:00+08:00,304824.694170933438,332552.860333935018,-8.34,Specialty Retail,"Amazon.com, Inc."
AMZN,2 weeks,0.05,2021-02-22 00:00:00+08:00,309472.840034587116,329092.011372447661,-5.96,Specialty Retail,"Amazon.com, Inc."
AMZN,2 weeks,0.05,2021-04-05 00:00:00+08:00,332945.507835566659,309451.807339449541,7.59,Specialty Retail,"Amazon.com, Inc."
AMZN,2 weeks,0.05,2021-06-14 00:00:00+08:00,344623.079972183588,325231.865886109633,5.96,Specialty Retail,"Amazon.com, Inc."
AMZN,2 weeks,0.05,2021-08-23 00:00:00+08:00,348420.466108149276,329304.942128832243,5.80,Specialty Retail,"Amazon.com, Inc."
AMZN,2 weeks,0.05,2022-01-10 00:00:00+08:00,317096.027579162411,335366.153330019881,-5.45,Specialty Retail,"Amazon.com, Inc."
AMZN,2 weeks,0.05,2022-01-24 00:00:00+08:00,291967.798702537684,317096.027579162411,-7.92,Specialty Retail,"Amazon.com, Inc."
AMZN,2 weeks,0.05,2022-02-07 00:00:00+08:00,314831.918825957349,291967.798702537684,7.83,Specialty Retail,"Amazon.com, Inc."
AMZN,2 weeks,0.05,2022-03-21 00:00:00+08:00,329931.733052944087,292810.061819764911,12.68,Specialty Retail,"Amazon.com, Inc."
AMZN,2 weeks,0.05,2022-04-18 00:00:00+08:00,288234.771750922109,314542.690030717677,-8.36,Specialty Retail,"Amazon.com, Inc."
AMZN,2 weeks,0.05,2022-05-02 00:00:00+08:00,228428.222826086957,288234.771750922109,-20.75,Specialty Retail,"Amazon.com, Inc."
AMZN,2 weeks,0.05,2022-05-30 00:00:00+08:00,88196.289275556299,218043.686090645233,-59.55,Specialty Retail,"Amazon.com, Inc."
AMZN,2 weeks,0.05,2022-06-13 00:00:00+08:00,10719.995839311334,88196.289275556299,-87.85,Specialty Retail,"Amazon.com, Inc."
AMZN,2 weeks,0.05,2022-07-25 00:00:00+08:00,13054.069021082315,11568.872081069173,12.84,Specialty Retail,"Amazon.com, Inc."
AMZN,2 weeks,0.05,2022-08-08 00:00:00+08:00,14142.276583123239,13054.069021082315,8.34,Specialty Retail,"Amazon.com, Inc."
AMZN,2 weeks,0.05,2022-08-22 00:00:00+08:00,13119.122321428571,14142.276583123239,-7.23,Specialty Retail,"Amazon.com, Inc."
AMZN,2 weeks,0.05,2022-09-19 00:00:00+08:00,11774.334840946781,12861.862860892388,-8.46,Specialty Retail,"Amazon.com, Inc."
AMZN,2 weeks,0.05,2022-10-31 00:00:00+08:00,9399.8801083210241260,11361.260025062657,-17.26,Specialty Retail,"Amazon.com, Inc."
AMZN,2 weeks,0.05,2023-01-09 00:00:00+08:00,9387.7227620730270907,8422.8565239126812198,11.46,Specialty Retail,"Amazon.com, Inc."
AMZN,2 weeks,0.05,2023-01-23 00:00:00+08:00,10133.089989626556,9387.7227620730270907,7.94,Specialty Retail,"Amazon.com, Inc."
AMZN,2 weeks,0.05,2023-02-20 00:00:00+08:00,9393.8143675491562161,9953.7013617365511662,-5.62,Specialty Retail,"Amazon.com, Inc."
AMZN,2 weeks,0.05,2023-05-15 00:00:00+08:00,11553.487818306951,10619.646324155549,8.79,Specialty Retail,"Amazon.com, Inc."
AMZN,2 weeks,0.05,2023-05-29 00:00:00+08:00,12380.677859391396,11553.487818306951,7.16,Specialty Retail,"Amazon.com, Inc."
AMZN,2 weeks,0.05,2023-09-18 00:00:00+08:00,13104.834089910675,14019.962372881356,-6.53,Specialty Retail,"Amazon.com, Inc."
AMZN,2 weeks,0.05,2023-10-30 00:00:00+08:00,13813.673502749294,12703.171536286522,8.74,Specialty Retail,"Amazon.com, Inc."
AMZN,2 weeks,0.05,2024-02-05 00:00:00+08:00,17042.344631924742,15939.121867581113,6.92,Specialty Retail,"Amazon.com, Inc."
AMZN,1 week,0.1,2015-02-02 00:00:00+08:00,36706.789316239316,32183.832230439860,14.05,Specialty Retail,"Amazon.com, Inc."
AMZN,1 week,0.1,2020-04-13 00:00:00+08:00,229207.761956918583,201025.100866021396,14.02,Specialty Retail,"Amazon.com, Inc."
AMZN,1 week,0.1,2020-07-06 00:00:00+08:00,308502.863945578231,278924.543961864407,10.60,Specialty Retail,"Amazon.com, Inc."
AMZN,1 week,0.1,2022-05-02 00:00:00+08:00,240031.310989512084,274778.023015873016,-12.65,Specialty Retail,"Amazon.com, Inc."
AMZN,1 week,0.1,2022-05-30 00:00:00+08:00,243713.131806615776,216613.365562913907,12.51,Specialty Retail,"Amazon.com, Inc."
AMZN,1 week,0.1,2022-06-06 00:00:00+08:00,12027.147806580259,243713.131806615776,-95.07,Specialty Retail,"Amazon.com, Inc."
AMZN,1 week,0.1,2022-06-13 00:00:00+08:00,10460.394425259003,12027.147806580259,-13.03,Specialty Retail,"Amazon.com, Inc."
AMZN,1 week,0.1,2022-08-01 00:00:00+08:00,13829.483834048641,12368.321356275304,11.81,Specialty Retail,"Amazon.com, Inc."
AMZN,1 week,0.1,2022-10-31 00:00:00+08:00,9545.3006583760058522,11201.308970099668,-14.78,Specialty Retail,"Amazon.com, Inc."
AMZN,2 weeks,0.1,2015-02-02 00:00:00+08:00,37079.719556360344,31373.461805555556,18.19,Specialty Retail,"Amazon.com, Inc."
AMZN,2 weeks,0.1,2015-07-20 00:00:00+08:00,52008.077012159815,45246.744110854503,14.94,Specialty Retail,"Amazon.com, Inc."
AMZN,2 weeks,0.1,2015-10-26 00:00:00+08:00,62846.583653194852,56682.805910710543,10.87,Specialty Retail,"Amazon.com, Inc."
AMZN,2 weeks,0.1,2016-02-08 00:00:00+08:00,50776.549942857143,57013.126400298730,-10.94,Specialty Retail,"Amazon.com, Inc."
AMZN,2 weeks,0.1,2016-02-22 00:00:00+08:00,56176.893865842895,50776.549942857143,10.64,Specialty Retail,"Amazon.com, Inc."
AMZN,2 weeks,0.1,2017-10-30 00:00:00+08:00,111315.859815190444,100255.877094972067,11.03,Specialty Retail,"Amazon.com, Inc."
AMZN,2 weeks,0.1,2019-01-07 00:00:00+08:00,165899.826656394453,147795.481392557023,12.25,Specialty Retail,"Amazon.com, Inc."
AMZN,2 weeks,0.1,2020-02-03 00:00:00+08:00,209757.141233424542,190058.442364756905,10.36,Specialty Retail,"Amazon.com, Inc."
AMZN,2 weeks,0.1,2020-04-13 00:00:00+08:00,233761.188490566038,196635.464701850583,18.88,Specialty Retail,"Amazon.com, Inc."
AMZN,2 weeks,0.1,2020-07-06 00:00:00+08:00,307284.812586857256,276047.297111742424,11.32,Specialty Retail,"Amazon.com, Inc."
AMZN,2 weeks,0.1,2022-03-21 00:00:00+08:00,329931.733052944087,292810.061819764911,12.68,Specialty Retail,"Amazon.com, Inc."
AMZN,2 weeks,0.1,2022-05-02 00:00:00+08:00,228428.222826086957,288234.771750922109,-20.75,Specialty Retail,"Amazon.com, Inc."
AMZN,2 weeks,0.1,2022-05-30 00:00:00+08:00,88196.289275556299,218043.686090645233,-59.55,Specialty Retail,"Amazon.com, Inc."
AMZN,2 weeks,0.1,2022-06-13 00:00:00+08:00,10719.995839311334,88196.289275556299,-87.85,Specialty Retail,"Amazon.com, Inc."
AMZN,2 weeks,0.1,2022-07-25 00:00:00+08:00,13054.069021082315,11568.872081069173,12.84,Specialty Retail,"Amazon.com, Inc."
AMZN,2 weeks,0.1,2022-10-31 00:00:00+08:00,9399.8801083210241260,11361.260025062657,-17.26,Specialty Retail,"Amazon.com, Inc."
AMZN,2 weeks,0.1,2023-01-09 00:00:00+08:00,9387.7227620730270907,8422.8565239126812198,11.46,Specialty Retail,"Amazon.com, Inc."
AMZN,1 week,0.15,2022-06-06 00:00:00+08:00,12027.147806580259,243713.131806615776,-95.07,Specialty Retail,"Amazon.com, Inc."
AMZN,2 weeks,0.15,2015-02-02 00:00:00+08:00,37079.719556360344,31373.461805555556,18.19,Specialty Retail,"Amazon.com, Inc."
AMZN,2 weeks,0.15,2020-04-13 00:00:00+08:00,233761.188490566038,196635.464701850583,18.88,Specialty Retail,"Amazon.com, Inc."
AMZN,2 weeks,0.15,2022-05-02 00:00:00+08:00,228428.222826086957,288234.771750922109,-20.75,Specialty Retail,"Amazon.com, Inc."
AMZN,2 weeks,0.15,2022-05-30 00:00:00+08:00,88196.289275556299,218043.686090645233,-59.55,Specialty Retail,"Amazon.com, Inc."
AMZN,2 weeks,0.15,2022-06-13 00:00:00+08:00,10719.995839311334,88196.289275556299,-87.85,Specialty Retail,"Amazon.com, Inc."
AMZN,2 weeks,0.15,2022-10-31 00:00:00+08:00,9399.8801083210241260,11361.260025062657,-17.26,Specialty Retail,"Amazon.com, Inc."
AVGO,1 week,0.05,2014-02-10 00:00:00+08:00,5791.4675876726886291,5448.8883442265795207,6.29,Semiconductors,Broadcom Inc.
AVGO,1 week,0.05,2014-04-07 00:00:00+08:00,6058.4435736677115987,6404.8324382384532760,-5.41,Semiconductors,Broadcom Inc.
AVGO,1 week,0.05,2014-04-21 00:00:00+08:00,6334.3860198226395409,5929.9381912817176318,6.82,Semiconductors,Broadcom Inc.
AVGO,1 week,0.05,2014-05-05 00:00:00+08:00,6685.5348148148148148,6258.8089238845144357,6.82,Semiconductors,Broadcom Inc.
AVGO,1 week,0.05,2014-09-01 00:00:00+08:00,8591.8406695598264104,7750.0633528265107212,10.86,Semiconductors,Broadcom Inc.
AVGO,1 week,0.05,2014-10-06 00:00:00+08:00,7992.6590794132524026,8519.4090909090909091,-6.18,Semiconductors,Broadcom Inc.
AVGO,1 week,0.05,2014-10-13 00:00:00+08:00,7320.1576923076923077,7992.6590794132524026,-8.41,Semiconductors,Broadcom Inc.
AVGO,1 week,0.05,2014-10-20 00:00:00+08:00,8075.6049129989764585,7320.1576923076923077,10.32,Semiconductors,Broadcom Inc.
AVGO,1 week,0.05,2014-12-01 00:00:00+08:00,9705.0342751273737842,9224.6888888888888889,5.21,Semiconductors,Broadcom Inc.
AVGO,1 week,0.05,2015-02-23 00:00:00+08:00,11901.849703060758,11063.605699138502,7.58,Semiconductors,Broadcom Inc.
AVGO,1 week,0.05,2015-03-02 00:00:00+08:00,12864.205597964377,11901.849703060758,8.09,Semiconductors,Broadcom Inc.
AVGO,1 week,0.05,2015-05-25 00:00:00+08:00,13978.221436343852,13015.512513034411,7.40,Semiconductors,Broadcom Inc.
AVGO,1 week,0.05,2015-08-31 00:00:00+08:00,12342.383915022762,11721.337956541840,5.30,Semiconductors,Broadcom Inc.
AVGO,1 week,0.05,2015-11-30 00:00:00+08:00,13798.710313901345,12724.097507331378,8.45,Semiconductors,Broadcom Inc.
AVGO,1 week,0.05,2015-12-07 00:00:00+08:00,14709.704004054739,13798.710313901345,6.60,Semiconductors,Broadcom Inc.
AVGO,1 week,0.05,2016-01-04 00:00:00+08:00,13494.383568303354,14669.639973958333,-8.01,Semiconductors,Broadcom Inc.
AVGO,1 week,0.05,2016-01-11 00:00:00+08:00,12542.695205479452,13494.383568303354,-7.05,Semiconductors,Broadcom Inc.
AVGO,1 week,0.05,2016-02-01 00:00:00+08:00,13333.445000000000,12598.622181316153,5.83,Semiconductors,Broadcom Inc.
AVGO,1 week,0.05,2016-02-08 00:00:00+08:00,11985.137896326120,13333.445000000000,-10.11,Semiconductors,Broadcom Inc.
AVGO,1 week,0.05,2016-02-15 00:00:00+08:00,12783.775471698113,11985.137896326120,6.66,Semiconductors,Broadcom Inc.
AVGO,1 week,0.05,2016-02-29 00:00:00+08:00,13906.521739130435,13051.570989236289,6.55,Semiconductors,Broadcom Inc.
AVGO,1 week,0.05,2016-05-23 00:00:00+08:00,15170.636508781267,14332.198329853862,5.85,Semiconductors,Broadcom Inc.
AVGO,1 week,0.05,2016-07-11 00:00:00+08:00,15925.861522738886,15150.863928112965,5.12,Semiconductors,Broadcom Inc.
AVGO,1 week,0.05,2016-12-12 00:00:00+08:00,17894.005416051206,16999.483870967742,5.26,Semiconductors,Broadcom Inc.
AVGO,1 week,0.05,2017-01-23 00:00:00+08:00,19910.123370110331,18459.949120603015,7.86,Semiconductors,Broadcom Inc.
AVGO,1 week,0.05,2017-06-12 00:00:00+08:00,24018.609939759036,25289.408450704225,-5.03,Semiconductors,Broadcom Inc.
AVGO,1 week,0.05,2017-10-30 00:00:00+08:00,26233.418951418951,24622.837377387713,6.54,Semiconductors,Broadcom Inc.
AVGO,1 week,0.05,2018-01-29 00:00:00+08:00,24330.390445567294,25662.485294117647,-5.19,Semiconductors,Broadcom Inc.
AVGO,1 week,0.05,2018-03-12 00:00:00+08:00,26244.007425742574,24948.794638583054,5.19,Semiconductors,Broadcom Inc.
AVGO,1 week,0.05,2018-03-19 00:00:00+08:00,24433.690072639225,26244.007425742574,-6.90,Semiconductors,Broadcom Inc.
AVGO,1 week,0.05,2018-04-23 00:00:00+08:00,23117.472417251755,24578.635764944276,-5.94,Semiconductors,Broadcom Inc.
AVGO,1 week,0.05,2018-07-09 00:00:00+08:00,22770.672420879573,24276.649742457689,-6.20,Semiconductors,Broadcom Inc.
AVGO,1 week,0.05,2018-07-16 00:00:00+08:00,20765.756931608133,22770.672420879573,-8.80,Semiconductors,Broadcom Inc.
AVGO,1 week,0.05,2018-07-23 00:00:00+08:00,22115.720952380952,20765.756931608133,6.50,Semiconductors,Broadcom Inc.
AVGO,1 week,0.05,2018-09-10 00:00:00+08:00,23428.891025641026,22251.114270092947,5.29,Semiconductors,Broadcom Inc.
AVGO,1 week,0.05,2018-12-10 00:00:00+08:00,25080.591152163345,23360.116883116883,7.37,Semiconductors,Broadcom Inc.
AVGO,1 week,0.05,2019-03-18 00:00:00+08:00,29497.350271336951,27518.508490133089,7.19,Semiconductors,Broadcom Inc.
AVGO,1 week,0.05,2019-05-20 00:00:00+08:00,26913.360844529750,29746.100748129676,-9.52,Semiconductors,Broadcom Inc.
AVGO,1 week,0.05,2019-05-27 00:00:00+08:00,25443.457938013915,26913.360844529750,-5.46,Semiconductors,Broadcom Inc.
AVGO,1 week,0.05,2019-08-05 00:00:00+08:00,26996.602759980286,29278.827586206897,-7.79,Semiconductors,Broadcom Inc.
AVGO,1 week,0.05,2019-11-04 00:00:00+08:00,30987.454776422764,29136.072938689218,6.35,Semiconductors,Broadcom Inc.
AVGO,1 week,0.05,2020-02-24 00:00:00+08:00,28278.149068322981,31040.634900990099,-8.90,Semiconductors,Broadcom Inc.
AVGO,1 week,0.05,2020-03-09 00:00:00+08:00,23683.355026929982,27608.719882468168,-14.22,Semiconductors,Broadcom Inc.
AVGO,1 week,0.05,2020-03-16 00:00:00+08:00,18977.416512059369,23683.355026929982,-19.87,Semiconductors,Broadcom Inc.
AVGO,1 week,0.05,2020-03-23 00:00:00+08:00,22006.829777365492,18977.416512059369,15.96,Semiconductors,Broadcom Inc.
AVGO,1 week,0.05,2020-03-30 00:00:00+08:00,23488.988791423002,22006.829777365492,6.73,Semiconductors,Broadcom Inc.
AVGO,1 week,0.05,2020-04-06 00:00:00+08:00,25683.679734620024,23488.988791423002,9.34,Semiconductors,Broadcom Inc.
AVGO,1 week,0.05,2020-06-01 00:00:00+08:00,30531.930454545455,28514.797348484848,7.07,Semiconductors,Broadcom Inc.
AVGO,1 week,0.05,2020-08-31 00:00:00+08:00,35946.338923212710,33767.263852242744,6.45,Semiconductors,Broadcom Inc.
AVGO,1 week,0.05,2020-10-26 00:00:00+08:00,35465.212251477700,37524.798498845266,-5.49,Semiconductors,Broadcom Inc.
AVGO,1 week,0.05,2021-03-15 00:00:00+08:00,47231.033609352168,44432.537387836491,6.30,Semiconductors,Broadcom Inc.
AVGO,1 week,0.05,2021-12-06 00:00:00+08:00,59350.253487253487,55847.835002635741,6.27,Semiconductors,Broadcom Inc.
AVGO,1 week,0.05,2021-12-13 00:00:00+08:00,62344.125254582485,59350.253487253487,5.04,Semiconductors,Broadcom Inc.
AVGO,1 week,0.05,2022-01-10 00:00:00+08:00,61222.867330886209,64940.741918665276,-5.73,Semiconductors,Broadcom Inc.
AVGO,1 week,0.05,2022-01-17 00:00:00+08:00,56552.150753768844,61222.867330886209,-7.63,Semiconductors,Broadcom Inc.
AVGO,1 week,0.05,2022-01-31 00:00:00+08:00,58775.395477386935,54454.923523717328,7.93,Semiconductors,Broadcom Inc.
AVGO,1 week,0.05,2022-05-23 00:00:00+08:00,53945.124053030303,56903.076026355803,-5.20,Semiconductors,Broadcom Inc.
AVGO,1 week,0.05,2022-05-30 00:00:00+08:00,57380.400645161290,53945.124053030303,6.37,Semiconductors,Broadcom Inc.
AVGO,1 week,0.05,2022-06-13 00:00:00+08:00,51261.355624675998,56210.786885245902,-8.81,Semiconductors,Broadcom Inc.
AVGO,1 week,0.05,2022-08-29 00:00:00+08:00,50311.267369429804,53444.367346938776,-5.86,Semiconductors,Broadcom Inc.
AVGO,1 week,0.05,2022-09-26 00:00:00+08:00,45904.405254332029,48571.147523709168,-5.49,Semiconductors,Broadcom Inc.
AVGO,1 week,0.05,2022-10-10 00:00:00+08:00,43367.158829676071,47200.624024960998,-8.12,Semiconductors,Broadcom Inc.
AVGO,1 week,0.05,2022-10-24 00:00:00+08:00,46144.925365062196,43686.207150368034,5.63,Semiconductors,Broadcom Inc.
AVGO,1 week,0.05,2022-11-07 00:00:00+08:00,48749.945715806280,46248.481581798483,5.41,Semiconductors,Broadcom Inc.
AVGO,1 week,0.05,2022-11-14 00:00:00+08:00,51693.664301310044,48749.945715806280,6.04,Semiconductors,Broadcom Inc.
AVGO,1 week,0.05,2022-12-12 00:00:00+08:00,56279.181633688483,53211.095661265029,5.77,Semiconductors,Broadcom Inc.
AVGO,1 week,0.05,2023-05-15 00:00:00+08:00,65805.708930540243,62445.117543859649,5.38,Semiconductors,Broadcom Inc.
AVGO,1 week,0.05,2023-05-22 00:00:00+08:00,71023.721718377088,65805.708930540243,7.93,Semiconductors,Broadcom Inc.
AVGO,1 week,0.05,2023-05-29 00:00:00+08:00,81075.174340403518,71023.721718377088,14.15,Semiconductors,Broadcom Inc.
AVGO,1 week,0.05,2023-06-12 00:00:00+08:00,86327.806356968215,79798.812700106724,8.18,Semiconductors,Broadcom Inc.
AVGO,1 week,0.05,2023-10-09 00:00:00+08:00,87689.016949152542,82583.664736164736,6.18,Semiconductors,Broadcom Inc.
AVGO,1 week,0.05,2023-11-06 00:00:00+08:00,91046.536299765808,85497.973386183465,6.49,Semiconductors,Broadcom Inc.
AVGO,1 week,0.05,2023-11-13 00:00:00+08:00,96455.933224755700,91046.536299765808,5.94,Semiconductors,Broadcom Inc.
AVGO,1 week,0.05,2023-12-11 00:00:00+08:00,108180.662447257384,91776.529688972667,17.87,Semiconductors,Broadcom Inc.
AVGO,1 week,0.05,2024-01-01 00:00:00+08:00,106553.746085772634,112522.172849250197,-5.30,Semiconductors,Broadcom Inc.
AVGO,1 week,0.05,2024-01-22 00:00:00+08:00,123211.881703470032,113694.906511927789,8.37,Semiconductors,Broadcom Inc.
AVGO,1 week,0.05,2024-02-26 00:00:00+08:00,137943.963942307692,121774.317757009346,13.28,Semiconductors,Broadcom Inc.
AVGO,1 week,0.05,2024-03-11 00:00:00+08:00,126854.553474618038,137324.669979296066,-7.62,Semiconductors,Broadcom Inc.
AVGO,1 week,0.05,2024-05-13 00:00:00+08:00,138794.237828763290,131350.001364256480,5.67,Semiconductors,Broadcom Inc.
AVGO,1 week,0.05,2024-06-10 00:00:00+08:00,157753.839830508475,136616.581736189402,15.47,Semiconductors,Broadcom Inc.
AVGO,1 week,0.05,2024-06-17 00:00:00+08:00,177568.084205281515,157753.839830508475,12.56,Semiconductors,Broadcom Inc.
AVGO,1 week,0.05,2024-06-24 00:00:00+08:00,159826.675662650602,177568.084205281515,-9.99,Semiconductors,Broadcom Inc.
AVGO,1 week,0.05,2024-07-15 00:00:00+08:00,16308.368618402077,172641.912306201550,-90.55,Semiconductors,Broadcom Inc.
AVGO,2 weeks,0.05,2014-02-17 00:00:00+08:00,5962.3078986587183308,5622.2972027972027972,6.05,Semiconductors,Broadcom Inc.
AVGO,2 weeks,0.05,2014-03-03 00:00:00+08:00,6287.3928284720363928,5962.3078986587183308,5.45,Semiconductors,Broadcom Inc.
AVGO,2 weeks,0.05,2014-04-28 00:00:00+08:00,6478.6867684478371501,6154.4102489866821077,5.27,Semiconductors,Broadcom Inc.
AVGO,2 weeks,0.05,2014-05-12 00:00:00+08:00,6850.4706482899438489,6478.6867684478371501,5.74,Semiconductors,Broadcom Inc.
AVGO,2 weeks,0.05,2014-08-18 00:00:00+08:00,7669.2372364744729489,7138.0586979722518677,7.44,Semiconductors,Broadcom Inc.
AVGO,2 weeks,0.05,2014-09-01 00:00:00+08:00,8726.4727221597300337,7669.2372364744729489,13.79,Semiconductors,Broadcom Inc.
AVGO,2 weeks,0.05,2014-09-29 00:00:00+08:00,8253.2744697163301814,8772.4690334283493133,-5.92,Semiconductors,Broadcom Inc.
AVGO,2 weeks,0.05,2014-10-13 00:00:00+08:00,7686.0832920178482895,8253.2744697163301814,-6.87,Semiconductors,Broadcom Inc.
AVGO,2 weeks,0.05,2014-10-27 00:00:00+08:00,8482.4006760270410816,7686.0832920178482895,10.36,Semiconductors,Broadcom Inc.
AVGO,2 weeks,0.05,2014-11-24 00:00:00+08:00,9520.2333998290111143,8820.7722382576751509,7.93,Semiconductors,Broadcom Inc.
AVGO,2 weeks,0.05,2014-12-08 00:00:00+08:00,10020.383720930233,9520.2333998290111143,5.25,Semiconductors,Broadcom Inc.
AVGO,2 weeks,0.05,2015-02-16 00:00:00+08:00,11559.797187669010,10523.694603009860,9.85,Semiconductors,Broadcom Inc.
AVGO,2 weeks,0.05,2015-03-02 00:00:00+08:00,12714.889626980072,11559.797187669010,9.99,Semiconductors,Broadcom Inc.
AVGO,2 weeks,0.05,2015-05-11 00:00:00+08:00,12736.186730872124,11948.370780726617,6.59,Semiconductors,Broadcom Inc.
AVGO,2 weeks,0.05,2015-05-25 00:00:00+08:00,14190.424432263117,12736.186730872124,11.42,Semiconductors,Broadcom Inc.
AVGO,2 weeks,0.05,2015-07-06 00:00:00+08:00,13083.767897513188,13786.533578917540,-5.10,Semiconductors,Broadcom Inc.
AVGO,2 weeks,0.05,2015-08-31 00:00:00+08:00,12558.359231411863,11834.606943432872,6.12,Semiconductors,Broadcom Inc.
AVGO,2 weeks,0.05,2015-09-28 00:00:00+08:00,11963.781493588132,12840.318448583822,-6.83,Semiconductors,Broadcom Inc.
AVGO,2 weeks,0.05,2015-11-23 00:00:00+08:00,13390.871730662215,12226.967032967033,9.52,Semiconductors,Broadcom Inc.
AVGO,2 weeks,0.05,2015-12-07 00:00:00+08:00,14459.098687531550,13390.871730662215,7.98,Semiconductors,Broadcom Inc.
AVGO,2 weeks,0.05,2015-12-28 00:00:00+08:00,13494.383568303354,14590.380870757628,-7.51,Semiconductors,Broadcom Inc.
AVGO,2 weeks,0.05,2016-01-11 00:00:00+08:00,12440.177005789909,13494.383568303354,-7.81,Semiconductors,Broadcom Inc.
AVGO,2 weeks,0.05,2016-02-22 00:00:00+08:00,13498.695599022005,12340.137545429131,9.39,Semiconductors,Broadcom Inc.
AVGO,2 weeks,0.05,2016-03-07 00:00:00+08:00,14646.094875697615,13498.695599022005,8.50,Semiconductors,Broadcom Inc.
AVGO,2 weeks,0.05,2016-03-21 00:00:00+08:00,15427.463788696393,14646.094875697615,5.33,Semiconductors,Broadcom Inc.
AVGO,2 weeks,0.05,2016-05-02 00:00:00+08:00,14285.679824561404,15092.901520817751,-5.35,Semiconductors,Broadcom Inc.
AVGO,2 weeks,0.05,2016-05-30 00:00:00+08:00,16049.829307568438,14747.330171277997,8.83,Semiconductors,Broadcom Inc.
AVGO,2 weeks,0.05,2016-07-11 00:00:00+08:00,16035.618112244898,15127.104225352113,6.01,Semiconductors,Broadcom Inc.
AVGO,2 weeks,0.05,2016-08-08 00:00:00+08:00,17244.106183146361,16382.670931422723,5.26,Semiconductors,Broadcom Inc.
AVGO,2 weeks,0.05,2016-12-12 00:00:00+08:00,18008.542682926829,17014.888381044022,5.84,Semiconductors,Broadcom Inc.
AVGO,2 weeks,0.05,2017-01-23 00:00:00+08:00,20080.592396777442,18143.891329479769,10.67,Semiconductors,Broadcom Inc.
AVGO,2 weeks,0.05,2017-10-30 00:00:00+08:00,26611.506292352372,24514.131463853872,8.56,Semiconductors,Broadcom Inc.
AVGO,2 weeks,0.05,2018-01-22 00:00:00+08:00,24974.799620583353,26595.317080207732,-6.09,Semiconductors,Broadcom Inc.
AVGO,2 weeks,0.05,2018-03-19 00:00:00+08:00,24353.166214750542,25644.472856193220,-5.04,Semiconductors,Broadcom Inc.
AVGO,2 weeks,0.05,2018-05-28 00:00:00+08:00,25711.162704701532,24130.760358056266,6.55,Semiconductors,Broadcom Inc.
AVGO,2 weeks,0.05,2018-06-25 00:00:00+08:00,24646.627327327327,26299.308439897698,-6.28,Semiconductors,Broadcom Inc.
AVGO,2 weeks,0.05,2018-07-09 00:00:00+08:00,21826.874918425060,24646.627327327327,-11.44,Semiconductors,Broadcom Inc.
AVGO,2 weeks,0.05,2018-09-03 00:00:00+08:00,22870.386051335235,21157.554266563547,8.10,Semiconductors,Broadcom Inc.
AVGO,2 weeks,0.05,2018-09-17 00:00:00+08:00,24442.498887515451,22870.386051335235,6.87,Semiconductors,Broadcom Inc.
AVGO,2 weeks,0.05,2018-10-15 00:00:00+08:00,22781.777333999001,24307.072686116700,-6.28,Semiconductors,Broadcom Inc.
AVGO,2 weeks,0.05,2018-12-10 00:00:00+08:00,25053.935878609887,23450.251535380507,6.84,Semiconductors,Broadcom Inc.
AVGO,2 weeks,0.05,2019-01-21 00:00:00+08:00,26467.712693666757,24913.288838612368,6.24,Semiconductors,Broadcom Inc.
AVGO,2 weeks,0.05,2019-03-18 00:00:00+08:00,29569.064685314685,27295.242533718690,8.33,Semiconductors,Broadcom Inc.
AVGO,2 weeks,0.05,2019-05-13 00:00:00+08:00,28302.366348740523,31057.723029045643,-8.87,Semiconductors,Broadcom Inc.
AVGO,2 weeks,0.05,2019-05-27 00:00:00+08:00,26065.954405594406,28302.366348740523,-7.90,Semiconductors,Broadcom Inc.
AVGO,2 weeks,0.05,2019-06-10 00:00:00+08:00,27542.364035087719,26065.954405594406,5.66,Semiconductors,Broadcom Inc.
AVGO,2 weeks,0.05,2019-07-22 00:00:00+08:00,29666.429022082019,28251.022623284189,5.01,Semiconductors,Broadcom Inc.
AVGO,2 weeks,0.05,2019-08-05 00:00:00+08:00,27246.827879090682,29666.429022082019,-8.16,Semiconductors,Broadcom Inc.
AVGO,2 weeks,0.05,2019-10-28 00:00:00+08:00,30079.989896373057,28628.347299077734,5.07,Semiconductors,Broadcom Inc.
AVGO,2 weeks,0.05,2020-02-17 00:00:00+08:00,29481.755729307091,31663.375873673311,-6.89,Semiconductors,Broadcom Inc.
AVGO,2 weeks,0.05,2020-03-02 00:00:00+08:00,25560.543559718970,29481.755729307091,-13.30,Semiconductors,Broadcom Inc.
AVGO,2 weeks,0.05,2020-03-16 00:00:00+08:00,20492.123144712430,25560.543559718970,-19.83,Semiconductors,Broadcom Inc.
AVGO,2 weeks,0.05,2020-03-30 00:00:00+08:00,24469.796765498652,20492.123144712430,19.41,Semiconductors,Broadcom Inc.
AVGO,2 weeks,0.05,2020-04-13 00:00:00+08:00,25969.223325062035,24469.796765498652,6.13,Semiconductors,Broadcom Inc.
AVGO,2 weeks,0.05,2020-05-25 00:00:00+08:00,29687.549154334038,27107.583056902271,9.52,Semiconductors,Broadcom Inc.
AVGO,2 weeks,0.05,2020-08-03 00:00:00+08:00,32752.384535005225,31146.003542510121,5.16,Semiconductors,Broadcom Inc.
AVGO,2 weeks,0.05,2020-08-31 00:00:00+08:00,35922.224045116637,33383.334351569009,7.61,Semiconductors,Broadcom Inc.
AVGO,2 weeks,0.05,2020-11-23 00:00:00+08:00,39829.256340886033,37770.504437049362,5.45,Semiconductors,Broadcom Inc.
AVGO,2 weeks,0.05,2021-01-11 00:00:00+08:00,45539.476913541989,43367.296101159115,5.01,Semiconductors,Broadcom Inc.
AVGO,2 weeks,0.05,2021-10-18 00:00:00+08:00,51937.919861631594,49032.336254107338,5.93,Semiconductors,Broadcom Inc.
AVGO,2 weeks,0.05,2021-11-01 00:00:00+08:00,54934.999145542580,51937.919861631594,5.77,Semiconductors,Broadcom Inc.
AVGO,2 weeks,0.05,2021-12-13 00:00:00+08:00,63468.646421442829,57679.205231388330,10.04,Semiconductors,Broadcom Inc.
AVGO,2 weeks,0.05,2022-01-10 00:00:00+08:00,59097.751357530723,65903.389994314952,-10.33,Semiconductors,Broadcom Inc.
AVGO,2 weeks,0.05,2022-03-21 00:00:00+08:00,62052.447361149489,58911.889206762029,5.33,Semiconductors,Broadcom Inc.
AVGO,2 weeks,0.05,2022-06-13 00:00:00+08:00,50778.592307692308,56747.148224852071,-10.52,Semiconductors,Broadcom Inc.
AVGO,2 weeks,0.05,2022-07-25 00:00:00+08:00,53175.656645125035,49643.803629469122,7.11,Semiconductors,Broadcom Inc.
AVGO,2 weeks,0.05,2022-08-22 00:00:00+08:00,51702.086597388756,54768.110356536503,-5.60,Semiconductors,Broadcom Inc.
AVGO,2 weeks,0.05,2022-09-19 00:00:00+08:00,47277.195280716029,50764.281588447653,-6.87,Semiconductors,Broadcom Inc.
AVGO,2 weeks,0.05,2022-10-31 00:00:00+08:00,47510.293959731544,44898.195947747267,5.82,Semiconductors,Broadcom Inc.
AVGO,2 weeks,0.05,2022-11-14 00:00:00+08:00,52063.135604323616,47510.293959731544,9.58,Semiconductors,Broadcom Inc.
AVGO,2 weeks,0.05,2023-03-06 00:00:00+08:00,62798.459608323133,59095.396722237920,6.27,Semiconductors,Broadcom Inc.
AVGO,2 weeks,0.05,2023-05-15 00:00:00+08:00,68602.264773599386,62160.375661375661,10.36,Semiconductors,Broadcom Inc.
AVGO,2 weeks,0.05,2023-05-29 00:00:00+08:00,80446.883898082480,68602.264773599386,17.27,Semiconductors,Broadcom Inc.
AVGO,2 weeks,0.05,2023-06-12 00:00:00+08:00,85623.632562029551,80446.883898082480,6.43,Semiconductors,Broadcom Inc.
AVGO,2 weeks,0.05,2023-08-07 00:00:00+08:00,84829.304582210243,89924.086350974930,-5.67,Semiconductors,Broadcom Inc.
AVGO,2 weeks,0.05,2023-11-13 00:00:00+08:00,97139.193082706767,88225.936960276339,10.10,Semiconductors,Broadcom Inc.
AVGO,2 weeks,0.05,2023-12-11 00:00:00+08:00,110543.963135905628,92979.537899098221,18.89,Semiconductors,Broadcom Inc.
AVGO,2 weeks,0.05,2024-01-22 00:00:00+08:00,121918.226219678386,110870.237537537538,9.96,Semiconductors,Broadcom Inc.
AVGO,2 weeks,0.05,2024-05-13 00:00:00+08:00,139493.308093994778,128893.693986978169,8.22,Semiconductors,Broadcom Inc.
AVGO,2 weeks,0.05,2024-06-10 00:00:00+08:00,166860.134417220060,136783.237256719184,21.99,Semiconductors,Broadcom Inc.
AVGO,2 weeks,0.05,2024-07-08 00:00:00+08:00,74647.264689929488,162864.091925118748,-54.17,Semiconductors,Broadcom Inc.
AVGO,2 weeks,0.05,2024-07-22 00:00:00+08:00,15653.471838111298,74647.264689929488,-79.03,Semiconductors,Broadcom Inc.
AVGO,1 week,0.1,2014-09-01 00:00:00+08:00,8591.8406695598264104,7750.0633528265107212,10.86,Semiconductors,Broadcom Inc.
AVGO,1 week,0.1,2014-10-20 00:00:00+08:00,8075.6049129989764585,7320.1576923076923077,10.32,Semiconductors,Broadcom Inc.
AVGO,1 week,0.1,2016-02-08 00:00:00+08:00,11985.137896326120,13333.445000000000,-10.11,Semiconductors,Broadcom Inc.
AVGO,1 week,0.1,2020-03-09 00:00:00+08:00,23683.355026929982,27608.719882468168,-14.22,Semiconductors,Broadcom Inc.
AVGO,1 week,0.1,2020-03-16 00:00:00+08:00,18977.416512059369,23683.355026929982,-19.87,Semiconductors,Broadcom Inc.
AVGO,1 week,0.1,2020-03-23 00:00:00+08:00,22006.829777365492,18977.416512059369,15.96,Semiconductors,Broadcom Inc.
AVGO,1 week,0.1,2023-05-29 00:00:00+08:00,81075.174340403518,71023.721718377088,14.15,Semiconductors,Broadcom Inc.
AVGO,1 week,0.1,2023-12-11 00:00:00+08:00,108180.662447257384,91776.529688972667,17.87,Semiconductors,Broadcom Inc.
AVGO,1 week,0.1,2024-02-26 00:00:00+08:00,137943.963942307692,121774.317757009346,13.28,Semiconductors,Broadcom Inc.
AVGO,1 week,0.1,2024-06-10 00:00:00+08:00,157753.839830508475,136616.581736189402,15.47,Semiconductors,Broadcom Inc.
AVGO,1 week,0.1,2024-06-17 00:00:00+08:00,177568.084205281515,157753.839830508475,12.56,Semiconductors,Broadcom Inc.
AVGO,1 week,0.1,2024-07-15 00:00:00+08:00,16308.368618402077,172641.912306201550,-90.55,Semiconductors,Broadcom Inc.
AVGO,2 weeks,0.1,2014-09-01 00:00:00+08:00,8726.4727221597300337,7669.2372364744729489,13.79,Semiconductors,Broadcom Inc.
AVGO,2 weeks,0.1,2014-10-27 00:00:00+08:00,8482.4006760270410816,7686.0832920178482895,10.36,Semiconductors,Broadcom Inc.
AVGO,2 weeks,0.1,2015-05-25 00:00:00+08:00,14190.424432263117,12736.186730872124,11.42,Semiconductors,Broadcom Inc.
AVGO,2 weeks,0.1,2017-01-23 00:00:00+08:00,20080.592396777442,18143.891329479769,10.67,Semiconductors,Broadcom Inc.
AVGO,2 weeks,0.1,2018-07-09 00:00:00+08:00,21826.874918425060,24646.627327327327,-11.44,Semiconductors,Broadcom Inc.
AVGO,2 weeks,0.1,2020-03-02 00:00:00+08:00,25560.543559718970,29481.755729307091,-13.30,Semiconductors,Broadcom Inc.
AVGO,2 weeks,0.1,2020-03-16 00:00:00+08:00,20492.123144712430,25560.543559718970,-19.83,Semiconductors,Broadcom Inc.
AVGO,2 weeks,0.1,2020-03-30 00:00:00+08:00,24469.796765498652,20492.123144712430,19.41,Semiconductors,Broadcom Inc.
AVGO,2 weeks,0.1,2021-12-13 00:00:00+08:00,63468.646421442829,57679.205231388330,10.04,Semiconductors,Broadcom Inc.
AVGO,2 weeks,0.1,2022-01-10 00:00:00+08:00,59097.751357530723,65903.389994314952,-10.33,Semiconductors,Broadcom Inc.
AVGO,2 weeks,0.1,2022-06-13 00:00:00+08:00,50778.592307692308,56747.148224852071,-10.52,Semiconductors,Broadcom Inc.
AVGO,2 weeks,0.1,2023-05-15 00:00:00+08:00,68602.264773599386,62160.375661375661,10.36,Semiconductors,Broadcom Inc.
AVGO,2 weeks,0.1,2023-05-29 00:00:00+08:00,80446.883898082480,68602.264773599386,17.27,Semiconductors,Broadcom Inc.
AVGO,2 weeks,0.1,2023-11-13 00:00:00+08:00,97139.193082706767,88225.936960276339,10.10,Semiconductors,Broadcom Inc.
AVGO,2 weeks,0.1,2023-12-11 00:00:00+08:00,110543.963135905628,92979.537899098221,18.89,Semiconductors,Broadcom Inc.
AVGO,2 weeks,0.1,2024-06-10 00:00:00+08:00,166860.134417220060,136783.237256719184,21.99,Semiconductors,Broadcom Inc.
AVGO,2 weeks,0.1,2024-07-08 00:00:00+08:00,74647.264689929488,162864.091925118748,-54.17,Semiconductors,Broadcom Inc.
AVGO,2 weeks,0.1,2024-07-22 00:00:00+08:00,15653.471838111298,74647.264689929488,-79.03,Semiconductors,Broadcom Inc.
AVGO,1 week,0.15,2020-03-16 00:00:00+08:00,18977.416512059369,23683.355026929982,-19.87,Semiconductors,Broadcom Inc.
AVGO,1 week,0.15,2020-03-23 00:00:00+08:00,22006.829777365492,18977.416512059369,15.96,Semiconductors,Broadcom Inc.
AVGO,1 week,0.15,2023-12-11 00:00:00+08:00,108180.662447257384,91776.529688972667,17.87,Semiconductors,Broadcom Inc.
AVGO,1 week,0.15,2024-06-10 00:00:00+08:00,157753.839830508475,136616.581736189402,15.47,Semiconductors,Broadcom Inc.
AVGO,1 week,0.15,2024-07-15 00:00:00+08:00,16308.368618402077,172641.912306201550,-90.55,Semiconductors,Broadcom Inc.
AVGO,2 weeks,0.15,2020-03-16 00:00:00+08:00,20492.123144712430,25560.543559718970,-19.83,Semiconductors,Broadcom Inc.
AVGO,2 weeks,0.15,2020-03-30 00:00:00+08:00,24469.796765498652,20492.123144712430,19.41,Semiconductors,Broadcom Inc.
AVGO,2 weeks,0.15,2023-05-29 00:00:00+08:00,80446.883898082480,68602.264773599386,17.27,Semiconductors,Broadcom Inc.
AVGO,2 weeks,0.15,2023-12-11 00:00:00+08:00,110543.963135905628,92979.537899098221,18.89,Semiconductors,Broadcom Inc.
AVGO,2 weeks,0.15,2024-06-10 00:00:00+08:00,166860.134417220060,136783.237256719184,21.99,Semiconductors,Broadcom Inc.
AVGO,2 weeks,0.15,2024-07-08 00:00:00+08:00,74647.264689929488,162864.091925118748,-54.17,Semiconductors,Broadcom Inc.
AVGO,2 weeks,0.15,2024-07-22 00:00:00+08:00,15653.471838111298,74647.264689929488,-79.03,Semiconductors,Broadcom Inc.
BAC,1 week,0.05,2014-04-28 00:00:00+08:00,1514.9532122905027933,1621.6111707841031149,-6.58,Banks - Diversified,Bank of America Corporation
BAC,1 week,0.05,2015-01-12 00:00:00+08:00,1598.8594594594594595,1716.3383275261324042,-6.84,Banks - Diversified,Bank of America Corporation
BAC,1 week,0.05,2015-07-13 00:00:00+08:00,1754.2569541029207232,1661.7047653170906485,5.57,Banks - Diversified,Bank of America Corporation
BAC,1 week,0.05,2015-08-24 00:00:00+08:00,1590.8164477798624140,1718.1189047261815454,-7.41,Banks - Diversified,Bank of America Corporation
BAC,1 week,0.05,2016-01-04 00:00:00+08:00,1598.7168021680216802,1710.6398583712696004,-6.54,Banks - Diversified,Bank of America Corporation
BAC,1 week,0.05,2016-01-11 00:00:00+08:00,1502.6741214057507987,1598.7168021680216802,-6.01,Banks - Diversified,Bank of America Corporation
BAC,1 week,0.05,2016-01-18 00:00:00+08:00,1377.9876935291782453,1502.6741214057507987,-8.30,Banks - Diversified,Bank of America Corporation
BAC,1 week,0.05,2016-02-08 00:00:00+08:00,1193.0312404287901991,1330.4774101743151903,-10.33,Banks - Diversified,Bank of America Corporation
BAC,1 week,0.05,2016-02-29 00:00:00+08:00,1320.7990039131981501,1229.9266872216512504,7.39,Banks - Diversified,Bank of America Corporation
BAC,1 week,0.05,2016-04-18 00:00:00+08:00,1463.3938848920863309,1360.7002830856334041,7.55,Banks - Diversified,Bank of America Corporation
BAC,1 week,0.05,2016-06-13 00:00:00+08:00,1342.8506271379703535,1427.7698829228905935,-5.95,Banks - Diversified,Bank of America Corporation
BAC,1 week,0.05,2016-06-27 00:00:00+08:00,1286.3115641924179675,1357.4703119758470312,-5.24,Banks - Diversified,Bank of America Corporation
BAC,1 week,0.05,2016-07-18 00:00:00+08:00,1423.2582628747117602,1351.0882570162481536,5.34,Banks - Diversified,Bank of America Corporation
BAC,1 week,0.05,2016-11-07 00:00:00+08:00,1782.5957928802588997,1654.1333061557276804,7.77,Banks - Diversified,Bank of America Corporation
BAC,1 week,0.05,2016-11-14 00:00:00+08:00,1990.9766871165644172,1782.5957928802588997,11.69,Banks - Diversified,Bank of America Corporation
BAC,1 week,0.05,2016-12-05 00:00:00+08:00,2239.1706451612903226,2090.9675546448087432,7.09,Banks - Diversified,Bank of America Corporation
BAC,1 week,0.05,2017-02-13 00:00:00+08:00,2414.8140651801029160,2299.3582706766917293,5.02,Banks - Diversified,Bank of America Corporation
BAC,1 week,0.05,2017-03-20 00:00:00+08:00,2342.2085120422302870,2523.5631936985320444,-7.19,Banks - Diversified,Bank of America Corporation
BAC,1 week,0.05,2018-10-22 00:00:00+08:00,2677.0668380462724936,2837.0782248965776608,-5.64,Banks - Diversified,Bank of America Corporation
BAC,1 week,0.05,2018-12-10 00:00:00+08:00,2468.6512378902045210,2689.4174034434620754,-8.21,Banks - Diversified,Bank of America Corporation
BAC,1 week,0.05,2019-01-14 00:00:00+08:00,2775.2711640211640212,2561.3667875856509472,8.35,Banks - Diversified,Bank of America Corporation
BAC,1 week,0.05,2019-03-25 00:00:00+08:00,2714.4918591442635365,2884.1874780161800915,-5.88,Banks - Diversified,Bank of America Corporation
BAC,1 week,0.05,2019-04-01 00:00:00+08:00,2883.7168769716088328,2714.4918591442635365,6.23,Banks - Diversified,Bank of America Corporation
BAC,1 week,0.05,2019-08-05 00:00:00+08:00,2806.0488372093023256,3028.4266269672479796,-7.34,Banks - Diversified,Bank of America Corporation
BAC,1 week,0.05,2019-09-09 00:00:00+08:00,2929.4050833995234313,2757.2862281603288798,6.24,Banks - Diversified,Bank of America Corporation
BAC,1 week,0.05,2019-10-14 00:00:00+08:00,2992.9481081081081081,2831.6560196560196560,5.70,Banks - Diversified,Bank of America Corporation
BAC,1 week,0.05,2020-02-24 00:00:00+08:00,3063.9761749347258486,3453.1238702817650186,-11.27,Banks - Diversified,Bank of America Corporation
BAC,1 week,0.05,2020-03-02 00:00:00+08:00,2750.1167434715821813,3063.9761749347258486,-10.24,Banks - Diversified,Bank of America Corporation
BAC,1 week,0.05,2020-03-09 00:00:00+08:00,2225.5661447084233261,2750.1167434715821813,-19.07,Banks - Diversified,Bank of America Corporation
BAC,1 week,0.05,2020-03-16 00:00:00+08:00,2074.0016745743790120,2225.5661447084233261,-6.81,Banks - Diversified,Bank of America Corporation
BAC,1 week,0.05,2020-04-06 00:00:00+08:00,2273.2903466269101752,2077.3130568356374808,9.43,Banks - Diversified,Bank of America Corporation
BAC,1 week,0.05,2020-04-27 00:00:00+08:00,2388.7131021785823872,2208.6813646604441584,8.15,Banks - Diversified,Bank of America Corporation
BAC,1 week,0.05,2020-05-11 00:00:00+08:00,2177.3140666470067827,2294.6498360655737705,-5.11,Banks - Diversified,Bank of America Corporation
BAC,1 week,0.05,2020-05-25 00:00:00+08:00,2491.6333453626849513,2272.1547121260855581,9.66,Banks - Diversified,Bank of America Corporation
BAC,1 week,0.05,2020-06-15 00:00:00+08:00,2513.8285800060042029,2658.3270352875798833,-5.44,Banks - Diversified,Bank of America Corporation
BAC,1 week,0.05,2020-08-10 00:00:00+08:00,2670.6288437884378844,2531.6271295403407265,5.49,Banks - Diversified,Bank of America Corporation
BAC,1 week,0.05,2020-09-21 00:00:00+08:00,2379.5546875000000000,2547.2258874148440301,-6.58,Banks - Diversified,Bank of America Corporation
BAC,1 week,0.05,2020-11-09 00:00:00+08:00,2718.7518133081046988,2431.4650872817955112,11.82,Banks - Diversified,Bank of America Corporation
BAC,1 week,0.05,2021-01-04 00:00:00+08:00,3163.7365554799183118,2966.4960745829244357,6.65,Banks - Diversified,Bank of America Corporation
BAC,1 week,0.05,2021-01-11 00:00:00+08:00,3337.6615969581749049,3163.7365554799183118,5.50,Banks - Diversified,Bank of America Corporation
BAC,1 week,0.05,2021-01-25 00:00:00+08:00,3050.6996742671009772,3221.6102345415778252,-5.31,Banks - Diversified,Bank of America Corporation
BAC,1 week,0.05,2021-02-08 00:00:00+08:00,3300.9073494917904613,3143.6144578313253012,5.00,Banks - Diversified,Bank of America Corporation
BAC,1 week,0.05,2021-08-09 00:00:00+08:00,4149.1284437825763217,3879.8002359418010224,6.94,Banks - Diversified,Bank of America Corporation
BAC,1 week,0.05,2021-09-27 00:00:00+08:00,4304.4367735117999296,4028.7016632016632017,6.84,Banks - Diversified,Bank of America Corporation
BAC,1 week,0.05,2021-10-18 00:00:00+08:00,4678.6645161290322581,4434.9622448979591837,5.50,Banks - Diversified,Bank of America Corporation
BAC,1 week,0.05,2022-01-03 00:00:00+08:00,4766.6146496815286624,4464.5369538587178440,6.77,Banks - Diversified,Bank of America Corporation
BAC,1 week,0.05,2022-02-21 00:00:00+08:00,4450.6379018612521151,4717.8960991615020051,-5.66,Banks - Diversified,Bank of America Corporation
BAC,1 week,0.05,2022-03-07 00:00:00+08:00,3992.8699054450603195,4268.7212041884816754,-6.46,Banks - Diversified,Bank of America Corporation
BAC,1 week,0.05,2022-03-14 00:00:00+08:00,4209.7033607681755830,3992.8699054450603195,5.43,Banks - Diversified,Bank of America Corporation
BAC,1 week,0.05,2022-04-04 00:00:00+08:00,4001.3156065345846368,4262.7949862637362637,-6.13,Banks - Diversified,Bank of America Corporation
BAC,1 week,0.05,2022-04-25 00:00:00+08:00,3659.3149662282260931,3909.0465439388676624,-6.39,Banks - Diversified,Bank of America Corporation
BAC,1 week,0.05,2022-06-13 00:00:00+08:00,3192.5252945252945253,3535.8499427262313860,-9.71,Banks - Diversified,Bank of America Corporation
BAC,1 week,0.05,2022-07-18 00:00:00+08:00,3306.9082053203446984,3110.8093705293276109,6.30,Banks - Diversified,Bank of America Corporation
BAC,1 week,0.05,2022-09-26 00:00:00+08:00,3092.5386904761904762,3331.3563390847711928,-7.17,Banks - Diversified,Bank of America Corporation
BAC,1 week,0.05,2022-10-17 00:00:00+08:00,3408.5496052179883282,3074.6407053637031594,10.86,Banks - Diversified,Bank of America Corporation
BAC,1 week,0.05,2022-12-05 00:00:00+08:00,3321.0667416572928384,3677.3324011186576109,-9.69,Banks - Diversified,Bank of America Corporation
BAC,1 week,0.05,2023-03-06 00:00:00+08:00,3211.3003172365174480,3405.7393744987971131,-5.71,Banks - Diversified,Bank of America Corporation
BAC,1 week,0.05,2023-03-13 00:00:00+08:00,2857.7135003054367746,3211.3003172365174480,-11.01,Banks - Diversified,Bank of America Corporation
BAC,1 week,0.05,2023-04-17 00:00:00+08:00,3011.6977147816025456,2861.2350081037277147,5.26,Banks - Diversified,Bank of America Corporation
BAC,1 week,0.05,2023-07-17 00:00:00+08:00,3078.8326386662391792,2923.1869446343130554,5.32,Banks - Diversified,Bank of America Corporation
BAC,1 week,0.05,2023-10-23 00:00:00+08:00,2567.8310014727540501,2715.3428571428571429,-5.43,Banks - Diversified,Bank of America Corporation
BAC,1 week,0.05,2024-04-22 00:00:00+08:00,3797.0664176006641760,3575.9177190968235744,6.18,Banks - Diversified,Bank of America Corporation
BAC,2 weeks,0.05,2014-04-28 00:00:00+08:00,1502.4804917156600748,1616.7132853898561696,-7.07,Banks - Diversified,Bank of America Corporation
BAC,2 weeks,0.05,2014-08-18 00:00:00+08:00,1595.4084117321527393,1518.3568400770712909,5.07,Banks - Diversified,Bank of America Corporation
BAC,2 weeks,0.05,2015-01-05 00:00:00+08:00,1654.9133832086450540,1795.6838531187122736,-7.84,Banks - Diversified,Bank of America Corporation
BAC,2 weeks,0.05,2015-01-19 00:00:00+08:00,1554.6174198532251835,1654.9133832086450540,-6.06,Banks - Diversified,Bank of America Corporation
BAC,2 weeks,0.05,2015-07-20 00:00:00+08:00,1805.5441455096627510,1708.6749602964531498,5.67,Banks - Diversified,Bank of America Corporation
BAC,2 weeks,0.05,2015-08-17 00:00:00+08:00,1648.6930422919508868,1774.4794657097288676,-7.09,Banks - Diversified,Bank of America Corporation
BAC,2 weeks,0.05,2015-10-26 00:00:00+08:00,1703.8516103536850425,1597.3786149162861492,6.67,Banks - Diversified,Bank of America Corporation
BAC,2 weeks,0.05,2015-12-28 00:00:00+08:00,1598.7168021680216802,1709.5939473684210526,-6.49,Banks - Diversified,Bank of America Corporation
BAC,2 weeks,0.05,2016-01-11 00:00:00+08:00,1443.8125937031484258,1598.7168021680216802,-9.69,Banks - Diversified,Bank of America Corporation
BAC,2 weeks,0.05,2016-01-25 00:00:00+08:00,1336.1007156571827544,1443.8125937031484258,-7.46,Banks - Diversified,Bank of America Corporation
BAC,2 weeks,0.05,2016-02-08 00:00:00+08:00,1209.3321434945564876,1336.1007156571827544,-9.49,Banks - Diversified,Bank of America Corporation
BAC,2 weeks,0.05,2016-02-22 00:00:00+08:00,1274.5064572425828970,1209.3321434945564876,5.39,Banks - Diversified,Bank of America Corporation
BAC,2 weeks,0.05,2016-03-07 00:00:00+08:00,1342.8687037037037037,1274.5064572425828970,5.36,Banks - Diversified,Bank of America Corporation
BAC,2 weeks,0.05,2016-04-18 00:00:00+08:00,1477.4011351153423654,1340.7325178017162680,10.19,Banks - Diversified,Bank of America Corporation
BAC,2 weeks,0.05,2016-06-13 00:00:00+08:00,1350.6163578047042053,1447.8319663045887830,-6.71,Banks - Diversified,Bank of America Corporation
BAC,2 weeks,0.05,2016-07-11 00:00:00+08:00,1386.4529190207156309,1288.1414160639512752,7.63,Banks - Diversified,Bank of America Corporation
BAC,2 weeks,0.05,2016-11-14 00:00:00+08:00,2009.1533625452467137,1725.7459859281977269,16.42,Banks - Diversified,Bank of America Corporation
BAC,2 weeks,0.05,2016-11-28 00:00:00+08:00,2167.1834771068347711,2009.1533625452467137,7.87,Banks - Diversified,Bank of America Corporation
BAC,2 weeks,0.05,2017-02-20 00:00:00+08:00,2485.9086793938201142,2359.7266367713004484,5.35,Banks - Diversified,Bank of America Corporation
BAC,2 weeks,0.05,2017-03-20 00:00:00+08:00,2341.0461380724538619,2528.0957889029459606,-7.40,Banks - Diversified,Bank of America Corporation
BAC,2 weeks,0.05,2017-09-18 00:00:00+08:00,2505.2152791380999021,2363.1796229612370261,6.01,Banks - Diversified,Bank of America Corporation
BAC,2 weeks,0.05,2017-11-27 00:00:00+08:00,2832.8534978033119297,2660.0889774236387782,6.49,Banks - Diversified,Bank of America Corporation
BAC,2 weeks,0.05,2018-07-23 00:00:00+08:00,3104.5847919097627382,2928.6670168067226891,6.01,Banks - Diversified,Bank of America Corporation
BAC,2 weeks,0.05,2018-10-15 00:00:00+08:00,2756.1211445559271646,2963.5056244041944709,-7.00,Banks - Diversified,Bank of America Corporation
BAC,2 weeks,0.05,2018-12-10 00:00:00+08:00,2453.4720439963336389,2742.5841431095406360,-10.54,Banks - Diversified,Bank of America Corporation
BAC,2 weeks,0.05,2019-01-07 00:00:00+08:00,2678.8684831970935513,2429.0514313440077632,10.28,Banks - Diversified,Bank of America Corporation
BAC,2 weeks,0.05,2019-01-21 00:00:00+08:00,2905.9646076060672675,2678.8684831970935513,8.48,Banks - Diversified,Bank of America Corporation
BAC,2 weeks,0.05,2019-05-13 00:00:00+08:00,2840.0012533946104032,3024.5995040297582145,-6.10,Banks - Diversified,Bank of America Corporation
BAC,2 weeks,0.05,2019-08-05 00:00:00+08:00,2753.6875000000000000,3028.1611737189028280,-9.06,Banks - Diversified,Bank of America Corporation
BAC,2 weeks,0.05,2019-09-02 00:00:00+08:00,2854.3729838709677419,2697.3700771818721552,5.82,Banks - Diversified,Bank of America Corporation
BAC,2 weeks,0.05,2019-10-14 00:00:00+08:00,3056.8891424225137859,2834.3622144474171640,7.85,Banks - Diversified,Bank of America Corporation
BAC,2 weeks,0.05,2019-10-28 00:00:00+08:00,3230.8794814664776180,3056.8891424225137859,5.69,Banks - Diversified,Bank of America Corporation
BAC,2 weeks,0.05,2020-02-17 00:00:00+08:00,3212.0018200202224469,3445.3841642228739003,-6.77,Banks - Diversified,Bank of America Corporation
BAC,2 weeks,0.05,2020-03-02 00:00:00+08:00,2470.9192412702974565,3212.0018200202224469,-23.07,Banks - Diversified,Bank of America Corporation
BAC,2 weeks,0.05,2020-03-16 00:00:00+08:00,2074.4161184210526316,2470.9192412702974565,-16.05,Banks - Diversified,Bank of America Corporation
BAC,2 weeks,0.05,2020-05-11 00:00:00+08:00,2222.6770769230769231,2343.2394991282295134,-5.15,Banks - Diversified,Bank of America Corporation
BAC,2 weeks,0.05,2020-05-25 00:00:00+08:00,2550.9037442014579192,2222.6770769230769231,14.77,Banks - Diversified,Bank of America Corporation
BAC,2 weeks,0.05,2020-06-22 00:00:00+08:00,2394.7364729458917836,2588.8718614718614719,-7.50,Banks - Diversified,Bank of America Corporation
BAC,2 weeks,0.05,2020-08-03 00:00:00+08:00,2602.6680810938236681,2435.9448088305871061,6.84,Banks - Diversified,Bank of America Corporation
BAC,2 weeks,0.05,2020-11-09 00:00:00+08:00,2719.1168109785982683,2404.8821625121398511,13.07,Banks - Diversified,Bank of America Corporation
BAC,2 weeks,0.05,2020-11-23 00:00:00+08:00,2862.7763106796116505,2719.1168109785982683,5.28,Banks - Diversified,Bank of America Corporation
BAC,2 weeks,0.05,2020-12-28 00:00:00+08:00,3163.7365554799183118,2966.4960745829244357,6.65,Banks - Diversified,Bank of America Corporation
BAC,2 weeks,0.05,2021-01-25 00:00:00+08:00,3095.2016293279022403,3285.7065673921344024,-5.80,Banks - Diversified,Bank of America Corporation
BAC,2 weeks,0.05,2021-02-08 00:00:00+08:00,3360.5596330275229358,3095.2016293279022403,8.57,Banks - Diversified,Bank of America Corporation
BAC,2 weeks,0.05,2021-02-22 00:00:00+08:00,3590.7776298268974700,3360.5596330275229358,6.85,Banks - Diversified,Bank of America Corporation
BAC,2 weeks,0.05,2021-05-03 00:00:00+08:00,4156.8346196251378170,3941.7708293612964728,5.46,Banks - Diversified,Bank of America Corporation
BAC,2 weeks,0.05,2021-06-14 00:00:00+08:00,4047.6154815481548155,4273.6893433799784715,-5.29,Banks - Diversified,Bank of America Corporation
BAC,2 weeks,0.05,2021-07-12 00:00:00+08:00,3850.1565432973260138,4055.0273916598528209,-5.05,Banks - Diversified,Bank of America Corporation
BAC,2 weeks,0.05,2021-08-09 00:00:00+08:00,4112.8263586441961750,3850.4113751460849240,6.82,Banks - Diversified,Bank of America Corporation
BAC,2 weeks,0.05,2021-10-04 00:00:00+08:00,4421.6818820224719101,4165.4373799126637555,6.15,Banks - Diversified,Bank of America Corporation
BAC,2 weeks,0.05,2021-10-18 00:00:00+08:00,4723.9729834040910845,4421.6818820224719101,6.84,Banks - Diversified,Bank of America Corporation
BAC,2 weeks,0.05,2021-12-27 00:00:00+08:00,4634.2495974235104670,4411.3017307692307692,5.05,Banks - Diversified,Bank of America Corporation
BAC,2 weeks,0.05,2022-02-21 00:00:00+08:00,4348.0664206642066421,4812.3974679029957204,-9.65,Banks - Diversified,Bank of America Corporation
BAC,2 weeks,0.05,2022-03-07 00:00:00+08:00,4098.5503927795420358,4348.0664206642066421,-5.74,Banks - Diversified,Bank of America Corporation
BAC,2 weeks,0.05,2022-04-04 00:00:00+08:00,3955.2918095238095238,4302.4208866304538286,-8.07,Banks - Diversified,Bank of America Corporation
BAC,2 weeks,0.05,2022-06-13 00:00:00+08:00,3212.9393997323647486,3594.3790081231295425,-10.61,Banks - Diversified,Bank of America Corporation
BAC,2 weeks,0.05,2022-08-08 00:00:00+08:00,3550.4178440100638668,3350.1082006850695144,5.98,Banks - Diversified,Bank of America Corporation
BAC,2 weeks,0.05,2022-09-19 00:00:00+08:00,3239.0384261389783709,3418.9550658889608987,-5.26,Banks - Diversified,Bank of America Corporation
BAC,2 weeks,0.05,2022-10-17 00:00:00+08:00,3480.4515205724508050,3108.7870722433460076,11.96,Banks - Diversified,Bank of America Corporation
BAC,2 weeks,0.05,2022-10-31 00:00:00+08:00,3680.8141770124148979,3480.4515205724508050,5.76,Banks - Diversified,Bank of America Corporation
BAC,2 weeks,0.05,2022-11-28 00:00:00+08:00,3493.5489361702127660,3750.7542579075425791,-6.86,Banks - Diversified,Bank of America Corporation
BAC,2 weeks,0.05,2022-12-12 00:00:00+08:00,3230.1532131661442006,3493.5489361702127660,-7.54,Banks - Diversified,Bank of America Corporation
BAC,2 weeks,0.05,2023-03-06 00:00:00+08:00,3021.8643429880543283,3417.1519770267285178,-11.57,Banks - Diversified,Bank of America Corporation
BAC,2 weeks,0.05,2023-03-20 00:00:00+08:00,2791.3988775722303055,3021.8643429880543283,-7.63,Banks - Diversified,Bank of America Corporation
BAC,2 weeks,0.05,2023-05-01 00:00:00+08:00,2776.0545914069081719,2964.8569858712715856,-6.37,Banks - Diversified,Bank of America Corporation
BAC,2 weeks,0.05,2023-07-10 00:00:00+08:00,3003.4944582299421009,2856.3572141289163840,5.15,Banks - Diversified,Bank of America Corporation
BAC,2 weeks,0.05,2023-07-24 00:00:00+08:00,3189.8526355563952390,3003.4944582299421009,6.20,Banks - Diversified,Bank of America Corporation
BAC,2 weeks,0.05,2023-08-21 00:00:00+08:00,2877.4885799404170804,3047.8431836091410559,-5.59,Banks - Diversified,Bank of America Corporation
BAC,2 weeks,0.05,2023-10-02 00:00:00+08:00,2646.5498549673676577,2792.4991023339317774,-5.23,Banks - Diversified,Bank of America Corporation
BAC,2 weeks,0.05,2023-11-13 00:00:00+08:00,2939.9189918991899190,2732.0928444707273802,7.61,Banks - Diversified,Bank of America Corporation
BAC,2 weeks,0.05,2023-12-11 00:00:00+08:00,3276.3438491693111816,3045.8766847716757192,7.57,Banks - Diversified,Bank of America Corporation
BAC,1 week,0.1,2016-02-08 00:00:00+08:00,1193.0312404287901991,1330.4774101743151903,-10.33,Banks - Diversified,Bank of America Corporation
BAC,1 week,0.1,2016-11-14 00:00:00+08:00,1990.9766871165644172,1782.5957928802588997,11.69,Banks - Diversified,Bank of America Corporation
BAC,1 week,0.1,2020-02-24 00:00:00+08:00,3063.9761749347258486,3453.1238702817650186,-11.27,Banks - Diversified,Bank of America Corporation
BAC,1 week,0.1,2020-03-02 00:00:00+08:00,2750.1167434715821813,3063.9761749347258486,-10.24,Banks - Diversified,Bank of America Corporation
BAC,1 week,0.1,2020-03-09 00:00:00+08:00,2225.5661447084233261,2750.1167434715821813,-19.07,Banks - Diversified,Bank of America Corporation
BAC,1 week,0.1,2020-11-09 00:00:00+08:00,2718.7518133081046988,2431.4650872817955112,11.82,Banks - Diversified,Bank of America Corporation
BAC,1 week,0.1,2022-10-17 00:00:00+08:00,3408.5496052179883282,3074.6407053637031594,10.86,Banks - Diversified,Bank of America Corporation
BAC,1 week,0.1,2023-03-13 00:00:00+08:00,2857.7135003054367746,3211.3003172365174480,-11.01,Banks - Diversified,Bank of America Corporation
BAC,2 weeks,0.1,2016-04-18 00:00:00+08:00,1477.4011351153423654,1340.7325178017162680,10.19,Banks - Diversified,Bank of America Corporation
BAC,2 weeks,0.1,2016-11-14 00:00:00+08:00,2009.1533625452467137,1725.7459859281977269,16.42,Banks - Diversified,Bank of America Corporation
BAC,2 weeks,0.1,2018-12-10 00:00:00+08:00,2453.4720439963336389,2742.5841431095406360,-10.54,Banks - Diversified,Bank of America Corporation
BAC,2 weeks,0.1,2019-01-07 00:00:00+08:00,2678.8684831970935513,2429.0514313440077632,10.28,Banks - Diversified,Bank of America Corporation
BAC,2 weeks,0.1,2020-03-02 00:00:00+08:00,2470.9192412702974565,3212.0018200202224469,-23.07,Banks - Diversified,Bank of America Corporation
BAC,2 weeks,0.1,2020-03-16 00:00:00+08:00,2074.4161184210526316,2470.9192412702974565,-16.05,Banks - Diversified,Bank of America Corporation
BAC,2 weeks,0.1,2020-05-25 00:00:00+08:00,2550.9037442014579192,2222.6770769230769231,14.77,Banks - Diversified,Bank of America Corporation
BAC,2 weeks,0.1,2020-11-09 00:00:00+08:00,2719.1168109785982683,2404.8821625121398511,13.07,Banks - Diversified,Bank of America Corporation
BAC,2 weeks,0.1,2022-06-13 00:00:00+08:00,3212.9393997323647486,3594.3790081231295425,-10.61,Banks - Diversified,Bank of America Corporation
BAC,2 weeks,0.1,2022-10-17 00:00:00+08:00,3480.4515205724508050,3108.7870722433460076,11.96,Banks - Diversified,Bank of America Corporation
BAC,2 weeks,0.1,2023-03-06 00:00:00+08:00,3021.8643429880543283,3417.1519770267285178,-11.57,Banks - Diversified,Bank of America Corporation
BAC,1 week,0.15,2020-03-09 00:00:00+08:00,2225.5661447084233261,2750.1167434715821813,-19.07,Banks - Diversified,Bank of America Corporation
BAC,2 weeks,0.15,2016-11-14 00:00:00+08:00,2009.1533625452467137,1725.7459859281977269,16.42,Banks - Diversified,Bank of America Corporation
BAC,2 weeks,0.15,2020-03-02 00:00:00+08:00,2470.9192412702974565,3212.0018200202224469,-23.07,Banks - Diversified,Bank of America Corporation
BAC,2 weeks,0.15,2020-03-16 00:00:00+08:00,2074.4161184210526316,2470.9192412702974565,-16.05,Banks - Diversified,Bank of America Corporation
BACRP,1 week,0.05,2021-05-03 00:00:00+08:00,12000.0000000000000000,10500.0000000000000000,14.29,Banks - Diversified,Bank of America Corporation PFD SER B 7%
BACRP,1 week,0.05,2021-06-21 00:00:00+08:00,16900.0000000000000000,12000.0000000000000000,40.83,Banks - Diversified,Bank of America Corporation PFD SER B 7%
BACRP,1 week,0.05,2022-02-07 00:00:00+08:00,10113.6666666666666667,16900.0000000000000000,-40.16,Banks - Diversified,Bank of America Corporation PFD SER B 7%
BACRP,1 week,0.05,2022-02-14 00:00:00+08:00,11000.0000000000000000,10113.6666666666666667,8.76,Banks - Diversified,Bank of America Corporation PFD SER B 7%
BACRP,1 week,0.05,2022-04-18 00:00:00+08:00,16250.000000000000,11000.0000000000000000,47.73,Banks - Diversified,Bank of America Corporation PFD SER B 7%
BACRP,1 week,0.05,2022-06-06 00:00:00+08:00,17100.0000000000000000,16250.000000000000,5.23,Banks - Diversified,Bank of America Corporation PFD SER B 7%
BACRP,1 week,0.05,2022-11-07 00:00:00+08:00,18905.000000000000,17875.000000000000,5.76,Banks - Diversified,Bank of America Corporation PFD SER B 7%
BACRP,1 week,0.05,2022-12-12 00:00:00+08:00,22627.777777777778,20116.666666666667,12.48,Banks - Diversified,Bank of America Corporation PFD SER B 7%
BACRP,1 week,0.05,2023-01-02 00:00:00+08:00,23646.315789473684,20567.777777777778,14.97,Banks - Diversified,Bank of America Corporation PFD SER B 7%
BACRP,1 week,0.05,2023-01-09 00:00:00+08:00,26646.078947368421,23646.315789473684,12.69,Banks - Diversified,Bank of America Corporation PFD SER B 7%
BACRP,1 week,0.05,2023-01-16 00:00:00+08:00,33271.578947368421,26646.078947368421,24.86,Banks - Diversified,Bank of America Corporation PFD SER B 7%
BACRP,1 week,0.05,2023-01-23 00:00:00+08:00,30271.818181818182,33271.578947368421,-9.02,Banks - Diversified,Bank of America Corporation PFD SER B 7%
BACRP,1 week,0.05,2023-01-30 00:00:00+08:00,19571.290909090909,30271.818181818182,-35.35,Banks - Diversified,Bank of America Corporation PFD SER B 7%
BACRP,1 week,0.05,2023-02-06 00:00:00+08:00,16791.866666666667,19571.290909090909,-14.20,Banks - Diversified,Bank of America Corporation PFD SER B 7%
BACRP,1 week,0.05,2023-02-13 00:00:00+08:00,18377.261363636364,16791.866666666667,9.44,Banks - Diversified,Bank of America Corporation PFD SER B 7%
BACRP,1 week,0.05,2023-02-20 00:00:00+08:00,19506.408163265306,18377.261363636364,6.14,Banks - Diversified,Bank of America Corporation PFD SER B 7%
BACRP,1 week,0.05,2023-02-27 00:00:00+08:00,15257.882352941176,19506.408163265306,-21.78,Banks - Diversified,Bank of America Corporation PFD SER B 7%
BACRP,1 week,0.05,2023-03-06 00:00:00+08:00,18172.410256410256,15257.882352941176,19.10,Banks - Diversified,Bank of America Corporation PFD SER B 7%
BACRP,1 week,0.05,2023-03-27 00:00:00+08:00,21675.484848484848,17976.400000000000,20.58,Banks - Diversified,Bank of America Corporation PFD SER B 7%
BACRP,1 week,0.05,2023-04-03 00:00:00+08:00,30199.023809523810,21675.484848484848,39.32,Banks - Diversified,Bank of America Corporation PFD SER B 7%
BACRP,1 week,0.05,2023-04-10 00:00:00+08:00,34638.861111111111,30199.023809523810,14.70,Banks - Diversified,Bank of America Corporation PFD SER B 7%
BACRP,1 week,0.05,2023-04-24 00:00:00+08:00,21055.195652173913,34743.230769230769,-39.40,Banks - Diversified,Bank of America Corporation PFD SER B 7%
BACRP,1 week,0.05,2023-05-01 00:00:00+08:00,25588.581818181818,21055.195652173913,21.53,Banks - Diversified,Bank of America Corporation PFD SER B 7%
BACRP,1 week,0.05,2023-05-08 00:00:00+08:00,20902.857142857143,25588.581818181818,-18.31,Banks - Diversified,Bank of America Corporation PFD SER B 7%
BACRP,1 week,0.05,2023-05-22 00:00:00+08:00,21612.127659574468,20508.568181818182,5.38,Banks - Diversified,Bank of America Corporation PFD SER B 7%
BACRP,1 week,0.05,2023-05-29 00:00:00+08:00,18890.081632653061,21612.127659574468,-12.59,Banks - Diversified,Bank of America Corporation PFD SER B 7%
BACRP,1 week,0.05,2023-06-12 00:00:00+08:00,20727.181818181818,19234.442857142857,7.76,Banks - Diversified,Bank of America Corporation PFD SER B 7%
BACRP,1 week,0.05,2023-07-10 00:00:00+08:00,19950.043478260870,21279.187500000000,-6.25,Banks - Diversified,Bank of America Corporation PFD SER B 7%
BACRP,1 week,0.05,2023-08-07 00:00:00+08:00,25000.000000000000,22491.071428571429,11.16,Banks - Diversified,Bank of America Corporation PFD SER B 7%
BACRP,1 week,0.05,2023-08-28 00:00:00+08:00,21545.500000000000,25000.000000000000,-13.82,Banks - Diversified,Bank of America Corporation PFD SER B 7%
BACRP,1 week,0.05,2023-09-18 00:00:00+08:00,20666.666666666667,22207.142857142857,-6.94,Banks - Diversified,Bank of America Corporation PFD SER B 7%
BACRP,1 week,0.05,2023-10-02 00:00:00+08:00,22352.000000000000,21050.000000000000,6.19,Banks - Diversified,Bank of America Corporation PFD SER B 7%
BACRP,1 week,0.05,2023-10-16 00:00:00+08:00,24874.666666666667,21500.000000000000,15.70,Banks - Diversified,Bank of America Corporation PFD SER B 7%
BACRP,1 week,0.05,2023-10-23 00:00:00+08:00,23288.750000000000,24874.666666666667,-6.38,Banks - Diversified,Bank of America Corporation PFD SER B 7%
BACRP,1 week,0.05,2023-10-30 00:00:00+08:00,24535.333333333333,23288.750000000000,5.35,Banks - Diversified,Bank of America Corporation PFD SER B 7%
BACRP,1 week,0.05,2023-11-06 00:00:00+08:00,22300.000000000000,24535.333333333333,-9.11,Banks - Diversified,Bank of America Corporation PFD SER B 7%
BACRP,1 week,0.05,2023-11-20 00:00:00+08:00,22949.500000000000,21666.583333333333,5.92,Banks - Diversified,Bank of America Corporation PFD SER B 7%
BACRP,1 week,0.05,2023-12-04 00:00:00+08:00,23900.000000000000,22433.250000000000,6.54,Banks - Diversified,Bank of America Corporation PFD SER B 7%
BACRP,1 week,0.05,2024-01-08 00:00:00+08:00,32068.222222222222,24453.600000000000,31.14,Banks - Diversified,Bank of America Corporation PFD SER B 7%
BACRP,1 week,0.05,2024-01-15 00:00:00+08:00,23275.000000000000,32068.222222222222,-27.42,Banks - Diversified,Bank of America Corporation PFD SER B 7%
BACRP,1 week,0.05,2024-01-22 00:00:00+08:00,26400.000000000000,23275.000000000000,13.43,Banks - Diversified,Bank of America Corporation PFD SER B 7%
BACRP,1 week,0.05,2024-01-29 00:00:00+08:00,21508.571428571429,26400.000000000000,-18.53,Banks - Diversified,Bank of America Corporation PFD SER B 7%
BACRP,1 week,0.05,2024-02-05 00:00:00+08:00,28000.000000000000,21508.571428571429,30.18,Banks - Diversified,Bank of America Corporation PFD SER B 7%
BACRP,1 week,0.05,2024-02-12 00:00:00+08:00,25000.000000000000,28000.000000000000,-10.71,Banks - Diversified,Bank of America Corporation PFD SER B 7%
BACRP,1 week,0.05,2024-03-04 00:00:00+08:00,19495.461538461538,24510.000000000000,-20.46,Banks - Diversified,Bank of America Corporation PFD SER B 7%
BACRP,1 week,0.05,2024-03-11 00:00:00+08:00,21820.000000000000,19495.461538461538,11.92,Banks - Diversified,Bank of America Corporation PFD SER B 7%
BACRP,1 week,0.05,2024-03-18 00:00:00+08:00,20560.000000000000,21820.000000000000,-5.77,Banks - Diversified,Bank of America Corporation PFD SER B 7%
BACRP,1 week,0.05,2024-03-25 00:00:00+08:00,18678.500000000000,20560.000000000000,-9.15,Banks - Diversified,Bank of America Corporation PFD SER B 7%
BACRP,1 week,0.05,2024-04-01 00:00:00+08:00,24480.000000000000,18678.500000000000,31.06,Banks - Diversified,Bank of America Corporation PFD SER B 7%
BACRP,1 week,0.05,2024-04-15 00:00:00+08:00,21631.400000000000,24371.428571428571,-11.24,Banks - Diversified,Bank of America Corporation PFD SER B 7%
BACRP,1 week,0.05,2024-04-22 00:00:00+08:00,23000.000000000000,21631.400000000000,6.33,Banks - Diversified,Bank of America Corporation PFD SER B 7%
BACRP,1 week,0.05,2024-04-29 00:00:00+08:00,18999.814814814815,23000.000000000000,-17.39,Banks - Diversified,Bank of America Corporation PFD SER B 7%
BACRP,1 week,0.05,2024-05-13 00:00:00+08:00,17874.736842105263,19328.551724137931,-7.52,Banks - Diversified,Bank of America Corporation PFD SER B 7%
BACRP,1 week,0.05,2024-06-03 00:00:00+08:00,20784.800000000000,19493.222222222222,6.63,Banks - Diversified,Bank of America Corporation PFD SER B 7%
BACRP,1 week,0.05,2024-06-10 00:00:00+08:00,19317.083333333333,20784.800000000000,-7.06,Banks - Diversified,Bank of America Corporation PFD SER B 7%
BACRP,1 week,0.05,2024-07-01 00:00:00+08:00,20997.750000000000,18392.230769230769,14.17,Banks - Diversified,Bank of America Corporation PFD SER B 7%
BACRP,1 week,0.05,2024-07-08 00:00:00+08:00,19625.000000000000,20997.750000000000,-6.54,Banks - Diversified,Bank of America Corporation PFD SER B 7%
BACRP,1 week,0.05,2024-07-29 00:00:00+08:00,21912.500000000000,18803.125000000000,16.54,Banks - Diversified,Bank of America Corporation PFD SER B 7%
BACRP,2 weeks,0.05,2021-05-03 00:00:00+08:00,12000.0000000000000000,10500.0000000000000000,14.29,Banks - Diversified,Bank of America Corporation PFD SER B 7%
BACRP,2 weeks,0.05,2021-06-14 00:00:00+08:00,16900.0000000000000000,12000.0000000000000000,40.83,Banks - Diversified,Bank of America Corporation PFD SER B 7%
BACRP,2 weeks,0.05,2022-02-07 00:00:00+08:00,10335.2500000000000000,16900.0000000000000000,-38.84,Banks - Diversified,Bank of America Corporation PFD SER B 7%
BACRP,2 weeks,0.05,2022-04-18 00:00:00+08:00,16250.000000000000,10335.2500000000000000,57.23,Banks - Diversified,Bank of America Corporation PFD SER B 7%
BACRP,2 weeks,0.05,2022-05-30 00:00:00+08:00,17100.0000000000000000,16250.000000000000,5.23,Banks - Diversified,Bank of America Corporation PFD SER B 7%
BACRP,2 weeks,0.05,2022-10-31 00:00:00+08:00,18610.714285714286,17500.000000000000,6.35,Banks - Diversified,Bank of America Corporation PFD SER B 7%
BACRP,2 weeks,0.05,2022-12-12 00:00:00+08:00,21853.486486486486,19370.625000000000,12.82,Banks - Diversified,Bank of America Corporation PFD SER B 7%
BACRP,2 weeks,0.05,2023-01-09 00:00:00+08:00,29958.828947368421,22148.648648648649,35.26,Banks - Diversified,Bank of America Corporation PFD SER B 7%
BACRP,2 weeks,0.05,2023-01-23 00:00:00+08:00,23583.988636363636,29958.828947368421,-21.28,Banks - Diversified,Bank of America Corporation PFD SER B 7%
BACRP,2 weeks,0.05,2023-02-06 00:00:00+08:00,17974.194915254237,23583.988636363636,-23.79,Banks - Diversified,Bank of America Corporation PFD SER B 7%
BACRP,2 weeks,0.05,2023-03-20 00:00:00+08:00,19363.556818181818,17959.384615384615,7.82,Banks - Diversified,Bank of America Corporation PFD SER B 7%
BACRP,2 weeks,0.05,2023-04-03 00:00:00+08:00,32248.179487179487,19363.556818181818,66.54,Banks - Diversified,Bank of America Corporation PFD SER B 7%
BACRP,2 weeks,0.05,2023-04-17 00:00:00+08:00,25998.097222222222,32248.179487179487,-19.38,Banks - Diversified,Bank of America Corporation PFD SER B 7%
BACRP,2 weeks,0.05,2023-05-01 00:00:00+08:00,22855.242424242424,25998.097222222222,-12.09,Banks - Diversified,Bank of America Corporation PFD SER B 7%
BACRP,2 weeks,0.05,2023-05-15 00:00:00+08:00,20892.770370370370,22855.242424242424,-8.59,Banks - Diversified,Bank of America Corporation PFD SER B 7%
BACRP,2 weeks,0.05,2023-05-29 00:00:00+08:00,19092.647058823529,20892.770370370370,-8.62,Banks - Diversified,Bank of America Corporation PFD SER B 7%
BACRP,2 weeks,0.05,2023-06-12 00:00:00+08:00,20646.217391304348,19092.647058823529,8.14,Banks - Diversified,Bank of America Corporation PFD SER B 7%
BACRP,2 weeks,0.05,2023-07-24 00:00:00+08:00,22080.407407407407,20163.666666666667,9.51,Banks - Diversified,Bank of America Corporation PFD SER B 7%
BACRP,2 weeks,0.05,2023-08-07 00:00:00+08:00,25000.000000000000,22080.407407407407,13.22,Banks - Diversified,Bank of America Corporation PFD SER B 7%
BACRP,2 weeks,0.05,2023-08-21 00:00:00+08:00,21545.500000000000,25000.000000000000,-13.82,Banks - Diversified,Bank of America Corporation PFD SER B 7%
BACRP,2 weeks,0.05,2023-09-18 00:00:00+08:00,20820.000000000000,22207.142857142857,-6.25,Banks - Diversified,Bank of America Corporation PFD SER B 7%
BACRP,2 weeks,0.05,2023-10-02 00:00:00+08:00,22295.200000000000,20820.000000000000,7.09,Banks - Diversified,Bank of America Corporation PFD SER B 7%
BACRP,2 weeks,0.05,2023-10-16 00:00:00+08:00,23605.933333333333,22295.200000000000,5.88,Banks - Diversified,Bank of America Corporation PFD SER B 7%
BACRP,2 weeks,0.05,2023-11-13 00:00:00+08:00,21849.857142857143,23641.200000000000,-7.58,Banks - Diversified,Bank of America Corporation PFD SER B 7%
BACRP,2 weeks,0.05,2023-12-11 00:00:00+08:00,24099.923076923077,22546.076923076923,6.89,Banks - Diversified,Bank of America Corporation PFD SER B 7%
BACRP,2 weeks,0.05,2024-01-08 00:00:00+08:00,30469.454545454545,24467.250000000000,24.53,Banks - Diversified,Bank of America Corporation PFD SER B 7%
BACRP,2 weeks,0.05,2024-01-22 00:00:00+08:00,22976.000000000000,30469.454545454545,-24.59,Banks - Diversified,Bank of America Corporation PFD SER B 7%
BACRP,2 weeks,0.05,2024-02-05 00:00:00+08:00,27250.000000000000,22976.000000000000,18.60,Banks - Diversified,Bank of America Corporation PFD SER B 7%
BACRP,2 weeks,0.05,2024-02-19 00:00:00+08:00,24510.000000000000,27250.000000000000,-10.06,Banks - Diversified,Bank of America Corporation PFD SER B 7%
BACRP,2 weeks,0.05,2024-03-04 00:00:00+08:00,20141.166666666667,24510.000000000000,-17.82,Banks - Diversified,Bank of America Corporation PFD SER B 7%
BACRP,2 weeks,0.05,2024-03-18 00:00:00+08:00,19054.800000000000,20141.166666666667,-5.39,Banks - Diversified,Bank of America Corporation PFD SER B 7%
BACRP,2 weeks,0.05,2024-04-01 00:00:00+08:00,24410.909090909091,19054.800000000000,28.11,Banks - Diversified,Bank of America Corporation PFD SER B 7%
BACRP,2 weeks,0.05,2024-04-15 00:00:00+08:00,22022.428571428571,24410.909090909091,-9.78,Banks - Diversified,Bank of America Corporation PFD SER B 7%
BACRP,2 weeks,0.05,2024-04-29 00:00:00+08:00,19170.053571428571,22022.428571428571,-12.95,Banks - Diversified,Bank of America Corporation PFD SER B 7%
BACRP,2 weeks,0.05,2024-05-27 00:00:00+08:00,20173.000000000000,18326.279069767442,10.08,Banks - Diversified,Bank of America Corporation PFD SER B 7%
BACRP,2 weeks,0.05,2024-07-22 00:00:00+08:00,21912.500000000000,19077.083333333333,14.86,Banks - Diversified,Bank of America Corporation PFD SER B 7%
BACRP,1 week,0.1,2021-05-03 00:00:00+08:00,12000.0000000000000000,10500.0000000000000000,14.29,Banks - Diversified,Bank of America Corporation PFD SER B 7%
BACRP,1 week,0.1,2021-06-21 00:00:00+08:00,16900.0000000000000000,12000.0000000000000000,40.83,Banks - Diversified,Bank of America Corporation PFD SER B 7%
BACRP,1 week,0.1,2022-02-07 00:00:00+08:00,10113.6666666666666667,16900.0000000000000000,-40.16,Banks - Diversified,Bank of America Corporation PFD SER B 7%
BACRP,1 week,0.1,2022-04-18 00:00:00+08:00,16250.000000000000,11000.0000000000000000,47.73,Banks - Diversified,Bank of America Corporation PFD SER B 7%
BACRP,1 week,0.1,2022-12-12 00:00:00+08:00,22627.777777777778,20116.666666666667,12.48,Banks - Diversified,Bank of America Corporation PFD SER B 7%
BACRP,1 week,0.1,2023-01-02 00:00:00+08:00,23646.315789473684,20567.777777777778,14.97,Banks - Diversified,Bank of America Corporation PFD SER B 7%
BACRP,1 week,0.1,2023-01-09 00:00:00+08:00,26646.078947368421,23646.315789473684,12.69,Banks - Diversified,Bank of America Corporation PFD SER B 7%
BACRP,1 week,0.1,2023-01-16 00:00:00+08:00,33271.578947368421,26646.078947368421,24.86,Banks - Diversified,Bank of America Corporation PFD SER B 7%
BACRP,1 week,0.1,2023-01-30 00:00:00+08:00,19571.290909090909,30271.818181818182,-35.35,Banks - Diversified,Bank of America Corporation PFD SER B 7%
BACRP,1 week,0.1,2023-02-06 00:00:00+08:00,16791.866666666667,19571.290909090909,-14.20,Banks - Diversified,Bank of America Corporation PFD SER B 7%
BACRP,1 week,0.1,2023-02-27 00:00:00+08:00,15257.882352941176,19506.408163265306,-21.78,Banks - Diversified,Bank of America Corporation PFD SER B 7%
BACRP,1 week,0.1,2023-03-06 00:00:00+08:00,18172.410256410256,15257.882352941176,19.10,Banks - Diversified,Bank of America Corporation PFD SER B 7%
BACRP,1 week,0.1,2023-03-27 00:00:00+08:00,21675.484848484848,17976.400000000000,20.58,Banks - Diversified,Bank of America Corporation PFD SER B 7%
BACRP,1 week,0.1,2023-04-03 00:00:00+08:00,30199.023809523810,21675.484848484848,39.32,Banks - Diversified,Bank of America Corporation PFD SER B 7%
BACRP,1 week,0.1,2023-04-10 00:00:00+08:00,34638.861111111111,30199.023809523810,14.70,Banks - Diversified,Bank of America Corporation PFD SER B 7%
BACRP,1 week,0.1,2023-04-24 00:00:00+08:00,21055.195652173913,34743.230769230769,-39.40,Banks - Diversified,Bank of America Corporation PFD SER B 7%
BACRP,1 week,0.1,2023-05-01 00:00:00+08:00,25588.581818181818,21055.195652173913,21.53,Banks - Diversified,Bank of America Corporation PFD SER B 7%
BACRP,1 week,0.1,2023-05-08 00:00:00+08:00,20902.857142857143,25588.581818181818,-18.31,Banks - Diversified,Bank of America Corporation PFD SER B 7%
BACRP,1 week,0.1,2023-05-29 00:00:00+08:00,18890.081632653061,21612.127659574468,-12.59,Banks - Diversified,Bank of America Corporation PFD SER B 7%
BACRP,1 week,0.1,2023-08-07 00:00:00+08:00,25000.000000000000,22491.071428571429,11.16,Banks - Diversified,Bank of America Corporation PFD SER B 7%
BACRP,1 week,0.1,2023-08-28 00:00:00+08:00,21545.500000000000,25000.000000000000,-13.82,Banks - Diversified,Bank of America Corporation PFD SER B 7%
BACRP,1 week,0.1,2023-10-16 00:00:00+08:00,24874.666666666667,21500.000000000000,15.70,Banks - Diversified,Bank of America Corporation PFD SER B 7%
BACRP,1 week,0.1,2024-01-08 00:00:00+08:00,32068.222222222222,24453.600000000000,31.14,Banks - Diversified,Bank of America Corporation PFD SER B 7%
BACRP,1 week,0.1,2024-01-15 00:00:00+08:00,23275.000000000000,32068.222222222222,-27.42,Banks - Diversified,Bank of America Corporation PFD SER B 7%
BACRP,1 week,0.1,2024-01-22 00:00:00+08:00,26400.000000000000,23275.000000000000,13.43,Banks - Diversified,Bank of America Corporation PFD SER B 7%
BACRP,1 week,0.1,2024-01-29 00:00:00+08:00,21508.571428571429,26400.000000000000,-18.53,Banks - Diversified,Bank of America Corporation PFD SER B 7%
BACRP,1 week,0.1,2024-02-05 00:00:00+08:00,28000.000000000000,21508.571428571429,30.18,Banks - Diversified,Bank of America Corporation PFD SER B 7%
BACRP,1 week,0.1,2024-02-12 00:00:00+08:00,25000.000000000000,28000.000000000000,-10.71,Banks - Diversified,Bank of America Corporation PFD SER B 7%
BACRP,1 week,0.1,2024-03-04 00:00:00+08:00,19495.461538461538,24510.000000000000,-20.46,Banks - Diversified,Bank of America Corporation PFD SER B 7%
BACRP,1 week,0.1,2024-03-11 00:00:00+08:00,21820.000000000000,19495.461538461538,11.92,Banks - Diversified,Bank of America Corporation PFD SER B 7%
BACRP,1 week,0.1,2024-04-01 00:00:00+08:00,24480.000000000000,18678.500000000000,31.06,Banks - Diversified,Bank of America Corporation PFD SER B 7%
BACRP,1 week,0.1,2024-04-15 00:00:00+08:00,21631.400000000000,24371.428571428571,-11.24,Banks - Diversified,Bank of America Corporation PFD SER B 7%
BACRP,1 week,0.1,2024-04-29 00:00:00+08:00,18999.814814814815,23000.000000000000,-17.39,Banks - Diversified,Bank of America Corporation PFD SER B 7%
BACRP,1 week,0.1,2024-07-01 00:00:00+08:00,20997.750000000000,18392.230769230769,14.17,Banks - Diversified,Bank of America Corporation PFD SER B 7%
BACRP,1 week,0.1,2024-07-29 00:00:00+08:00,21912.500000000000,18803.125000000000,16.54,Banks - Diversified,Bank of America Corporation PFD SER B 7%
BACRP,2 weeks,0.1,2021-05-03 00:00:00+08:00,12000.0000000000000000,10500.0000000000000000,14.29,Banks - Diversified,Bank of America Corporation PFD SER B 7%
BACRP,2 weeks,0.1,2021-06-14 00:00:00+08:00,16900.0000000000000000,12000.0000000000000000,40.83,Banks - Diversified,Bank of America Corporation PFD SER B 7%
BACRP,2 weeks,0.1,2022-02-07 00:00:00+08:00,10335.2500000000000000,16900.0000000000000000,-38.84,Banks - Diversified,Bank of America Corporation PFD SER B 7%
BACRP,2 weeks,0.1,2022-04-18 00:00:00+08:00,16250.000000000000,10335.2500000000000000,57.23,Banks - Diversified,Bank of America Corporation PFD SER B 7%
BACRP,2 weeks,0.1,2022-12-12 00:00:00+08:00,21853.486486486486,19370.625000000000,12.82,Banks - Diversified,Bank of America Corporation PFD SER B 7%
BACRP,2 weeks,0.1,2023-01-09 00:00:00+08:00,29958.828947368421,22148.648648648649,35.26,Banks - Diversified,Bank of America Corporation PFD SER B 7%
BACRP,2 weeks,0.1,2023-01-23 00:00:00+08:00,23583.988636363636,29958.828947368421,-21.28,Banks - Diversified,Bank of America Corporation PFD SER B 7%
BACRP,2 weeks,0.1,2023-02-06 00:00:00+08:00,17974.194915254237,23583.988636363636,-23.79,Banks - Diversified,Bank of America Corporation PFD SER B 7%
BACRP,2 weeks,0.1,2023-04-03 00:00:00+08:00,32248.179487179487,19363.556818181818,66.54,Banks - Diversified,Bank of America Corporation PFD SER B 7%
BACRP,2 weeks,0.1,2023-04-17 00:00:00+08:00,25998.097222222222,32248.179487179487,-19.38,Banks - Diversified,Bank of America Corporation PFD SER B 7%
BACRP,2 weeks,0.1,2023-05-01 00:00:00+08:00,22855.242424242424,25998.097222222222,-12.09,Banks - Diversified,Bank of America Corporation PFD SER B 7%
BACRP,2 weeks,0.1,2023-08-07 00:00:00+08:00,25000.000000000000,22080.407407407407,13.22,Banks - Diversified,Bank of America Corporation PFD SER B 7%
BACRP,2 weeks,0.1,2023-08-21 00:00:00+08:00,21545.500000000000,25000.000000000000,-13.82,Banks - Diversified,Bank of America Corporation PFD SER B 7%
BACRP,2 weeks,0.1,2024-01-08 00:00:00+08:00,30469.454545454545,24467.250000000000,24.53,Banks - Diversified,Bank of America Corporation PFD SER B 7%
BACRP,2 weeks,0.1,2024-01-22 00:00:00+08:00,22976.000000000000,30469.454545454545,-24.59,Banks - Diversified,Bank of America Corporation PFD SER B 7%
BACRP,2 weeks,0.1,2024-02-05 00:00:00+08:00,27250.000000000000,22976.000000000000,18.60,Banks - Diversified,Bank of America Corporation PFD SER B 7%
BACRP,2 weeks,0.1,2024-02-19 00:00:00+08:00,24510.000000000000,27250.000000000000,-10.06,Banks - Diversified,Bank of America Corporation PFD SER B 7%
BACRP,2 weeks,0.1,2024-03-04 00:00:00+08:00,20141.166666666667,24510.000000000000,-17.82,Banks - Diversified,Bank of America Corporation PFD SER B 7%
BACRP,2 weeks,0.1,2024-04-01 00:00:00+08:00,24410.909090909091,19054.800000000000,28.11,Banks - Diversified,Bank of America Corporation PFD SER B 7%
BACRP,2 weeks,0.1,2024-04-29 00:00:00+08:00,19170.053571428571,22022.428571428571,-12.95,Banks - Diversified,Bank of America Corporation PFD SER B 7%
BACRP,2 weeks,0.1,2024-05-27 00:00:00+08:00,20173.000000000000,18326.279069767442,10.08,Banks - Diversified,Bank of America Corporation PFD SER B 7%
BACRP,2 weeks,0.1,2024-07-22 00:00:00+08:00,21912.500000000000,19077.083333333333,14.86,Banks - Diversified,Bank of America Corporation PFD SER B 7%
BACRP,1 week,0.15,2021-06-21 00:00:00+08:00,16900.0000000000000000,12000.0000000000000000,40.83,Banks - Diversified,Bank of America Corporation PFD SER B 7%
BACRP,1 week,0.15,2022-02-07 00:00:00+08:00,10113.6666666666666667,16900.0000000000000000,-40.16,Banks - Diversified,Bank of America Corporation PFD SER B 7%
BACRP,1 week,0.15,2022-04-18 00:00:00+08:00,16250.000000000000,11000.0000000000000000,47.73,Banks - Diversified,Bank of America Corporation PFD SER B 7%
BACRP,1 week,0.15,2023-01-16 00:00:00+08:00,33271.578947368421,26646.078947368421,24.86,Banks - Diversified,Bank of America Corporation PFD SER B 7%
BACRP,1 week,0.15,2023-01-30 00:00:00+08:00,19571.290909090909,30271.818181818182,-35.35,Banks - Diversified,Bank of America Corporation PFD SER B 7%
BACRP,1 week,0.15,2023-02-27 00:00:00+08:00,15257.882352941176,19506.408163265306,-21.78,Banks - Diversified,Bank of America Corporation PFD SER B 7%
BACRP,1 week,0.15,2023-03-06 00:00:00+08:00,18172.410256410256,15257.882352941176,19.10,Banks - Diversified,Bank of America Corporation PFD SER B 7%
BACRP,1 week,0.15,2023-03-27 00:00:00+08:00,21675.484848484848,17976.400000000000,20.58,Banks - Diversified,Bank of America Corporation PFD SER B 7%
BACRP,1 week,0.15,2023-04-03 00:00:00+08:00,30199.023809523810,21675.484848484848,39.32,Banks - Diversified,Bank of America Corporation PFD SER B 7%
BACRP,1 week,0.15,2023-04-24 00:00:00+08:00,21055.195652173913,34743.230769230769,-39.40,Banks - Diversified,Bank of America Corporation PFD SER B 7%
BACRP,1 week,0.15,2023-05-01 00:00:00+08:00,25588.581818181818,21055.195652173913,21.53,Banks - Diversified,Bank of America Corporation PFD SER B 7%
BACRP,1 week,0.15,2023-05-08 00:00:00+08:00,20902.857142857143,25588.581818181818,-18.31,Banks - Diversified,Bank of America Corporation PFD SER B 7%
BACRP,1 week,0.15,2023-10-16 00:00:00+08:00,24874.666666666667,21500.000000000000,15.70,Banks - Diversified,Bank of America Corporation PFD SER B 7%
BACRP,1 week,0.15,2024-01-08 00:00:00+08:00,32068.222222222222,24453.600000000000,31.14,Banks - Diversified,Bank of America Corporation PFD SER B 7%
BACRP,1 week,0.15,2024-01-15 00:00:00+08:00,23275.000000000000,32068.222222222222,-27.42,Banks - Diversified,Bank of America Corporation PFD SER B 7%
BACRP,1 week,0.15,2024-01-29 00:00:00+08:00,21508.571428571429,26400.000000000000,-18.53,Banks - Diversified,Bank of America Corporation PFD SER B 7%
BACRP,1 week,0.15,2024-02-05 00:00:00+08:00,28000.000000000000,21508.571428571429,30.18,Banks - Diversified,Bank of America Corporation PFD SER B 7%
BACRP,1 week,0.15,2024-03-04 00:00:00+08:00,19495.461538461538,24510.000000000000,-20.46,Banks - Diversified,Bank of America Corporation PFD SER B 7%
BACRP,1 week,0.15,2024-04-01 00:00:00+08:00,24480.000000000000,18678.500000000000,31.06,Banks - Diversified,Bank of America Corporation PFD SER B 7%
BACRP,1 week,0.15,2024-04-29 00:00:00+08:00,18999.814814814815,23000.000000000000,-17.39,Banks - Diversified,Bank of America Corporation PFD SER B 7%
BACRP,1 week,0.15,2024-07-29 00:00:00+08:00,21912.500000000000,18803.125000000000,16.54,Banks - Diversified,Bank of America Corporation PFD SER B 7%
BACRP,2 weeks,0.15,2021-06-14 00:00:00+08:00,16900.0000000000000000,12000.0000000000000000,40.83,Banks - Diversified,Bank of America Corporation PFD SER B 7%
BACRP,2 weeks,0.15,2022-02-07 00:00:00+08:00,10335.2500000000000000,16900.0000000000000000,-38.84,Banks - Diversified,Bank of America Corporation PFD SER B 7%
BACRP,2 weeks,0.15,2022-04-18 00:00:00+08:00,16250.000000000000,10335.2500000000000000,57.23,Banks - Diversified,Bank of America Corporation PFD SER B 7%
BACRP,2 weeks,0.15,2023-01-09 00:00:00+08:00,29958.828947368421,22148.648648648649,35.26,Banks - Diversified,Bank of America Corporation PFD SER B 7%
BACRP,2 weeks,0.15,2023-01-23 00:00:00+08:00,23583.988636363636,29958.828947368421,-21.28,Banks - Diversified,Bank of America Corporation PFD SER B 7%
BACRP,2 weeks,0.15,2023-02-06 00:00:00+08:00,17974.194915254237,23583.988636363636,-23.79,Banks - Diversified,Bank of America Corporation PFD SER B 7%
BACRP,2 weeks,0.15,2023-04-03 00:00:00+08:00,32248.179487179487,19363.556818181818,66.54,Banks - Diversified,Bank of America Corporation PFD SER B 7%
BACRP,2 weeks,0.15,2023-04-17 00:00:00+08:00,25998.097222222222,32248.179487179487,-19.38,Banks - Diversified,Bank of America Corporation PFD SER B 7%
BACRP,2 weeks,0.15,2024-01-08 00:00:00+08:00,30469.454545454545,24467.250000000000,24.53,Banks - Diversified,Bank of America Corporation PFD SER B 7%
BACRP,2 weeks,0.15,2024-01-22 00:00:00+08:00,22976.000000000000,30469.454545454545,-24.59,Banks - Diversified,Bank of America Corporation PFD SER B 7%
BACRP,2 weeks,0.15,2024-02-05 00:00:00+08:00,27250.000000000000,22976.000000000000,18.60,Banks - Diversified,Bank of America Corporation PFD SER B 7%
BACRP,2 weeks,0.15,2024-03-04 00:00:00+08:00,20141.166666666667,24510.000000000000,-17.82,Banks - Diversified,Bank of America Corporation PFD SER B 7%
BACRP,2 weeks,0.15,2024-04-01 00:00:00+08:00,24410.909090909091,19054.800000000000,28.11,Banks - Diversified,Bank of America Corporation PFD SER B 7%
COST,1 week,0.05,2015-02-02 00:00:00+08:00,14915.860982391103,14168.776500000000,5.27,Discount Stores,Costco Wholesale Corporation
COST,1 week,0.05,2017-03-06 00:00:00+08:00,16655.423807080554,17555.099630996310,-5.12,Discount Stores,Costco Wholesale Corporation
COST,1 week,0.05,2017-06-19 00:00:00+08:00,16187.336226587483,17755.013527054108,-8.83,Discount Stores,Costco Wholesale Corporation
COST,1 week,0.05,2017-12-04 00:00:00+08:00,18775.331285202253,17796.869894099849,5.50,Discount Stores,Costco Wholesale Corporation
COST,1 week,0.05,2018-02-05 00:00:00+08:00,18330.763806706114,19593.269709543568,-6.44,Discount Stores,Costco Wholesale Corporation
COST,1 week,0.05,2018-12-17 00:00:00+08:00,20145.333002481390,22223.021769337656,-9.35,Discount Stores,Costco Wholesale Corporation
COST,1 week,0.05,2019-03-11 00:00:00+08:00,23320.757207890744,22087.075249320036,5.59,Discount Stores,Costco Wholesale Corporation
COST,1 week,0.05,2019-08-26 00:00:00+08:00,29027.014370664024,27625.309322033898,5.07,Discount Stores,Costco Wholesale Corporation
COST,1 week,0.05,2020-02-24 00:00:00+08:00,30244.595307917889,32282.762389680923,-6.31,Discount Stores,Costco Wholesale Corporation
COST,1 week,0.05,2020-04-06 00:00:00+08:00,30211.147286821705,28752.047277936963,5.07,Discount Stores,Costco Wholesale Corporation
COST,1 week,0.05,2020-07-06 00:00:00+08:00,31849.127218934911,30321.079573934837,5.04,Discount Stores,Costco Wholesale Corporation
COST,1 week,0.05,2021-03-01 00:00:00+08:00,32398.109262589928,34105.487332339791,-5.01,Discount Stores,Costco Wholesale Corporation
COST,1 week,0.05,2022-01-10 00:00:00+08:00,51623.326814204838,55454.478939157566,-6.91,Discount Stores,Costco Wholesale Corporation
COST,1 week,0.05,2022-01-31 00:00:00+08:00,51212.392334846193,48294.418245264207,6.04,Discount Stores,Costco Wholesale Corporation
COST,1 week,0.05,2022-04-25 00:00:00+08:00,55658.753799392097,59179.931321540062,-5.95,Discount Stores,Costco Wholesale Corporation
COST,1 week,0.05,2022-05-02 00:00:00+08:00,52282.816004077472,55658.753799392097,-6.07,Discount Stores,Costco Wholesale Corporation
COST,1 week,0.05,2022-05-09 00:00:00+08:00,49641.141579731744,52282.816004077472,-5.05,Discount Stores,Costco Wholesale Corporation
COST,1 week,0.05,2022-05-16 00:00:00+08:00,44945.276802218115,49641.141579731744,-9.46,Discount Stores,Costco Wholesale Corporation
COST,1 week,0.05,2022-05-30 00:00:00+08:00,47064.023312883436,44553.251095530237,5.64,Discount Stores,Costco Wholesale Corporation
COST,1 week,0.05,2022-10-24 00:00:00+08:00,49935.710388247639,46934.661367249603,6.39,Discount Stores,Costco Wholesale Corporation
COST,1 week,0.05,2022-12-05 00:00:00+08:00,48328.231731731732,51730.173935351462,-6.58,Discount Stores,Costco Wholesale Corporation
COST,1 week,0.05,2023-12-18 00:00:00+08:00,67030.076479832373,63626.466408893185,5.35,Discount Stores,Costco Wholesale Corporation
COST,1 week,0.05,2024-05-06 00:00:00+08:00,76851.386503067485,72793.060625000000,5.58,Discount Stores,Costco Wholesale Corporation
COST,2 weeks,0.05,2014-10-27 00:00:00+08:00,13394.589870129870,12750.236377396569,5.05,Discount Stores,Costco Wholesale Corporation
COST,2 weeks,0.05,2015-02-02 00:00:00+08:00,14838.851285783600,14095.897551365044,5.27,Discount Stores,Costco Wholesale Corporation
COST,2 weeks,0.05,2016-05-30 00:00:00+08:00,15199.559164077944,14447.856794340083,5.20,Discount Stores,Costco Wholesale Corporation
COST,2 weeks,0.05,2016-07-11 00:00:00+08:00,16702.818062137967,15757.157968574635,6.00,Discount Stores,Costco Wholesale Corporation
COST,2 weeks,0.05,2016-09-05 00:00:00+08:00,15284.527738665165,16351.059597523220,-6.52,Discount Stores,Costco Wholesale Corporation
COST,2 weeks,0.05,2016-12-12 00:00:00+08:00,16169.054914036438,15306.902566658360,5.63,Discount Stores,Costco Wholesale Corporation
COST,2 weeks,0.05,2017-03-06 00:00:00+08:00,16628.418383110196,17594.877989130435,-5.49,Discount Stores,Costco Wholesale Corporation
COST,2 weeks,0.05,2017-06-12 00:00:00+08:00,16935.026523297491,18065.792914746544,-6.26,Discount Stores,Costco Wholesale Corporation
COST,2 weeks,0.05,2017-06-26 00:00:00+08:00,15889.662674094708,16935.026523297491,-6.17,Discount Stores,Costco Wholesale Corporation
COST,2 weeks,0.05,2017-11-27 00:00:00+08:00,18282.371697154472,17160.319550015202,6.54,Discount Stores,Costco Wholesale Corporation
COST,2 weeks,0.05,2018-02-05 00:00:00+08:00,18494.575521487811,19560.125910509886,-5.45,Discount Stores,Costco Wholesale Corporation
COST,2 weeks,0.05,2018-04-16 00:00:00+08:00,19472.956046814044,18539.296708991967,5.04,Discount Stores,Costco Wholesale Corporation
COST,2 weeks,0.05,2018-12-10 00:00:00+08:00,21220.016770483948,22752.426449985990,-6.74,Discount Stores,Costco Wholesale Corporation
COST,2 weeks,0.05,2018-12-24 00:00:00+08:00,20031.091151919866,21220.016770483948,-5.60,Discount Stores,Costco Wholesale Corporation
COST,2 weeks,0.05,2019-03-18 00:00:00+08:00,23837.126749405862,22670.147023667224,5.15,Discount Stores,Costco Wholesale Corporation
COST,2 weeks,0.05,2019-06-10 00:00:00+08:00,26108.897894736842,24485.506097560976,6.63,Discount Stores,Costco Wholesale Corporation
COST,2 weeks,0.05,2020-04-13 00:00:00+08:00,30971.594717887155,29452.806403574088,5.16,Discount Stores,Costco Wholesale Corporation
COST,2 weeks,0.05,2020-07-06 00:00:00+08:00,32233.857250000000,30124.110678531702,7.00,Discount Stores,Costco Wholesale Corporation
COST,2 weeks,0.05,2020-10-12 00:00:00+08:00,37819.781023784902,35789.595647773279,5.67,Discount Stores,Costco Wholesale Corporation
COST,2 weeks,0.05,2021-02-22 00:00:00+08:00,33209.285107387302,35563.669612314709,-6.62,Discount Stores,Costco Wholesale Corporation
COST,2 weeks,0.05,2021-03-22 00:00:00+08:00,34671.932025421387,32503.610392778727,6.67,Discount Stores,Costco Wholesale Corporation
COST,2 weeks,0.05,2021-10-18 00:00:00+08:00,47960.562278550014,44887.480286738351,6.85,Discount Stores,Costco Wholesale Corporation
COST,2 weeks,0.05,2021-11-01 00:00:00+08:00,50606.250934329952,47960.562278550014,5.52,Discount Stores,Costco Wholesale Corporation
COST,2 weeks,0.05,2021-11-15 00:00:00+08:00,53447.896529562982,50606.250934329952,5.62,Discount Stores,Costco Wholesale Corporation
COST,2 weeks,0.05,2022-01-10 00:00:00+08:00,50479.191001697793,55907.397017445132,-9.71,Discount Stores,Costco Wholesale Corporation
COST,2 weeks,0.05,2022-03-21 00:00:00+08:00,56405.903130853626,53613.891260162602,5.21,Discount Stores,Costco Wholesale Corporation
COST,2 weeks,0.05,2022-05-02 00:00:00+08:00,50945.032201257862,57395.843942505133,-11.24,Discount Stores,Costco Wholesale Corporation
COST,2 weeks,0.05,2022-05-16 00:00:00+08:00,44744.061628430049,50945.032201257862,-12.17,Discount Stores,Costco Wholesale Corporation
COST,2 weeks,0.05,2022-05-30 00:00:00+08:00,47078.215874759681,44744.061628430049,5.22,Discount Stores,Costco Wholesale Corporation
COST,2 weeks,0.05,2022-06-27 00:00:00+08:00,48436.080436656133,46004.346405228758,5.29,Discount Stores,Costco Wholesale Corporation
COST,2 weeks,0.05,2022-07-11 00:00:00+08:00,51392.037619170317,48436.080436656133,6.10,Discount Stores,Costco Wholesale Corporation
COST,2 weeks,0.05,2022-09-19 00:00:00+08:00,48567.402547770701,51941.884429692215,-6.50,Discount Stores,Costco Wholesale Corporation
COST,2 weeks,0.05,2022-11-14 00:00:00+08:00,52456.723106301719,49566.502396166134,5.83,Discount Stores,Costco Wholesale Corporation
COST,2 weeks,0.05,2022-12-12 00:00:00+08:00,46826.024325046779,50008.086141373195,-6.36,Discount Stores,Costco Wholesale Corporation
COST,2 weeks,0.05,2023-12-11 00:00:00+08:00,65259.822775263952,59957.423204087767,8.84,Discount Stores,Costco Wholesale Corporation
COST,2 weeks,0.05,2024-05-13 00:00:00+08:00,79484.481540930979,74841.070278637771,6.20,Discount Stores,Costco Wholesale Corporation
COST,2 weeks,0.1,2022-05-02 00:00:00+08:00,50945.032201257862,57395.843942505133,-11.24,Discount Stores,Costco Wholesale Corporation
COST,2 weeks,0.1,2022-05-16 00:00:00+08:00,44744.061628430049,50945.032201257862,-12.17,Discount Stores,Costco Wholesale Corporation
CRM,1 week,0.05,2014-04-28 00:00:00+08:00,5116.1482775836245632,5524.1547017189079879,-7.39,Software - Application,"Salesforce, Inc."
CRM,1 week,0.05,2014-06-16 00:00:00+08:00,5664.6988290398126464,5282.7069578466226511,7.23,Software - Application,"Salesforce, Inc."
CRM,1 week,0.05,2014-07-07 00:00:00+08:00,5516.7237040764972320,5867.8061079545454545,-5.98,Software - Application,"Salesforce, Inc."
CRM,1 week,0.05,2014-08-25 00:00:00+08:00,5915.4831144465290807,5601.8694014231896191,5.60,Software - Application,"Salesforce, Inc."
CRM,1 week,0.05,2014-10-13 00:00:00+08:00,5355.7260000000000000,5735.9974657881398885,-6.63,Software - Application,"Salesforce, Inc."
CRM,1 week,0.05,2014-10-20 00:00:00+08:00,5729.3759398496240602,5355.7260000000000000,6.98,Software - Application,"Salesforce, Inc."
CRM,1 week,0.05,2014-10-27 00:00:00+08:00,6116.7846232179226069,5729.3759398496240602,6.76,Software - Application,"Salesforce, Inc."
CRM,1 week,0.05,2014-11-17 00:00:00+08:00,6042.3517151541467651,6361.4312114989733060,-5.02,Software - Application,"Salesforce, Inc."
CRM,1 week,0.05,2014-12-08 00:00:00+08:00,5590.1803030303030303,5898.7626008064516129,-5.23,Software - Application,"Salesforce, Inc."
CRM,1 week,0.05,2014-12-22 00:00:00+08:00,6043.9567448680351906,5711.8338249754178958,5.81,Software - Application,"Salesforce, Inc."
CRM,1 week,0.05,2015-02-23 00:00:00+08:00,6602.9668418924383340,6270.5652173913043478,5.30,Software - Application,"Salesforce, Inc."
CRM,1 week,0.05,2015-10-05 00:00:00+08:00,7476.3267477203647416,7047.5829979879275654,6.08,Software - Application,"Salesforce, Inc."
CRM,1 week,0.05,2016-02-01 00:00:00+08:00,6460.5452003727865797,6836.6756756756756757,-5.50,Software - Application,"Salesforce, Inc."
CRM,1 week,0.05,2016-02-08 00:00:00+08:00,5771.5659287776708373,6460.5452003727865797,-10.66,Software - Application,"Salesforce, Inc."
CRM,1 week,0.05,2016-02-15 00:00:00+08:00,6160.6837500000000000,5771.5659287776708373,6.74,Software - Application,"Salesforce, Inc."
CRM,1 week,0.05,2016-02-22 00:00:00+08:00,6558.4847068819031436,6160.6837500000000000,6.46,Software - Application,"Salesforce, Inc."
CRM,1 week,0.05,2016-02-29 00:00:00+08:00,6977.5197272284461763,6558.4847068819031436,6.39,Software - Application,"Salesforce, Inc."
CRM,1 week,0.05,2016-11-28 00:00:00+08:00,7101.0694572217111316,7515.4124914207275223,-5.51,Software - Application,"Salesforce, Inc."
CRM,1 week,0.05,2018-03-05 00:00:00+08:00,12474.991869918699,11806.131885806192,5.67,Software - Application,"Salesforce, Inc."
CRM,1 week,0.05,2018-05-07 00:00:00+08:00,12892.620723847298,12275.753932014206,5.03,Software - Application,"Salesforce, Inc."
CRM,1 week,0.05,2018-07-30 00:00:00+08:00,13920.137370753323,14700.721674876847,-5.31,Software - Application,"Salesforce, Inc."
CRM,1 week,0.05,2018-10-08 00:00:00+08:00,14460.408558558559,15747.196174595390,-8.17,Software - Application,"Salesforce, Inc."
CRM,1 week,0.05,2018-11-19 00:00:00+08:00,12240.539449541284,13156.716332378223,-6.96,Software - Application,"Salesforce, Inc."
CRM,1 week,0.05,2018-11-26 00:00:00+08:00,13454.263199061400,12240.539449541284,9.92,Software - Application,"Salesforce, Inc."
CRM,1 week,0.05,2018-12-17 00:00:00+08:00,13037.530593180757,13915.001809954751,-6.31,Software - Application,"Salesforce, Inc."
CRM,1 week,0.05,2019-01-07 00:00:00+08:00,14506.446311858077,13517.912814511410,7.31,Software - Application,"Salesforce, Inc."
CRM,1 week,0.05,2019-08-05 00:00:00+08:00,14260.489545454545,15431.112822836430,-7.59,Software - Application,"Salesforce, Inc."
CRM,1 week,0.05,2019-10-28 00:00:00+08:00,15618.266208251473,14567.664953271028,7.21,Software - Application,"Salesforce, Inc."
CRM,1 week,0.05,2020-01-06 00:00:00+08:00,17623.276207839562,16435.395731707317,7.23,Software - Application,"Salesforce, Inc."
CRM,1 week,0.05,2020-02-24 00:00:00+08:00,17761.143747565251,19133.364190012180,-7.17,Software - Application,"Salesforce, Inc."
CRM,1 week,0.05,2020-03-09 00:00:00+08:00,14995.721925133690,17014.188050023159,-11.86,Software - Application,"Salesforce, Inc."
CRM,1 week,0.05,2020-03-16 00:00:00+08:00,13384.441743119266,14995.721925133690,-10.74,Software - Application,"Salesforce, Inc."
CRM,1 week,0.05,2020-03-23 00:00:00+08:00,14865.934373565856,13384.441743119266,11.07,Software - Application,"Salesforce, Inc."
CRM,1 week,0.05,2020-03-30 00:00:00+08:00,14016.424487851358,14865.934373565856,-5.71,Software - Application,"Salesforce, Inc."
CRM,1 week,0.05,2020-04-06 00:00:00+08:00,14864.812536273941,14016.424487851358,6.05,Software - Application,"Salesforce, Inc."
CRM,1 week,0.05,2020-04-13 00:00:00+08:00,15642.195424213537,14864.812536273941,5.23,Software - Application,"Salesforce, Inc."
CRM,1 week,0.05,2020-07-06 00:00:00+08:00,19864.977582846004,18816.767726161369,5.57,Software - Application,"Salesforce, Inc."
CRM,1 week,0.05,2020-07-13 00:00:00+08:00,18843.088457899716,19864.977582846004,-5.14,Software - Application,"Salesforce, Inc."
CRM,1 week,0.05,2020-08-03 00:00:00+08:00,20290.870315581854,19164.166829745597,5.88,Software - Application,"Salesforce, Inc."
CRM,1 week,0.05,2020-08-24 00:00:00+08:00,24710.195812807882,20384.177511961722,21.22,Software - Application,"Salesforce, Inc."
CRM,1 week,0.05,2020-08-31 00:00:00+08:00,26722.781492050550,24710.195812807882,8.14,Software - Application,"Salesforce, Inc."
CRM,1 week,0.05,2020-09-07 00:00:00+08:00,24815.067796610169,26722.781492050550,-7.14,Software - Application,"Salesforce, Inc."
CRM,1 week,0.05,2020-10-26 00:00:00+08:00,24041.762895927602,25348.116313454904,-5.15,Software - Application,"Salesforce, Inc."
CRM,1 week,0.05,2020-11-30 00:00:00+08:00,22991.922820823245,25512.887877063176,-9.88,Software - Application,"Salesforce, Inc."
CRM,1 week,0.05,2021-02-22 00:00:00+08:00,23285.190972222222,24720.691620111732,-5.81,Software - Application,"Salesforce, Inc."
CRM,1 week,0.05,2021-03-01 00:00:00+08:00,21144.682386134623,23285.190972222222,-9.19,Software - Application,"Salesforce, Inc."
CRM,1 week,0.05,2021-05-03 00:00:00+08:00,21885.362215909091,23436.311601150527,-6.62,Software - Application,"Salesforce, Inc."
CRM,1 week,0.05,2021-05-24 00:00:00+08:00,23114.178994687372,21962.609981515712,5.24,Software - Application,"Salesforce, Inc."
CRM,1 week,0.05,2021-08-23 00:00:00+08:00,26455.370513315322,25154.344745601522,5.17,Software - Application,"Salesforce, Inc."
CRM,1 week,0.05,2021-11-29 00:00:00+08:00,27049.373989713446,29147.452081956378,-7.20,Software - Application,"Salesforce, Inc."
CRM,1 week,0.05,2022-01-03 00:00:00+08:00,23839.890034364261,25598.442021803766,-6.87,Software - Application,"Salesforce, Inc."
CRM,1 week,0.05,2022-02-14 00:00:00+08:00,20586.478991596639,21715.330765527203,-5.20,Software - Application,"Salesforce, Inc."
CRM,1 week,0.05,2022-02-28 00:00:00+08:00,20862.496532027744,19773.005592841163,5.51,Software - Application,"Salesforce, Inc."
CRM,1 week,0.05,2022-04-11 00:00:00+08:00,19476.596233078281,20572.088080421254,-5.33,Software - Application,"Salesforce, Inc."
CRM,1 week,0.05,2022-04-18 00:00:00+08:00,18418.736942980355,19476.596233078281,-5.43,Software - Application,"Salesforce, Inc."
CRM,1 week,0.05,2022-05-09 00:00:00+08:00,16475.610905730129,17501.661863592699,-5.86,Software - Application,"Salesforce, Inc."
CRM,1 week,0.05,2022-05-30 00:00:00+08:00,17695.179830432842,16004.366806136681,10.56,Software - Application,"Salesforce, Inc."
CRM,1 week,0.05,2022-06-06 00:00:00+08:00,18589.263409961686,17695.179830432842,5.05,Software - Application,"Salesforce, Inc."
CRM,1 week,0.05,2022-06-13 00:00:00+08:00,16511.445677300046,18589.263409961686,-11.18,Software - Application,"Salesforce, Inc."
CRM,1 week,0.05,2022-07-18 00:00:00+08:00,17807.877881314370,16645.972128784238,6.98,Software - Application,"Salesforce, Inc."
CRM,1 week,0.05,2022-08-01 00:00:00+08:00,18702.292156862745,17783.575368521160,5.17,Software - Application,"Salesforce, Inc."
CRM,1 week,0.05,2022-08-22 00:00:00+08:00,17311.961730449251,18759.571218795888,-7.72,Software - Application,"Salesforce, Inc."
CRM,1 week,0.05,2022-08-29 00:00:00+08:00,15767.452972493345,17311.961730449251,-8.92,Software - Application,"Salesforce, Inc."
CRM,1 week,0.05,2022-09-19 00:00:00+08:00,14987.187037842540,15820.064606741573,-5.26,Software - Application,"Salesforce, Inc."
CRM,1 week,0.05,2022-10-10 00:00:00+08:00,14372.974580335731,15280.071121718377,-5.94,Software - Application,"Salesforce, Inc."
CRM,1 week,0.05,2022-10-17 00:00:00+08:00,15441.480537534754,14372.974580335731,7.43,Software - Application,"Salesforce, Inc."
CRM,1 week,0.05,2022-10-31 00:00:00+08:00,15278.308357348703,16175.491470723836,-5.55,Software - Application,"Salesforce, Inc."
CRM,1 week,0.05,2022-12-05 00:00:00+08:00,13269.778467908903,14949.365705614568,-11.24,Software - Application,"Salesforce, Inc."
CRM,1 week,0.05,2023-01-02 00:00:00+08:00,13735.557639271925,13068.202260559191,5.11,Software - Application,"Salesforce, Inc."
CRM,1 week,0.05,2023-01-09 00:00:00+08:00,14701.992942214380,13735.557639271925,7.04,Software - Application,"Salesforce, Inc."
CRM,1 week,0.05,2023-01-23 00:00:00+08:00,15845.182156133829,14736.842799770511,7.52,Software - Application,"Salesforce, Inc."
CRM,1 week,0.05,2023-01-30 00:00:00+08:00,16975.232208029197,15845.182156133829,7.13,Software - Application,"Salesforce, Inc."
CRM,1 week,0.05,2023-02-27 00:00:00+08:00,17696.584460765365,16259.035608308605,8.84,Software - Application,"Salesforce, Inc."
CRM,1 week,0.05,2023-07-10 00:00:00+08:00,22301.051494252874,21116.415342087077,5.61,Software - Application,"Salesforce, Inc."
CRM,1 week,0.05,2023-08-28 00:00:00+08:00,22175.444186046512,20918.667676003028,6.01,Software - Application,"Salesforce, Inc."
CRM,1 week,0.05,2023-11-27 00:00:00+08:00,23959.430941358025,22429.356297842728,6.82,Software - Application,"Salesforce, Inc."
CRM,1 week,0.05,2024-02-26 00:00:00+08:00,31579.475294117647,28651.460431654676,10.22,Software - Application,"Salesforce, Inc."
CRM,1 week,0.05,2024-04-15 00:00:00+08:00,27547.979764705882,29937.895634721525,-7.98,Software - Application,"Salesforce, Inc."
CRM,1 week,0.05,2024-05-27 00:00:00+08:00,23954.142105263158,28149.014250614251,-14.90,Software - Application,"Salesforce, Inc."
CRM,2 weeks,0.05,2014-03-17 00:00:00+08:00,5735.8363411619283066,6117.3742345737164390,-6.24,Software - Application,"Salesforce, Inc."
CRM,2 weeks,0.05,2014-04-28 00:00:00+08:00,5132.6756085444610035,5503.6947014297729184,-6.74,Software - Application,"Salesforce, Inc."
CRM,2 weeks,0.05,2014-06-23 00:00:00+08:00,5798.3271807085442096,5481.4283625730994152,5.78,Software - Application,"Salesforce, Inc."
CRM,2 weeks,0.05,2014-07-07 00:00:00+08:00,5456.6576100628930818,5798.3271807085442096,-5.89,Software - Application,"Salesforce, Inc."
CRM,2 weeks,0.05,2014-08-18 00:00:00+08:00,5749.7624419376244194,5394.2382033812768105,6.59,Software - Application,"Salesforce, Inc."
CRM,2 weeks,0.05,2014-10-27 00:00:00+08:00,6229.6580416032470827,5542.3171464330413016,12.40,Software - Application,"Salesforce, Inc."
CRM,2 weeks,0.05,2014-12-22 00:00:00+08:00,6006.2208147894556659,5651.8253612356751370,6.27,Software - Application,"Salesforce, Inc."
CRM,2 weeks,0.05,2015-02-16 00:00:00+08:00,6474.1890017339608620,5911.6643765903307888,9.52,Software - Application,"Salesforce, Inc."
CRM,2 weeks,0.05,2015-04-27 00:00:00+08:00,7173.5287912087912088,6738.1582343830665978,6.46,Software - Application,"Salesforce, Inc."
CRM,2 weeks,0.05,2015-10-12 00:00:00+08:00,7720.3107971745711403,7261.1973750630994447,6.32,Software - Application,"Salesforce, Inc."
CRM,2 weeks,0.05,2016-01-11 00:00:00+08:00,7153.8073471676948962,7565.6781954887218045,-5.44,Software - Application,"Salesforce, Inc."
CRM,2 weeks,0.05,2016-01-25 00:00:00+08:00,6641.8938223938223938,7153.8073471676948962,-7.16,Software - Application,"Salesforce, Inc."
CRM,2 weeks,0.05,2016-02-08 00:00:00+08:00,5940.8395867319195215,6641.8938223938223938,-10.56,Software - Application,"Salesforce, Inc."
CRM,2 weeks,0.05,2016-02-22 00:00:00+08:00,6753.6920807805763558,5940.8395867319195215,13.68,Software - Application,"Salesforce, Inc."
CRM,2 weeks,0.05,2016-03-07 00:00:00+08:00,7147.9262357414448669,6753.6920807805763558,5.84,Software - Application,"Salesforce, Inc."
CRM,2 weeks,0.05,2016-05-16 00:00:00+08:00,8103.8295507179249653,7529.9458907605921388,7.62,Software - Application,"Salesforce, Inc."
CRM,2 weeks,0.05,2016-11-28 00:00:00+08:00,7104.3404408241494969,7526.7613365155131265,-5.61,Software - Application,"Salesforce, Inc."
CRM,2 weeks,0.05,2017-01-09 00:00:00+08:00,7507.0391108610016882,7078.6965865992414665,6.05,Software - Application,"Salesforce, Inc."
CRM,2 weeks,0.05,2018-01-08 00:00:00+08:00,10982.767316935256,10427.734056122449,5.32,Software - Application,"Salesforce, Inc."
CRM,2 weeks,0.05,2018-02-19 00:00:00+08:00,11652.474188790560,10896.729689440994,6.94,Software - Application,"Salesforce, Inc."
CRM,2 weeks,0.05,2018-03-05 00:00:00+08:00,12597.339476236663,11652.474188790560,8.11,Software - Application,"Salesforce, Inc."
CRM,2 weeks,0.05,2018-03-19 00:00:00+08:00,11907.246216978712,12597.339476236663,-5.48,Software - Application,"Salesforce, Inc."
CRM,2 weeks,0.05,2018-07-09 00:00:00+08:00,14586.073110893032,13690.100143884892,6.54,Software - Application,"Salesforce, Inc."
CRM,2 weeks,0.05,2018-10-15 00:00:00+08:00,14169.218053927315,15076.459262737732,-6.02,Software - Application,"Salesforce, Inc."
CRM,2 weeks,0.05,2018-11-12 00:00:00+08:00,12755.013676588898,13704.102637205987,-6.93,Software - Application,"Salesforce, Inc."
CRM,2 weeks,0.05,2018-11-26 00:00:00+08:00,13712.587246777164,12755.013676588898,7.51,Software - Application,"Salesforce, Inc."
CRM,2 weeks,0.05,2019-01-07 00:00:00+08:00,14698.663593380615,13236.607329842932,11.05,Software - Application,"Salesforce, Inc."
CRM,2 weeks,0.05,2019-02-04 00:00:00+08:00,15873.388106042513,14919.470852017937,6.39,Software - Application,"Salesforce, Inc."
CRM,2 weeks,0.05,2019-08-05 00:00:00+08:00,14238.726421717763,15628.936608187135,-8.90,Software - Application,"Salesforce, Inc."
CRM,2 weeks,0.05,2019-08-19 00:00:00+08:00,15132.399221630479,14238.726421717763,6.28,Software - Application,"Salesforce, Inc."
CRM,2 weeks,0.05,2019-10-28 00:00:00+08:00,15758.269325455441,14671.517053529133,7.41,Software - Application,"Salesforce, Inc."
CRM,2 weeks,0.05,2020-01-06 00:00:00+08:00,17923.574432892250,16428.017891997398,9.10,Software - Application,"Salesforce, Inc."
CRM,2 weeks,0.05,2020-03-02 00:00:00+08:00,15985.471723824665,18296.469470182941,-12.63,Software - Application,"Salesforce, Inc."
CRM,2 weeks,0.05,2020-03-16 00:00:00+08:00,14125.018123422803,15985.471723824665,-11.64,Software - Application,"Salesforce, Inc."
CRM,2 weeks,0.05,2020-04-13 00:00:00+08:00,15570.230054774946,14398.887231815803,8.13,Software - Application,"Salesforce, Inc."
CRM,2 weeks,0.05,2020-05-11 00:00:00+08:00,17470.880349964531,16244.146157472890,7.55,Software - Application,"Salesforce, Inc."
CRM,2 weeks,0.05,2020-08-17 00:00:00+08:00,23016.419445485200,19892.132891181528,15.71,Software - Application,"Salesforce, Inc."
CRM,2 weeks,0.05,2020-08-31 00:00:00+08:00,25907.926669780476,23016.419445485200,12.56,Software - Application,"Salesforce, Inc."
CRM,2 weeks,0.05,2020-09-14 00:00:00+08:00,24433.293162588612,25907.926669780476,-5.69,Software - Application,"Salesforce, Inc."
CRM,2 weeks,0.05,2020-10-26 00:00:00+08:00,24397.135423767326,25837.641098484848,-5.58,Software - Application,"Salesforce, Inc."
CRM,2 weeks,0.05,2020-11-23 00:00:00+08:00,23867.112625963248,25593.362803481448,-6.74,Software - Application,"Salesforce, Inc."
CRM,2 weeks,0.05,2020-12-07 00:00:00+08:00,22500.240444444444,23867.112625963248,-5.73,Software - Application,"Salesforce, Inc."
CRM,2 weeks,0.05,2021-02-08 00:00:00+08:00,24260.938707185166,23002.378079864061,5.47,Software - Application,"Salesforce, Inc."
CRM,2 weeks,0.05,2021-02-22 00:00:00+08:00,22238.354425389316,24260.938707185166,-8.34,Software - Application,"Salesforce, Inc."
CRM,2 weeks,0.05,2021-04-05 00:00:00+08:00,22675.035182998819,21171.575796838559,7.10,Software - Application,"Salesforce, Inc."
CRM,2 weeks,0.05,2021-05-03 00:00:00+08:00,21631.635485391140,23258.513500482160,-6.99,Software - Application,"Salesforce, Inc."
CRM,2 weeks,0.05,2021-08-23 00:00:00+08:00,26543.384779364741,24928.381575815282,6.48,Software - Application,"Salesforce, Inc."
CRM,2 weeks,0.05,2021-10-18 00:00:00+08:00,29377.237394451146,27831.274767247553,5.55,Software - Application,"Salesforce, Inc."
CRM,2 weeks,0.05,2021-11-29 00:00:00+08:00,26766.806319244973,29944.935017026107,-10.61,Software - Application,"Salesforce, Inc."
CRM,2 weeks,0.05,2021-12-13 00:00:00+08:00,25419.957622601279,26766.806319244973,-5.03,Software - Application,"Salesforce, Inc."
CRM,2 weeks,0.05,2022-01-10 00:00:00+08:00,22928.617341640706,24656.447307869305,-7.01,Software - Application,"Salesforce, Inc."
CRM,2 weeks,0.05,2022-03-21 00:00:00+08:00,21398.765568646309,20118.466028708134,6.36,Software - Application,"Salesforce, Inc."
CRM,2 weeks,0.05,2022-04-04 00:00:00+08:00,20080.736272439282,21398.765568646309,-6.16,Software - Application,"Salesforce, Inc."
CRM,2 weeks,0.05,2022-04-18 00:00:00+08:00,18005.400662251656,20080.736272439282,-10.33,Software - Application,"Salesforce, Inc."
CRM,2 weeks,0.05,2022-05-02 00:00:00+08:00,16978.728685821950,18005.400662251656,-5.70,Software - Application,"Salesforce, Inc."
CRM,2 weeks,0.05,2022-05-16 00:00:00+08:00,16006.590610328638,16978.728685821950,-5.73,Software - Application,"Salesforce, Inc."
CRM,2 weeks,0.05,2022-05-30 00:00:00+08:00,18126.421806421806,16006.590610328638,13.24,Software - Application,"Salesforce, Inc."
CRM,2 weeks,0.05,2022-06-13 00:00:00+08:00,16844.202300052274,18126.421806421806,-7.07,Software - Application,"Salesforce, Inc."
CRM,2 weeks,0.05,2022-07-25 00:00:00+08:00,18235.948587979725,17221.002669902913,5.89,Software - Application,"Salesforce, Inc."
CRM,2 weeks,0.05,2022-08-22 00:00:00+08:00,16564.575998282525,18758.557622614158,-11.70,Software - Application,"Salesforce, Inc."
CRM,2 weeks,0.05,2022-09-05 00:00:00+08:00,15691.478225367447,16564.575998282525,-5.27,Software - Application,"Salesforce, Inc."
CRM,2 weeks,0.05,2022-09-19 00:00:00+08:00,14878.058837485172,15691.478225367447,-5.18,Software - Application,"Salesforce, Inc."
CRM,2 weeks,0.05,2022-10-17 00:00:00+08:00,15809.418996995609,14827.607894736842,6.62,Software - Application,"Salesforce, Inc."
CRM,2 weeks,0.05,2022-11-28 00:00:00+08:00,14146.316175014849,15244.759977979631,-7.21,Software - Application,"Salesforce, Inc."
CRM,2 weeks,0.05,2022-12-12 00:00:00+08:00,13089.874707807387,14146.316175014849,-7.47,Software - Application,"Salesforce, Inc."
CRM,2 weeks,0.05,2023-01-09 00:00:00+08:00,14717.140897755611,13414.485975958786,9.71,Software - Application,"Salesforce, Inc."
CRM,2 weeks,0.05,2023-01-23 00:00:00+08:00,16382.158031649686,14717.140897755611,11.31,Software - Application,"Salesforce, Inc."
CRM,2 weeks,0.05,2023-03-06 00:00:00+08:00,18289.981651376147,17129.573735955056,6.77,Software - Application,"Salesforce, Inc."
CRM,2 weeks,0.05,2023-05-15 00:00:00+08:00,20919.926393520724,19832.672633643943,5.48,Software - Application,"Salesforce, Inc."
CRM,2 weeks,0.05,2023-07-10 00:00:00+08:00,22644.922413793103,21079.707740466705,7.43,Software - Application,"Salesforce, Inc."
CRM,2 weeks,0.05,2023-08-07 00:00:00+08:00,20978.786934372191,22296.524872603737,-5.91,Software - Application,"Salesforce, Inc."
CRM,2 weeks,0.05,2023-08-21 00:00:00+08:00,22175.444186046512,20978.786934372191,5.70,Software - Application,"Salesforce, Inc."
CRM,2 weeks,0.05,2023-09-18 00:00:00+08:00,20796.787546699875,22086.169714900484,-5.84,Software - Application,"Salesforce, Inc."
CRM,2 weeks,0.05,2023-11-13 00:00:00+08:00,22140.643965517241,20710.548907646475,6.91,Software - Application,"Salesforce, Inc."
CRM,2 weeks,0.05,2023-11-27 00:00:00+08:00,24457.902821981753,22140.643965517241,10.47,Software - Application,"Salesforce, Inc."
CRM,2 weeks,0.05,2023-12-11 00:00:00+08:00,26063.047495885257,24457.902821981753,6.56,Software - Application,"Salesforce, Inc."
CRM,2 weeks,0.05,2024-01-22 00:00:00+08:00,28243.582486695694,26871.995668651868,5.10,Software - Application,"Salesforce, Inc."
CRM,2 weeks,0.05,2024-02-19 00:00:00+08:00,30857.854609929078,28817.592153960030,7.08,Software - Application,"Salesforce, Inc."
CRM,2 weeks,0.05,2024-04-15 00:00:00+08:00,27492.053066037736,30060.635861376193,-8.54,Software - Application,"Salesforce, Inc."
CRM,2 weeks,0.05,2024-05-27 00:00:00+08:00,23855.432330827068,28185.356484939009,-15.36,Software - Application,"Salesforce, Inc."
CRM,2 weeks,0.05,2024-06-24 00:00:00+08:00,25223.085738782509,23629.312955254943,6.74,Software - Application,"Salesforce, Inc."
CRM,1 week,0.1,2016-02-08 00:00:00+08:00,5771.5659287776708373,6460.5452003727865797,-10.66,Software - Application,"Salesforce, Inc."
CRM,1 week,0.1,2020-03-09 00:00:00+08:00,14995.721925133690,17014.188050023159,-11.86,Software - Application,"Salesforce, Inc."
CRM,1 week,0.1,2020-03-16 00:00:00+08:00,13384.441743119266,14995.721925133690,-10.74,Software - Application,"Salesforce, Inc."
CRM,1 week,0.1,2020-03-23 00:00:00+08:00,14865.934373565856,13384.441743119266,11.07,Software - Application,"Salesforce, Inc."
CRM,1 week,0.1,2020-08-24 00:00:00+08:00,24710.195812807882,20384.177511961722,21.22,Software - Application,"Salesforce, Inc."
CRM,1 week,0.1,2022-05-30 00:00:00+08:00,17695.179830432842,16004.366806136681,10.56,Software - Application,"Salesforce, Inc."
CRM,1 week,0.1,2022-06-13 00:00:00+08:00,16511.445677300046,18589.263409961686,-11.18,Software - Application,"Salesforce, Inc."
CRM,1 week,0.1,2022-12-05 00:00:00+08:00,13269.778467908903,14949.365705614568,-11.24,Software - Application,"Salesforce, Inc."
CRM,1 week,0.1,2024-02-26 00:00:00+08:00,31579.475294117647,28651.460431654676,10.22,Software - Application,"Salesforce, Inc."
CRM,1 week,0.1,2024-05-27 00:00:00+08:00,23954.142105263158,28149.014250614251,-14.90,Software - Application,"Salesforce, Inc."
CRM,2 weeks,0.1,2014-10-27 00:00:00+08:00,6229.6580416032470827,5542.3171464330413016,12.40,Software - Application,"Salesforce, Inc."
CRM,2 weeks,0.1,2016-02-08 00:00:00+08:00,5940.8395867319195215,6641.8938223938223938,-10.56,Software - Application,"Salesforce, Inc."
CRM,2 weeks,0.1,2016-02-22 00:00:00+08:00,6753.6920807805763558,5940.8395867319195215,13.68,Software - Application,"Salesforce, Inc."
CRM,2 weeks,0.1,2019-01-07 00:00:00+08:00,14698.663593380615,13236.607329842932,11.05,Software - Application,"Salesforce, Inc."
CRM,2 weeks,0.1,2020-03-02 00:00:00+08:00,15985.471723824665,18296.469470182941,-12.63,Software - Application,"Salesforce, Inc."
CRM,2 weeks,0.1,2020-03-16 00:00:00+08:00,14125.018123422803,15985.471723824665,-11.64,Software - Application,"Salesforce, Inc."
CRM,2 weeks,0.1,2020-08-17 00:00:00+08:00,23016.419445485200,19892.132891181528,15.71,Software - Application,"Salesforce, Inc."
CRM,2 weeks,0.1,2020-08-31 00:00:00+08:00,25907.926669780476,23016.419445485200,12.56,Software - Application,"Salesforce, Inc."
CRM,2 weeks,0.1,2021-11-29 00:00:00+08:00,26766.806319244973,29944.935017026107,-10.61,Software - Application,"Salesforce, Inc."
CRM,2 weeks,0.1,2022-04-18 00:00:00+08:00,18005.400662251656,20080.736272439282,-10.33,Software - Application,"Salesforce, Inc."
CRM,2 weeks,0.1,2022-05-30 00:00:00+08:00,18126.421806421806,16006.590610328638,13.24,Software - Application,"Salesforce, Inc."
CRM,2 weeks,0.1,2022-08-22 00:00:00+08:00,16564.575998282525,18758.557622614158,-11.70,Software - Application,"Salesforce, Inc."
CRM,2 weeks,0.1,2023-01-23 00:00:00+08:00,16382.158031649686,14717.140897755611,11.31,Software - Application,"Salesforce, Inc."
CRM,2 weeks,0.1,2023-11-27 00:00:00+08:00,24457.902821981753,22140.643965517241,10.47,Software - Application,"Salesforce, Inc."
CRM,2 weeks,0.1,2024-05-27 00:00:00+08:00,23855.432330827068,28185.356484939009,-15.36,Software - Application,"Salesforce, Inc."
CRM,1 week,0.15,2020-08-24 00:00:00+08:00,24710.195812807882,20384.177511961722,21.22,Software - Application,"Salesforce, Inc."
CRM,2 weeks,0.15,2020-08-17 00:00:00+08:00,23016.419445485200,19892.132891181528,15.71,Software - Application,"Salesforce, Inc."
CRM,2 weeks,0.15,2024-05-27 00:00:00+08:00,23855.432330827068,28185.356484939009,-15.36,Software - Application,"Salesforce, Inc."
CVX,1 week,0.05,2014-12-08 00:00:00+08:00,10553.444903581267,11226.275647171620,-5.99,Oil & Gas Integrated,Chevron Corporation
CVX,1 week,0.05,2014-12-22 00:00:00+08:00,11300.731836195509,10561.951469278718,6.99,Oil & Gas Integrated,Chevron Corporation
CVX,1 week,0.05,2015-08-03 00:00:00+08:00,8505.3361188486536676,9117.8935866983372922,-6.72,Oil & Gas Integrated,Chevron Corporation
CVX,1 week,0.05,2015-08-17 00:00:00+08:00,8110.2247770999530737,8557.2348771266540643,-5.22,Oil & Gas Integrated,Chevron Corporation
CVX,1 week,0.05,2015-08-24 00:00:00+08:00,7468.1360000000000000,8110.2247770999530737,-7.92,Oil & Gas Integrated,Chevron Corporation
CVX,1 week,0.05,2015-08-31 00:00:00+08:00,7844.0460496613995485,7468.1360000000000000,5.03,Oil & Gas Integrated,Chevron Corporation
CVX,1 week,0.05,2015-10-05 00:00:00+08:00,8718.4794646977388094,7782.2846820809248555,12.03,Oil & Gas Integrated,Chevron Corporation
CVX,1 week,0.05,2015-11-02 00:00:00+08:00,9531.3454976303317536,8938.3542665388302972,6.63,Oil & Gas Integrated,Chevron Corporation
CVX,1 week,0.05,2016-01-04 00:00:00+08:00,8594.1054512957998213,9051.9175563463819692,-5.06,Oil & Gas Integrated,Chevron Corporation
CVX,1 week,0.05,2016-03-07 00:00:00+08:00,9187.1367640241075568,8610.5743243243243243,6.70,Oil & Gas Integrated,Chevron Corporation
CVX,1 week,0.05,2018-02-05 00:00:00+08:00,11458.700947225981,12536.621254681648,-8.60,Oil & Gas Integrated,Chevron Corporation
CVX,1 week,0.05,2018-11-05 00:00:00+08:00,11934.579050416055,11160.112230215827,6.94,Oil & Gas Integrated,Chevron Corporation
CVX,1 week,0.05,2018-12-17 00:00:00+08:00,10913.911012782694,11513.448717948718,-5.21,Oil & Gas Integrated,Chevron Corporation
CVX,1 week,0.05,2019-09-30 00:00:00+08:00,11484.807276302852,12249.818590704648,-6.25,Oil & Gas Integrated,Chevron Corporation
CVX,1 week,0.05,2020-02-24 00:00:00+08:00,9898.2371134020618557,10977.417391304348,-9.83,Oil & Gas Integrated,Chevron Corporation
CVX,1 week,0.05,2020-03-09 00:00:00+08:00,8055.8859087269815853,9558.5219981668194317,-15.72,Oil & Gas Integrated,Chevron Corporation
CVX,1 week,0.05,2020-03-16 00:00:00+08:00,6323.8479657387580300,8055.8859087269815853,-21.50,Oil & Gas Integrated,Chevron Corporation
CVX,1 week,0.05,2020-03-30 00:00:00+08:00,7272.8095052590572653,6619.7885345482156416,9.86,Oil & Gas Integrated,Chevron Corporation
CVX,1 week,0.05,2020-04-06 00:00:00+08:00,8288.4530712530712531,7272.8095052590572653,13.96,Oil & Gas Integrated,Chevron Corporation
CVX,1 week,0.05,2020-04-27 00:00:00+08:00,9085.9251156920488010,8466.6652035115722267,7.31,Oil & Gas Integrated,Chevron Corporation
CVX,1 week,0.05,2020-06-15 00:00:00+08:00,9221.0066964285714286,9732.0231309376290789,-5.25,Oil & Gas Integrated,Chevron Corporation
CVX,1 week,0.05,2020-09-21 00:00:00+08:00,7366.3330275229357798,7779.7994480220791168,-5.31,Oil & Gas Integrated,Chevron Corporation
CVX,1 week,0.05,2020-11-09 00:00:00+08:00,8133.8818565400843882,7206.2342342342342342,12.87,Oil & Gas Integrated,Chevron Corporation
CVX,1 week,0.05,2020-11-16 00:00:00+08:00,8629.9475945017182131,8133.8818565400843882,6.10,Oil & Gas Integrated,Chevron Corporation
CVX,1 week,0.05,2020-11-23 00:00:00+08:00,9224.6479444122756225,8629.9475945017182131,6.89,Oil & Gas Integrated,Chevron Corporation
CVX,1 week,0.05,2021-02-22 00:00:00+08:00,10071.591286307054,9501.9018554687500000,6.00,Oil & Gas Integrated,Chevron Corporation
CVX,1 week,0.05,2021-03-08 00:00:00+08:00,11066.594834885690,10464.459412780656,5.75,Oil & Gas Integrated,Chevron Corporation
CVX,1 week,0.05,2021-09-27 00:00:00+08:00,10320.770013268465,9739.3732615522655900,5.97,Oil & Gas Integrated,Chevron Corporation
CVX,1 week,0.05,2022-02-28 00:00:00+08:00,15146.089259796807,13566.872469635628,11.64,Oil & Gas Integrated,Chevron Corporation
CVX,1 week,0.05,2022-03-07 00:00:00+08:00,16706.524275118004,15146.089259796807,10.30,Oil & Gas Integrated,Chevron Corporation
CVX,1 week,0.05,2022-04-25 00:00:00+08:00,15783.157730116175,16972.904250350304,-7.01,Oil & Gas Integrated,Chevron Corporation
CVX,1 week,0.05,2022-06-13 00:00:00+08:00,16177.368278355174,17854.790996784566,-9.39,Oil & Gas Integrated,Chevron Corporation
CVX,1 week,0.05,2022-06-20 00:00:00+08:00,14799.522355507088,16177.368278355174,-8.52,Oil & Gas Integrated,Chevron Corporation
CVX,1 week,0.05,2022-07-25 00:00:00+08:00,15140.586725663717,14342.558236658933,5.56,Oil & Gas Integrated,Chevron Corporation
CVX,1 week,0.05,2022-09-26 00:00:00+08:00,14341.593142272262,15404.872676579926,-6.90,Oil & Gas Integrated,Chevron Corporation
CVX,1 week,0.05,2022-10-03 00:00:00+08:00,15752.724656927844,14341.593142272262,9.84,Oil & Gas Integrated,Chevron Corporation
CVX,1 week,0.05,2022-10-24 00:00:00+08:00,17697.047157338034,16661.985209923664,6.21,Oil & Gas Integrated,Chevron Corporation
CVX,1 week,0.05,2023-01-30 00:00:00+08:00,17197.891577060932,18184.865483234714,-5.43,Oil & Gas Integrated,Chevron Corporation
CVX,1 week,0.05,2023-03-13 00:00:00+08:00,15459.957842529448,16363.448202959831,-5.52,Oil & Gas Integrated,Chevron Corporation
CVX,1 week,0.05,2023-04-03 00:00:00+08:00,16920.027945205479,16036.329095354523,5.51,Oil & Gas Integrated,Chevron Corporation
CVX,1 week,0.05,2023-10-23 00:00:00+08:00,15544.687134502924,16766.937202664129,-7.29,Oil & Gas Integrated,Chevron Corporation
CVX,1 week,0.05,2023-10-30 00:00:00+08:00,14599.797670405522,15544.687134502924,-6.08,Oil & Gas Integrated,Chevron Corporation
CVX,2 weeks,0.05,2014-12-08 00:00:00+08:00,10557.763562386980,11341.259006550218,-6.91,Oil & Gas Integrated,Chevron Corporation
CVX,2 weeks,0.05,2014-12-22 00:00:00+08:00,11290.538125000000,10557.763562386980,6.94,Oil & Gas Integrated,Chevron Corporation
CVX,2 weeks,0.05,2015-01-05 00:00:00+08:00,10652.336996336996,11290.538125000000,-5.65,Oil & Gas Integrated,Chevron Corporation
CVX,2 weeks,0.05,2015-08-03 00:00:00+08:00,8531.0545667447306792,9207.1917411253320454,-7.34,Oil & Gas Integrated,Chevron Corporation
CVX,2 weeks,0.05,2015-08-17 00:00:00+08:00,7771.7958277851753218,8531.0545667447306792,-8.90,Oil & Gas Integrated,Chevron Corporation
CVX,2 weeks,0.05,2015-09-28 00:00:00+08:00,8260.4213999528635399,7739.8562378167641326,6.73,Oil & Gas Integrated,Chevron Corporation
CVX,2 weeks,0.05,2015-10-12 00:00:00+08:00,8984.8445520581113801,8260.4213999528635399,8.77,Oil & Gas Integrated,Chevron Corporation
CVX,2 weeks,0.05,2015-12-28 00:00:00+08:00,8594.1054512957998213,9075.7951920074929753,-5.31,Oil & Gas Integrated,Chevron Corporation
CVX,2 weeks,0.05,2016-01-11 00:00:00+08:00,8161.3936548223350254,8594.1054512957998213,-5.03,Oil & Gas Integrated,Chevron Corporation
CVX,2 weeks,0.05,2016-03-07 00:00:00+08:00,9346.5748068368063685,8596.3782051282051282,8.73,Oil & Gas Integrated,Chevron Corporation
CVX,2 weeks,0.05,2016-04-18 00:00:00+08:00,10143.677033492823,9569.2008246422507883,6.00,Oil & Gas Integrated,Chevron Corporation
CVX,2 weeks,0.05,2018-02-05 00:00:00+08:00,11375.922621864647,12831.437681159420,-11.34,Oil & Gas Integrated,Chevron Corporation
CVX,2 weeks,0.05,2018-04-16 00:00:00+08:00,12304.990568319226,11650.687686196624,5.62,Oil & Gas Integrated,Chevron Corporation
CVX,2 weeks,0.05,2018-10-15 00:00:00+08:00,11535.394878048780,12376.735821261969,-6.80,Oil & Gas Integrated,Chevron Corporation
CVX,2 weeks,0.05,2019-09-30 00:00:00+08:00,11444.184478056038,12328.986987478517,-7.18,Oil & Gas Integrated,Chevron Corporation
CVX,2 weeks,0.05,2020-01-20 00:00:00+08:00,11127.454545454545,11739.169982805208,-5.21,Oil & Gas Integrated,Chevron Corporation
CVX,2 weeks,0.05,2020-02-17 00:00:00+08:00,10362.307692307692,10956.804104032450,-5.43,Oil & Gas Integrated,Chevron Corporation
CVX,2 weeks,0.05,2020-03-02 00:00:00+08:00,8756.4739316239316239,10362.307692307692,-15.50,Oil & Gas Integrated,Chevron Corporation
CVX,2 weeks,0.05,2020-03-16 00:00:00+08:00,6480.7220768766351379,8756.4739316239316239,-25.99,Oil & Gas Integrated,Chevron Corporation
CVX,2 weeks,0.05,2020-03-30 00:00:00+08:00,7721.9261190786614515,6480.7220768766351379,19.15,Oil & Gas Integrated,Chevron Corporation
CVX,2 weeks,0.05,2020-04-13 00:00:00+08:00,8405.1819852941176471,7721.9261190786614515,8.85,Oil & Gas Integrated,Chevron Corporation
CVX,2 weeks,0.05,2020-04-27 00:00:00+08:00,9170.0008718395815170,8405.1819852941176471,9.10,Oil & Gas Integrated,Chevron Corporation
CVX,2 weeks,0.05,2020-06-22 00:00:00+08:00,8892.7822916666666667,9486.4370306801115640,-6.26,Oil & Gas Integrated,Chevron Corporation
CVX,2 weeks,0.05,2020-08-31 00:00:00+08:00,8140.7195618950585838,8634.9322462103812586,-5.72,Oil & Gas Integrated,Chevron Corporation
CVX,2 weeks,0.05,2020-09-14 00:00:00+08:00,7572.7813504823151125,8140.7195618950585838,-6.98,Oil & Gas Integrated,Chevron Corporation
CVX,2 weeks,0.05,2020-11-09 00:00:00+08:00,8379.6973180076628352,7046.1742036088215638,18.93,Oil & Gas Integrated,Chevron Corporation
CVX,2 weeks,0.05,2020-11-23 00:00:00+08:00,9093.0907242693773825,8379.6973180076628352,8.51,Oil & Gas Integrated,Chevron Corporation
CVX,2 weeks,0.05,2021-01-11 00:00:00+08:00,9319.0252652854977261,8868.7894273127753304,5.08,Oil & Gas Integrated,Chevron Corporation
CVX,2 weeks,0.05,2021-01-25 00:00:00+08:00,8844.5435656836461126,9319.0252652854977261,-5.09,Oil & Gas Integrated,Chevron Corporation
CVX,2 weeks,0.05,2021-02-08 00:00:00+08:00,9318.5800804352969009,8844.5435656836461126,5.36,Oil & Gas Integrated,Chevron Corporation
CVX,2 weeks,0.05,2021-02-22 00:00:00+08:00,10264.118281845112,9318.5800804352969009,10.15,Oil & Gas Integrated,Chevron Corporation
CVX,2 weeks,0.05,2021-03-08 00:00:00+08:00,10891.051456098095,10264.118281845112,6.11,Oil & Gas Integrated,Chevron Corporation
CVX,2 weeks,0.05,2021-10-04 00:00:00+08:00,10704.370949467482,10032.143429844098,6.70,Oil & Gas Integrated,Chevron Corporation
CVX,2 weeks,0.05,2021-10-18 00:00:00+08:00,11251.529145955716,10704.370949467482,5.11,Oil & Gas Integrated,Chevron Corporation
CVX,2 weeks,0.05,2022-01-10 00:00:00+08:00,12788.478324403312,12020.151704940849,6.39,Oil & Gas Integrated,Chevron Corporation
CVX,2 weeks,0.05,2022-02-21 00:00:00+08:00,14486.636094674556,13586.656550218341,6.62,Oil & Gas Integrated,Chevron Corporation
CVX,2 weeks,0.05,2022-03-07 00:00:00+08:00,16402.875876956287,14486.636094674556,13.23,Oil & Gas Integrated,Chevron Corporation
CVX,2 weeks,0.05,2022-05-16 00:00:00+08:00,17219.494486104985,16374.188009698038,5.16,Oil & Gas Integrated,Chevron Corporation
CVX,2 weeks,0.05,2022-06-13 00:00:00+08:00,15552.962688411169,17780.082232743583,-12.53,Oil & Gas Integrated,Chevron Corporation
CVX,2 weeks,0.05,2022-06-27 00:00:00+08:00,14487.659596217736,15552.962688411169,-6.85,Oil & Gas Integrated,Chevron Corporation
CVX,2 weeks,0.05,2022-07-25 00:00:00+08:00,15398.346284935242,14070.150666054203,9.44,Oil & Gas Integrated,Chevron Corporation
CVX,2 weeks,0.05,2022-09-19 00:00:00+08:00,14898.869702873843,15887.844654939107,-6.22,Oil & Gas Integrated,Chevron Corporation
CVX,2 weeks,0.05,2022-10-03 00:00:00+08:00,15854.130623430007,14898.869702873843,6.41,Oil & Gas Integrated,Chevron Corporation
CVX,2 weeks,0.05,2022-10-17 00:00:00+08:00,17200.027720504009,15854.130623430007,8.49,Oil & Gas Integrated,Chevron Corporation
CVX,2 weeks,0.05,2022-10-31 00:00:00+08:00,18266.164332399627,17200.027720504009,6.20,Oil & Gas Integrated,Chevron Corporation
CVX,2 weeks,0.05,2023-04-03 00:00:00+08:00,16980.889717223650,15828.327060505002,7.28,Oil & Gas Integrated,Chevron Corporation
CVX,2 weeks,0.05,2023-05-01 00:00:00+08:00,15913.134844868735,16920.198656429942,-5.95,Oil & Gas Integrated,Chevron Corporation
CVX,2 weeks,0.05,2023-10-30 00:00:00+08:00,14501.128524590164,16116.121663701068,-10.02,Oil & Gas Integrated,Chevron Corporation
CVX,1 week,0.1,2015-10-05 00:00:00+08:00,8718.4794646977388094,7782.2846820809248555,12.03,Oil & Gas Integrated,Chevron Corporation
CVX,1 week,0.1,2020-03-09 00:00:00+08:00,8055.8859087269815853,9558.5219981668194317,-15.72,Oil & Gas Integrated,Chevron Corporation
CVX,1 week,0.1,2020-03-16 00:00:00+08:00,6323.8479657387580300,8055.8859087269815853,-21.50,Oil & Gas Integrated,Chevron Corporation
CVX,1 week,0.1,2020-04-06 00:00:00+08:00,8288.4530712530712531,7272.8095052590572653,13.96,Oil & Gas Integrated,Chevron Corporation
CVX,1 week,0.1,2020-11-09 00:00:00+08:00,8133.8818565400843882,7206.2342342342342342,12.87,Oil & Gas Integrated,Chevron Corporation
CVX,1 week,0.1,2022-02-28 00:00:00+08:00,15146.089259796807,13566.872469635628,11.64,Oil & Gas Integrated,Chevron Corporation
CVX,1 week,0.1,2022-03-07 00:00:00+08:00,16706.524275118004,15146.089259796807,10.30,Oil & Gas Integrated,Chevron Corporation
CVX,2 weeks,0.1,2018-02-05 00:00:00+08:00,11375.922621864647,12831.437681159420,-11.34,Oil & Gas Integrated,Chevron Corporation
CVX,2 weeks,0.1,2020-03-02 00:00:00+08:00,8756.4739316239316239,10362.307692307692,-15.50,Oil & Gas Integrated,Chevron Corporation
CVX,2 weeks,0.1,2020-03-16 00:00:00+08:00,6480.7220768766351379,8756.4739316239316239,-25.99,Oil & Gas Integrated,Chevron Corporation
CVX,2 weeks,0.1,2020-03-30 00:00:00+08:00,7721.9261190786614515,6480.7220768766351379,19.15,Oil & Gas Integrated,Chevron Corporation
CVX,2 weeks,0.1,2020-11-09 00:00:00+08:00,8379.6973180076628352,7046.1742036088215638,18.93,Oil & Gas Integrated,Chevron Corporation
CVX,2 weeks,0.1,2021-02-22 00:00:00+08:00,10264.118281845112,9318.5800804352969009,10.15,Oil & Gas Integrated,Chevron Corporation
CVX,2 weeks,0.1,2022-03-07 00:00:00+08:00,16402.875876956287,14486.636094674556,13.23,Oil & Gas Integrated,Chevron Corporation
CVX,2 weeks,0.1,2022-06-13 00:00:00+08:00,15552.962688411169,17780.082232743583,-12.53,Oil & Gas Integrated,Chevron Corporation
CVX,2 weeks,0.1,2023-10-30 00:00:00+08:00,14501.128524590164,16116.121663701068,-10.02,Oil & Gas Integrated,Chevron Corporation
CVX,1 week,0.15,2020-03-09 00:00:00+08:00,8055.8859087269815853,9558.5219981668194317,-15.72,Oil & Gas Integrated,Chevron Corporation
CVX,1 week,0.15,2020-03-16 00:00:00+08:00,6323.8479657387580300,8055.8859087269815853,-21.50,Oil & Gas Integrated,Chevron Corporation
CVX,2 weeks,0.15,2020-03-02 00:00:00+08:00,8756.4739316239316239,10362.307692307692,-15.50,Oil & Gas Integrated,Chevron Corporation
CVX,2 weeks,0.15,2020-03-16 00:00:00+08:00,6480.7220768766351379,8756.4739316239316239,-25.99,Oil & Gas Integrated,Chevron Corporation
CVX,2 weeks,0.15,2020-03-30 00:00:00+08:00,7721.9261190786614515,6480.7220768766351379,19.15,Oil & Gas Integrated,Chevron Corporation
CVX,2 weeks,0.15,2020-11-09 00:00:00+08:00,8379.6973180076628352,7046.1742036088215638,18.93,Oil & Gas Integrated,Chevron Corporation
GOOG,1 week,0.05,2014-03-31 00:00:00+08:00,88675.716438356164,114237.283404660010,-22.38,Internet Content & Information,Alphabet Inc.
GOOG,1 week,0.05,2014-04-07 00:00:00+08:00,54572.680926916221,88675.716438356164,-38.46,Internet Content & Information,Alphabet Inc.
GOOG,1 week,0.05,2014-10-13 00:00:00+08:00,52814.628400000000,56545.521016617791,-6.60,Internet Content & Information,Alphabet Inc.
GOOG,1 week,0.05,2015-07-13 00:00:00+08:00,59045.152155887231,52295.914181057038,12.91,Internet Content & Information,Alphabet Inc.
GOOG,1 week,0.05,2015-07-20 00:00:00+08:00,65547.378453038674,59045.152155887231,11.01,Internet Content & Information,Alphabet Inc.
GOOG,1 week,0.05,2015-08-24 00:00:00+08:00,61372.438618925831,64983.561448240694,-5.56,Internet Content & Information,Alphabet Inc.
GOOG,1 week,0.05,2015-10-05 00:00:00+08:00,63878.919715447154,60493.833904948555,5.60,Internet Content & Information,Alphabet Inc.
GOOG,1 week,0.05,2015-10-26 00:00:00+08:00,71207.223365928976,67242.369486948695,5.90,Internet Content & Information,Alphabet Inc.
GOOG,1 week,0.05,2016-02-08 00:00:00+08:00,68099.810958904110,74008.495662460568,-7.98,Internet Content & Information,Alphabet Inc.
GOOG,1 week,0.05,2016-04-25 00:00:00+08:00,70588.764425369576,74651.887449754355,-5.44,Internet Content & Information,Alphabet Inc.
GOOG,1 week,0.05,2018-02-05 00:00:00+08:00,105144.312667261374,115762.504895104895,-9.17,Internet Content & Information,Alphabet Inc.
GOOG,1 week,0.05,2018-03-19 00:00:00+08:00,108015.217929668153,115247.867617107943,-6.28,Internet Content & Information,Alphabet Inc.
GOOG,1 week,0.05,2018-10-08 00:00:00+08:00,111645.600691016782,118513.122198505870,-5.79,Internet Content & Information,Alphabet Inc.
GOOG,1 week,0.05,2019-04-29 00:00:00+08:00,119584.356571936057,125905.428334255672,-5.02,Internet Content & Information,Alphabet Inc.
GOOG,1 week,0.05,2019-06-03 00:00:00+08:00,104569.693917274939,112023.947854785479,-6.65,Internet Content & Information,Alphabet Inc.
GOOG,1 week,0.05,2020-02-24 00:00:00+08:00,137493.804029304029,151508.802275960171,-9.25,Internet Content & Information,Alphabet Inc.
GOOG,1 week,0.05,2020-03-09 00:00:00+08:00,119710.133487297921,133946.079241614001,-10.63,Internet Content & Information,Alphabet Inc.
GOOG,1 week,0.05,2020-03-16 00:00:00+08:00,110245.975494816211,119710.133487297921,-7.91,Internet Content & Information,Alphabet Inc.
GOOG,1 week,0.05,2020-04-06 00:00:00+08:00,119442.823493609251,112363.569715142429,6.30,Internet Content & Information,Alphabet Inc.
GOOG,1 week,0.05,2020-07-06 00:00:00+08:00,150330.853200883002,141909.519230769231,5.93,Internet Content & Information,Alphabet Inc.
GOOG,1 week,0.05,2020-09-07 00:00:00+08:00,154563.543103448276,164383.668062827225,-5.97,Internet Content & Information,Alphabet Inc.
GOOG,1 week,0.05,2020-09-21 00:00:00+08:00,143470.621047174702,151460.033475026567,-5.27,Internet Content & Information,Alphabet Inc.
GOOG,1 week,0.05,2020-10-12 00:00:00+08:00,156877.182801235839,147799.790305010893,6.14,Internet Content & Information,Alphabet Inc.
GOOG,1 week,0.05,2020-11-02 00:00:00+08:00,171192.634842519685,159000.034922133082,7.67,Internet Content & Information,Alphabet Inc.
GOOG,1 week,0.05,2021-01-18 00:00:00+08:00,186560.560432569975,175414.390791690062,6.35,Internet Content & Information,Alphabet Inc.
GOOG,1 week,0.05,2021-02-01 00:00:00+08:00,201573.748238609676,187137.571501014199,7.71,Internet Content & Information,Alphabet Inc.
GOOG,1 week,0.05,2021-04-05 00:00:00+08:00,224302.858111927643,207575.321126760563,8.06,Internet Content & Information,Alphabet Inc.
GOOG,1 week,0.05,2022-01-31 00:00:00+08:00,285014.932815356490,258681.761444557477,10.18,Internet Content & Information,Alphabet Inc.
GOOG,1 week,0.05,2022-03-21 00:00:00+08:00,278390.079184163167,263273.837644468905,5.74,Internet Content & Information,Alphabet Inc.
GOOG,1 week,0.05,2022-04-11 00:00:00+08:00,259212.459207459207,277495.459259259259,-6.59,Internet Content & Information,Alphabet Inc.
GOOG,1 week,0.05,2022-04-25 00:00:00+08:00,236306.304950495050,253516.299937772246,-6.79,Internet Content & Information,Alphabet Inc.
GOOG,1 week,0.05,2022-05-30 00:00:00+08:00,230232.456926257753,216323.294302143231,6.43,Internet Content & Information,Alphabet Inc.
GOOG,1 week,0.05,2022-06-13 00:00:00+08:00,215746.150270270270,232275.287765651924,-7.12,Internet Content & Information,Alphabet Inc.
GOOG,1 week,0.05,2022-06-20 00:00:00+08:00,226945.093471810089,215746.150270270270,5.19,Internet Content & Information,Alphabet Inc.
GOOG,1 week,0.05,2022-07-18 00:00:00+08:00,11274.104226247220,227922.562295081967,-95.05,Internet Content & Information,Alphabet Inc.
GOOG,1 week,0.05,2022-08-01 00:00:00+08:00,11722.972840437571,11110.741379310345,5.51,Internet Content & Information,Alphabet Inc.
GOOG,1 week,0.05,2022-08-22 00:00:00+08:00,11494.378420641126,12102.837904216128,-5.03,Internet Content & Information,Alphabet Inc.
GOOG,1 week,0.05,2022-10-31 00:00:00+08:00,8932.2649952396064741,9761.1798071469086784,-8.49,Internet Content & Information,Alphabet Inc.
GOOG,1 week,0.05,2022-11-14 00:00:00+08:00,9796.2950458715596330,9093.8906085121350686,7.72,Internet Content & Information,Alphabet Inc.
GOOG,1 week,0.05,2023-01-23 00:00:00+08:00,9902.2695682695682696,9405.1952069716775599,5.29,Internet Content & Information,Alphabet Inc.
GOOG,1 week,0.05,2023-02-13 00:00:00+08:00,9523.3186778921110072,10029.742442205098,-5.05,Internet Content & Information,Alphabet Inc.
GOOG,1 week,0.05,2023-03-20 00:00:00+08:00,10462.668785547006,9782.9925373134328358,6.95,Internet Content & Information,Alphabet Inc.
GOOG,1 week,0.05,2023-05-08 00:00:00+08:00,11231.074208443272,10640.355219476208,5.55,Internet Content & Information,Alphabet Inc.
GOOG,1 week,0.05,2023-05-15 00:00:00+08:00,12082.286233080224,11231.074208443272,7.58,Internet Content & Information,Alphabet Inc.
GOOG,1 week,0.05,2023-10-23 00:00:00+08:00,12979.567022196598,13958.210667689946,-7.01,Internet Content & Information,Alphabet Inc.
GOOG,1 week,0.05,2024-03-18 00:00:00+08:00,14923.968501326260,14097.322923816060,5.86,Internet Content & Information,Alphabet Inc.
GOOG,1 week,0.05,2024-04-29 00:00:00+08:00,16729.157142857143,15891.798809523810,5.27,Internet Content & Information,Alphabet Inc.
GOOG,1 week,0.05,2024-07-01 00:00:00+08:00,18696.059400230681,17745.816823899371,5.35,Internet Content & Information,Alphabet Inc.
GOOG,2 weeks,0.05,2014-03-31 00:00:00+08:00,71416.534731619305,116996.293989335919,-38.96,Internet Content & Information,Alphabet Inc.
GOOG,2 weeks,0.05,2014-04-14 00:00:00+08:00,53267.157409653165,71416.534731619305,-25.41,Internet Content & Information,Alphabet Inc.
GOOG,2 weeks,0.05,2014-10-13 00:00:00+08:00,52950.713601741023,56919.636202531646,-6.97,Internet Content & Information,Alphabet Inc.
GOOG,2 weeks,0.05,2015-01-05 00:00:00+08:00,50177.147937762410,52904.211647727273,-5.15,Internet Content & Information,Alphabet Inc.
GOOG,2 weeks,0.05,2015-07-06 00:00:00+08:00,56061.623640990053,53096.450479233227,5.58,Internet Content & Information,Alphabet Inc.
GOOG,2 weeks,0.05,2015-07-20 00:00:00+08:00,64287.090595765633,56061.623640990053,14.67,Internet Content & Information,Alphabet Inc.
GOOG,2 weeks,0.05,2015-10-12 00:00:00+08:00,66398.819086935406,62155.557246196059,6.83,Internet Content & Information,Alphabet Inc.
GOOG,2 weeks,0.05,2015-10-26 00:00:00+08:00,71879.820744956027,66398.819086935406,8.25,Internet Content & Information,Alphabet Inc.
GOOG,2 weeks,0.05,2016-02-08 00:00:00+08:00,68877.257022840641,73175.162323793251,-5.87,Internet Content & Information,Alphabet Inc.
GOOG,2 weeks,0.05,2016-07-11 00:00:00+08:00,72801.063457918795,68871.207013574661,5.71,Internet Content & Information,Alphabet Inc.
GOOG,2 weeks,0.05,2017-05-01 00:00:00+08:00,92588.903920061491,86082.980645161290,7.56,Internet Content & Information,Alphabet Inc.
GOOG,2 weeks,0.05,2018-02-05 00:00:00+08:00,106025.940333568241,116148.305870744943,-8.72,Internet Content & Information,Alphabet Inc.
GOOG,2 weeks,0.05,2018-03-19 00:00:00+08:00,105587.824163969795,113155.551838610827,-6.69,Internet Content & Information,Alphabet Inc.
GOOG,2 weeks,0.05,2018-07-09 00:00:00+08:00,117909.044469462426,112063.532800000000,5.22,Internet Content & Information,Alphabet Inc.
GOOG,2 weeks,0.05,2019-04-29 00:00:00+08:00,118344.138450502152,124595.941502463054,-5.02,Internet Content & Information,Alphabet Inc.
GOOG,2 weeks,0.05,2019-05-27 00:00:00+08:00,107733.053781512605,114875.662747194014,-6.22,Internet Content & Information,Alphabet Inc.
GOOG,2 weeks,0.05,2020-01-06 00:00:00+08:00,142607.646753246753,135045.675382139984,5.60,Internet Content & Information,Alphabet Inc.
GOOG,2 weeks,0.05,2020-03-02 00:00:00+08:00,126646.026527711985,142982.686350974930,-11.43,Internet Content & Information,Alphabet Inc.
GOOG,2 weeks,0.05,2020-03-16 00:00:00+08:00,110327.168782322520,126646.026527711985,-12.89,Internet Content & Information,Alphabet Inc.
GOOG,2 weeks,0.05,2020-04-13 00:00:00+08:00,125676.469509172038,115555.450603732162,8.76,Internet Content & Information,Alphabet Inc.
GOOG,2 weeks,0.05,2020-04-27 00:00:00+08:00,133112.269953624603,125676.469509172038,5.92,Internet Content & Information,Alphabet Inc.
GOOG,2 weeks,0.05,2020-07-06 00:00:00+08:00,151015.058520726090,142733.989262913523,5.80,Internet Content & Information,Alphabet Inc.
GOOG,2 weeks,0.05,2020-08-17 00:00:00+08:00,158970.567770665182,149189.461204557786,6.56,Internet Content & Information,Alphabet Inc.
GOOG,2 weeks,0.05,2020-09-14 00:00:00+08:00,147416.061663605353,160051.090988882387,-7.89,Internet Content & Information,Alphabet Inc.
GOOG,2 weeks,0.05,2020-10-12 00:00:00+08:00,157885.205775234131,147554.055058312992,7.00,Internet Content & Information,Alphabet Inc.
GOOG,2 weeks,0.05,2020-11-09 00:00:00+08:00,176332.597518753606,164968.563719585642,6.89,Internet Content & Information,Alphabet Inc.
GOOG,2 weeks,0.05,2021-01-25 00:00:00+08:00,194631.992440868081,180640.092752758724,7.75,Internet Content & Information,Alphabet Inc.
GOOG,2 weeks,0.05,2021-02-08 00:00:00+08:00,210538.055609756098,194631.992440868081,8.17,Internet Content & Information,Alphabet Inc.
GOOG,2 weeks,0.05,2021-04-05 00:00:00+08:00,225827.625749357693,205935.519006744329,9.66,Internet Content & Information,Alphabet Inc.
GOOG,2 weeks,0.05,2022-03-21 00:00:00+08:00,280866.140668096843,262271.561711464619,7.09,Internet Content & Information,Alphabet Inc.
GOOG,2 weeks,0.05,2022-04-18 00:00:00+08:00,243931.466776950648,268572.356844899507,-9.17,Internet Content & Information,Alphabet Inc.
GOOG,2 weeks,0.05,2022-05-02 00:00:00+08:00,231490.577080491132,243931.466776950648,-5.10,Internet Content & Information,Alphabet Inc.
GOOG,2 weeks,0.05,2022-07-11 00:00:00+08:00,90933.874824191280,227669.544510852469,-60.06,Internet Content & Information,Alphabet Inc.
GOOG,2 weeks,0.05,2022-07-25 00:00:00+08:00,11383.198254154776,90933.874824191280,-87.48,Internet Content & Information,Alphabet Inc.
GOOG,2 weeks,0.05,2022-08-08 00:00:00+08:00,12038.521454112038,11383.198254154776,5.76,Internet Content & Information,Alphabet Inc.
GOOG,2 weeks,0.05,2022-08-22 00:00:00+08:00,11242.007962085308,12038.521454112038,-6.62,Internet Content & Information,Alphabet Inc.
GOOG,2 weeks,0.05,2022-09-19 00:00:00+08:00,10005.128500191791,10758.843597883598,-7.01,Internet Content & Information,Alphabet Inc.
GOOG,2 weeks,0.05,2022-10-31 00:00:00+08:00,9008.9252585919252586,9908.0164996144949884,-9.07,Internet Content & Information,Alphabet Inc.
GOOG,2 weeks,0.05,2022-11-14 00:00:00+08:00,9769.4158083296014330,9008.9252585919252586,8.44,Internet Content & Information,Alphabet Inc.
GOOG,2 weeks,0.05,2022-12-12 00:00:00+08:00,9152.7251111540692055,9745.1877526273241714,-6.08,Internet Content & Information,Alphabet Inc.
GOOG,2 weeks,0.05,2023-01-23 00:00:00+08:00,10086.995230263158,9222.5063855665923373,9.37,Internet Content & Information,Alphabet Inc.
GOOG,2 weeks,0.05,2023-02-20 00:00:00+08:00,9118.3885758694385079,9782.9560857012612065,-6.79,Internet Content & Information,Alphabet Inc.
GOOG,2 weeks,0.05,2023-03-06 00:00:00+08:00,9600.6439914163090129,9118.3885758694385079,5.29,Internet Content & Information,Alphabet Inc.
GOOG,2 weeks,0.05,2023-03-20 00:00:00+08:00,10427.527184466019,9600.6439914163090129,8.61,Internet Content & Information,Alphabet Inc.
GOOG,2 weeks,0.05,2023-05-15 00:00:00+08:00,12258.025765678172,10952.223576527947,11.92,Internet Content & Information,Alphabet Inc.
GOOG,2 weeks,0.05,2023-07-24 00:00:00+08:00,12929.146962870903,12185.533119838193,6.10,Internet Content & Information,Alphabet Inc.
GOOG,2 weeks,0.05,2023-11-13 00:00:00+08:00,13705.825471698113,12963.882829771555,5.72,Internet Content & Information,Alphabet Inc.
GOOG,2 weeks,0.05,2024-03-18 00:00:00+08:00,14937.367755222124,13758.617861885790,8.57,Internet Content & Information,Alphabet Inc.
GOOG,2 weeks,0.05,2024-04-29 00:00:00+08:00,16932.418549905838,15779.304210049796,7.31,Internet Content & Information,Alphabet Inc.
GOOG,2 weeks,0.05,2024-06-24 00:00:00+08:00,18696.059400230681,17745.816823899371,5.35,Internet Content & Information,Alphabet Inc.
GOOG,2 weeks,0.05,2024-07-22 00:00:00+08:00,17675.998464844949,18677.605510081853,-5.36,Internet Content & Information,Alphabet Inc.
GOOG,1 week,0.1,2014-03-31 00:00:00+08:00,88675.716438356164,114237.283404660010,-22.38,Internet Content & Information,Alphabet Inc.
GOOG,1 week,0.1,2014-04-07 00:00:00+08:00,54572.680926916221,88675.716438356164,-38.46,Internet Content & Information,Alphabet Inc.
GOOG,1 week,0.1,2015-07-13 00:00:00+08:00,59045.152155887231,52295.914181057038,12.91,Internet Content & Information,Alphabet Inc.
GOOG,1 week,0.1,2015-07-20 00:00:00+08:00,65547.378453038674,59045.152155887231,11.01,Internet Content & Information,Alphabet Inc.
GOOG,1 week,0.1,2020-03-09 00:00:00+08:00,119710.133487297921,133946.079241614001,-10.63,Internet Content & Information,Alphabet Inc.
GOOG,1 week,0.1,2022-01-31 00:00:00+08:00,285014.932815356490,258681.761444557477,10.18,Internet Content & Information,Alphabet Inc.
GOOG,1 week,0.1,2022-07-18 00:00:00+08:00,11274.104226247220,227922.562295081967,-95.05,Internet Content & Information,Alphabet Inc.
GOOG,2 weeks,0.1,2014-03-31 00:00:00+08:00,71416.534731619305,116996.293989335919,-38.96,Internet Content & Information,Alphabet Inc.
GOOG,2 weeks,0.1,2014-04-14 00:00:00+08:00,53267.157409653165,71416.534731619305,-25.41,Internet Content & Information,Alphabet Inc.
GOOG,2 weeks,0.1,2015-07-20 00:00:00+08:00,64287.090595765633,56061.623640990053,14.67,Internet Content & Information,Alphabet Inc.
GOOG,2 weeks,0.1,2020-03-02 00:00:00+08:00,126646.026527711985,142982.686350974930,-11.43,Internet Content & Information,Alphabet Inc.
GOOG,2 weeks,0.1,2020-03-16 00:00:00+08:00,110327.168782322520,126646.026527711985,-12.89,Internet Content & Information,Alphabet Inc.
GOOG,2 weeks,0.1,2022-07-11 00:00:00+08:00,90933.874824191280,227669.544510852469,-60.06,Internet Content & Information,Alphabet Inc.
GOOG,2 weeks,0.1,2022-07-25 00:00:00+08:00,11383.198254154776,90933.874824191280,-87.48,Internet Content & Information,Alphabet Inc.
GOOG,2 weeks,0.1,2023-05-15 00:00:00+08:00,12258.025765678172,10952.223576527947,11.92,Internet Content & Information,Alphabet Inc.
GOOG,1 week,0.15,2014-03-31 00:00:00+08:00,88675.716438356164,114237.283404660010,-22.38,Internet Content & Information,Alphabet Inc.
GOOG,1 week,0.15,2014-04-07 00:00:00+08:00,54572.680926916221,88675.716438356164,-38.46,Internet Content & Information,Alphabet Inc.
GOOG,1 week,0.15,2022-07-18 00:00:00+08:00,11274.104226247220,227922.562295081967,-95.05,Internet Content & Information,Alphabet Inc.
GOOG,2 weeks,0.15,2014-03-31 00:00:00+08:00,71416.534731619305,116996.293989335919,-38.96,Internet Content & Information,Alphabet Inc.
GOOG,2 weeks,0.15,2014-04-14 00:00:00+08:00,53267.157409653165,71416.534731619305,-25.41,Internet Content & Information,Alphabet Inc.
GOOG,2 weeks,0.15,2022-07-11 00:00:00+08:00,90933.874824191280,227669.544510852469,-60.06,Internet Content & Information,Alphabet Inc.
GOOG,2 weeks,0.15,2022-07-25 00:00:00+08:00,11383.198254154776,90933.874824191280,-87.48,Internet Content & Information,Alphabet Inc.
GOOGL,1 week,0.05,2014-10-13 00:00:00+08:00,53943.904219409283,57598.540540540541,-6.35,Internet Content & Information,Alphabet Inc.
GOOGL,1 week,0.05,2015-03-02 00:00:00+08:00,57575.418925831202,54818.182907764461,5.03,Internet Content & Information,Alphabet Inc.
GOOGL,1 week,0.05,2015-07-13 00:00:00+08:00,61633.192515592516,54760.648079957917,12.55,Internet Content & Information,Alphabet Inc.
GOOGL,1 week,0.05,2015-07-20 00:00:00+08:00,68775.759074410163,61633.192515592516,11.59,Internet Content & Information,Alphabet Inc.
GOOGL,1 week,0.05,2015-08-24 00:00:00+08:00,64447.896551724138,68263.968766001024,-5.59,Internet Content & Information,Alphabet Inc.
GOOGL,1 week,0.05,2015-10-05 00:00:00+08:00,66650.680244399185,63472.050000000000,5.01,Internet Content & Information,Alphabet Inc.
GOOGL,1 week,0.05,2016-02-08 00:00:00+08:00,70292.844576116682,75949.219512195122,-7.45,Internet Content & Information,Alphabet Inc.
GOOGL,1 week,0.05,2016-04-25 00:00:00+08:00,72320.025286259542,76693.591444783937,-5.70,Internet Content & Information,Alphabet Inc.
GOOGL,1 week,0.05,2017-05-01 00:00:00+08:00,94335.422478675364,89657.446808510638,5.22,Internet Content & Information,Alphabet Inc.
GOOGL,1 week,0.05,2018-02-05 00:00:00+08:00,105657.319261213720,116778.353233830846,-9.52,Internet Content & Information,Alphabet Inc.
GOOGL,1 week,0.05,2018-03-19 00:00:00+08:00,108152.982642237223,115320.581929555896,-6.22,Internet Content & Information,Alphabet Inc.
GOOGL,1 week,0.05,2018-10-08 00:00:00+08:00,112590.489886531820,119503.823619631902,-5.79,Internet Content & Information,Alphabet Inc.
GOOGL,1 week,0.05,2019-04-29 00:00:00+08:00,120143.096318493151,126468.753804347826,-5.00,Internet Content & Information,Alphabet Inc.
GOOGL,1 week,0.05,2019-06-03 00:00:00+08:00,104847.022639691715,112366.695622435021,-6.69,Internet Content & Information,Alphabet Inc.
GOOGL,1 week,0.05,2020-02-24 00:00:00+08:00,137356.723853211009,151347.612949640288,-9.24,Internet Content & Information,Alphabet Inc.
GOOGL,1 week,0.05,2020-03-09 00:00:00+08:00,119426.543158861341,133625.359636537542,-10.63,Internet Content & Information,Alphabet Inc.
GOOGL,1 week,0.05,2020-03-16 00:00:00+08:00,109869.471804511278,119426.543158861341,-8.00,Internet Content & Information,Alphabet Inc.
GOOGL,1 week,0.05,2020-04-06 00:00:00+08:00,119010.450992182802,112187.702252693438,6.08,Internet Content & Information,Alphabet Inc.
GOOGL,1 week,0.05,2020-07-06 00:00:00+08:00,150807.172727272727,142320.794746487477,5.96,Internet Content & Information,Alphabet Inc.
GOOGL,1 week,0.05,2020-09-07 00:00:00+08:00,153715.145952836201,163685.223880597015,-6.09,Internet Content & Information,Alphabet Inc.
GOOGL,1 week,0.05,2020-09-21 00:00:00+08:00,142991.376603386352,150684.424672489083,-5.11,Internet Content & Information,Alphabet Inc.
GOOGL,1 week,0.05,2020-10-12 00:00:00+08:00,156456.450604838710,147523.448313384113,6.06,Internet Content & Information,Alphabet Inc.
GOOGL,1 week,0.05,2020-11-02 00:00:00+08:00,171111.758291457286,158604.985368084134,7.89,Internet Content & Information,Alphabet Inc.
GOOGL,1 week,0.05,2021-01-18 00:00:00+08:00,185990.926859250154,174607.117127071823,6.52,Internet Content & Information,Alphabet Inc.
GOOGL,1 week,0.05,2021-02-01 00:00:00+08:00,200524.360715924736,186208.032755298651,7.69,Internet Content & Information,Alphabet Inc.
GOOGL,1 week,0.05,2021-04-05 00:00:00+08:00,223044.691151919866,206845.555398729711,7.83,Internet Content & Information,Alphabet Inc.
GOOGL,1 week,0.05,2021-07-26 00:00:00+08:00,269358.914158855451,255468.913353115727,5.44,Internet Content & Information,Alphabet Inc.
GOOGL,1 week,0.05,2022-01-31 00:00:00+08:00,285734.219313304721,258704.098784194529,10.45,Internet Content & Information,Alphabet Inc.
GOOGL,1 week,0.05,2022-03-21 00:00:00+08:00,278151.340000000000,262021.207494407159,6.16,Internet Content & Information,Alphabet Inc.
GOOGL,1 week,0.05,2022-04-11 00:00:00+08:00,258001.630610743194,276484.582424631174,-6.68,Internet Content & Information,Alphabet Inc.
GOOGL,1 week,0.05,2022-04-25 00:00:00+08:00,234764.034007352941,252803.920023696682,-7.14,Internet Content & Information,Alphabet Inc.
GOOGL,1 week,0.05,2022-05-30 00:00:00+08:00,229739.193319118692,215850.172147995889,6.43,Internet Content & Information,Alphabet Inc.
GOOGL,1 week,0.05,2022-06-13 00:00:00+08:00,214570.214059196617,231765.739904988124,-7.42,Internet Content & Information,Alphabet Inc.
GOOGL,1 week,0.05,2022-06-20 00:00:00+08:00,226073.244491826581,214570.214059196617,5.36,Internet Content & Information,Alphabet Inc.
GOOGL,1 week,0.05,2022-07-18 00:00:00+08:00,11187.702763047725,225959.860874200426,-95.05,Internet Content & Information,Alphabet Inc.
GOOGL,1 week,0.05,2022-08-01 00:00:00+08:00,11653.671378091873,11066.155844155844,5.31,Internet Content & Information,Alphabet Inc.
GOOGL,1 week,0.05,2022-08-22 00:00:00+08:00,11401.176241134752,12022.564323111444,-5.17,Internet Content & Information,Alphabet Inc.
GOOGL,1 week,0.05,2022-10-31 00:00:00+08:00,8901.9030192131747484,9746.5268788446108585,-8.67,Internet Content & Information,Alphabet Inc.
GOOGL,1 week,0.05,2022-11-14 00:00:00+08:00,9769.8156744029599731,9072.0304975922953451,7.69,Internet Content & Information,Alphabet Inc.
GOOGL,1 week,0.05,2023-02-13 00:00:00+08:00,9497.1011651037226485,10011.159796573876,-5.13,Internet Content & Information,Alphabet Inc.
GOOGL,1 week,0.05,2023-03-20 00:00:00+08:00,10374.559855985599,9726.8344481605351171,6.66,Internet Content & Information,Alphabet Inc.
GOOGL,1 week,0.05,2023-05-08 00:00:00+08:00,11187.232550957381,10575.039090262971,5.79,Internet Content & Information,Alphabet Inc.
GOOGL,1 week,0.05,2023-05-15 00:00:00+08:00,12025.010322580645,11187.232550957381,7.49,Internet Content & Information,Alphabet Inc.
GOOGL,1 week,0.05,2023-10-23 00:00:00+08:00,12857.184512161029,13830.405561993048,-7.04,Internet Content & Information,Alphabet Inc.
GOOGL,1 week,0.05,2024-03-18 00:00:00+08:00,14825.737328657953,13991.705439616832,5.96,Internet Content & Information,Alphabet Inc.
GOOGL,2 weeks,0.05,2014-10-13 00:00:00+08:00,54056.111656989728,57992.307672634271,-6.79,Internet Content & Information,Alphabet Inc.
GOOGL,2 weeks,0.05,2015-01-05 00:00:00+08:00,50586.402107326636,53554.433424845573,-5.54,Internet Content & Information,Alphabet Inc.
GOOGL,2 weeks,0.05,2015-07-06 00:00:00+08:00,58599.122155132373,55245.935342305442,6.07,Internet Content & Information,Alphabet Inc.
GOOGL,2 weeks,0.05,2015-07-20 00:00:00+08:00,67445.316546762590,58599.122155132373,15.10,Internet Content & Information,Alphabet Inc.
GOOGL,2 weeks,0.05,2015-10-12 00:00:00+08:00,69306.782142857143,65031.198301698302,6.57,Internet Content & Information,Alphabet Inc.
GOOGL,2 weeks,0.05,2015-10-26 00:00:00+08:00,74386.151377306040,69306.782142857143,7.33,Internet Content & Information,Alphabet Inc.
GOOGL,2 weeks,0.05,2016-02-08 00:00:00+08:00,71085.427241287576,75112.390191439019,-5.36,Internet Content & Information,Alphabet Inc.
GOOGL,2 weeks,0.05,2016-07-11 00:00:00+08:00,74313.589295466958,70000.449652777778,6.16,Internet Content & Information,Alphabet Inc.
GOOGL,2 weeks,0.05,2016-07-25 00:00:00+08:00,78485.579280155642,74313.589295466958,5.61,Internet Content & Information,Alphabet Inc.
GOOGL,2 weeks,0.05,2017-05-01 00:00:00+08:00,94890.524500907441,87844.976088598037,8.02,Internet Content & Information,Alphabet Inc.
GOOGL,2 weeks,0.05,2018-02-05 00:00:00+08:00,106440.011201866978,117096.662526868880,-9.10,Internet Content & Information,Alphabet Inc.
GOOGL,2 weeks,0.05,2018-03-19 00:00:00+08:00,105721.100472193075,113315.541476985331,-6.70,Internet Content & Information,Alphabet Inc.
GOOGL,2 weeks,0.05,2018-07-09 00:00:00+08:00,119419.159979155810,113390.815014254039,5.32,Internet Content & Information,Alphabet Inc.
GOOGL,2 weeks,0.05,2019-04-29 00:00:00+08:00,118839.136468952734,125123.308975136446,-5.02,Internet Content & Information,Alphabet Inc.
GOOGL,2 weeks,0.05,2019-05-27 00:00:00+08:00,107954.360655737705,115387.387140166801,-6.44,Internet Content & Information,Alphabet Inc.
GOOGL,2 weeks,0.05,2020-01-06 00:00:00+08:00,142567.633445508672,135264.332406671962,5.40,Internet Content & Information,Alphabet Inc.
GOOGL,2 weeks,0.05,2020-03-02 00:00:00+08:00,126381.269149683767,142804.156862745098,-11.50,Internet Content & Information,Alphabet Inc.
GOOGL,2 weeks,0.05,2020-03-16 00:00:00+08:00,110059.896009389671,126381.269149683767,-12.91,Internet Content & Information,Alphabet Inc.
GOOGL,2 weeks,0.05,2020-04-13 00:00:00+08:00,125189.615235322659,115250.112820512821,8.62,Internet Content & Information,Alphabet Inc.
GOOGL,2 weeks,0.05,2020-04-27 00:00:00+08:00,132972.435867262885,125189.615235322659,6.22,Internet Content & Information,Alphabet Inc.
GOOGL,2 weeks,0.05,2020-07-06 00:00:00+08:00,151243.881325455947,142925.611480865225,5.82,Internet Content & Information,Alphabet Inc.
GOOGL,2 weeks,0.05,2020-08-17 00:00:00+08:00,158544.664161849711,149476.166943982252,6.07,Internet Content & Information,Alphabet Inc.
GOOGL,2 weeks,0.05,2020-09-14 00:00:00+08:00,146718.873049457815,159144.424963715530,-7.81,Internet Content & Information,Alphabet Inc.
GOOGL,2 weeks,0.05,2020-10-12 00:00:00+08:00,157373.649748743719,147204.886958845537,6.91,Internet Content & Information,Alphabet Inc.
GOOGL,2 weeks,0.05,2020-11-09 00:00:00+08:00,175849.686553873553,164563.443141010294,6.86,Internet Content & Information,Alphabet Inc.
GOOGL,2 weeks,0.05,2021-01-25 00:00:00+08:00,193539.473090481786,179995.961594413733,7.52,Internet Content & Information,Alphabet Inc.
GOOGL,2 weeks,0.05,2021-02-08 00:00:00+08:00,209491.464943457189,193539.473090481786,8.24,Internet Content & Information,Alphabet Inc.
GOOGL,2 weeks,0.05,2021-04-05 00:00:00+08:00,224525.681479272293,205047.511969358442,9.50,Internet Content & Information,Alphabet Inc.
GOOGL,2 weeks,0.05,2021-07-26 00:00:00+08:00,269880.751398210291,255027.524590163934,5.82,Internet Content & Information,Alphabet Inc.
GOOGL,2 weeks,0.05,2022-03-21 00:00:00+08:00,280287.567212062881,261225.518518518519,7.30,Internet Content & Information,Alphabet Inc.
GOOGL,2 weeks,0.05,2022-04-18 00:00:00+08:00,242644.812370600414,267876.518163125428,-9.42,Internet Content & Information,Alphabet Inc.
GOOGL,2 weeks,0.05,2022-07-11 00:00:00+08:00,84994.731269463272,226387.915636588381,-62.46,Internet Content & Information,Alphabet Inc.
GOOGL,2 weeks,0.05,2022-07-25 00:00:00+08:00,11323.973949449527,84994.731269463272,-86.68,Internet Content & Information,Alphabet Inc.
GOOGL,2 weeks,0.05,2022-08-08 00:00:00+08:00,11951.332414553473,11323.973949449527,5.54,Internet Content & Information,Alphabet Inc.
GOOGL,2 weeks,0.05,2022-08-22 00:00:00+08:00,11150.099483648881,11951.332414553473,-6.70,Internet Content & Information,Alphabet Inc.
GOOGL,2 weeks,0.05,2022-09-19 00:00:00+08:00,10023.971226927253,10663.954303722671,-6.00,Internet Content & Information,Alphabet Inc.
GOOGL,2 weeks,0.05,2022-10-31 00:00:00+08:00,8984.7849546449796684,9874.4583872358775334,-9.01,Internet Content & Information,Alphabet Inc.
GOOGL,2 weeks,0.05,2022-11-14 00:00:00+08:00,9742.1256500936134803,8984.7849546449796684,8.43,Internet Content & Information,Alphabet Inc.
GOOGL,2 weeks,0.05,2022-12-12 00:00:00+08:00,9100.4023092188345661,9715.9307971707130568,-6.34,Internet Content & Information,Alphabet Inc.
GOOGL,2 weeks,0.05,2023-01-23 00:00:00+08:00,9966.4317740248094455,9134.1222553033122441,9.11,Internet Content & Information,Alphabet Inc.
GOOGL,2 weeks,0.05,2023-02-20 00:00:00+08:00,9098.4695207892882311,9761.8183321847002068,-6.80,Internet Content & Information,Alphabet Inc.
GOOGL,2 weeks,0.05,2023-03-20 00:00:00+08:00,10322.935810153667,9551.5007683442182098,8.08,Internet Content & Information,Alphabet Inc.
GOOGL,2 weeks,0.05,2023-05-15 00:00:00+08:00,12191.568059512504,10902.580799735625,11.82,Internet Content & Information,Alphabet Inc.
GOOGL,2 weeks,0.05,2023-07-24 00:00:00+08:00,12886.039830380130,12136.022848808945,6.18,Internet Content & Information,Alphabet Inc.
GOOGL,2 weeks,0.05,2023-11-13 00:00:00+08:00,13540.681177446103,12835.226911976912,5.50,Internet Content & Information,Alphabet Inc.
GOOGL,2 weeks,0.05,2024-03-18 00:00:00+08:00,14912.363497225942,13653.001288659794,9.22,Internet Content & Information,Alphabet Inc.
GOOGL,2 weeks,0.05,2024-04-29 00:00:00+08:00,16735.674597740500,15881.668017506889,5.38,Internet Content & Information,Alphabet Inc.
GOOGL,2 weeks,0.05,2024-06-24 00:00:00+08:00,18527.022982362373,17576.220939818631,5.41,Internet Content & Information,Alphabet Inc.
GOOGL,1 week,0.1,2015-07-13 00:00:00+08:00,61633.192515592516,54760.648079957917,12.55,Internet Content & Information,Alphabet Inc.
GOOGL,1 week,0.1,2015-07-20 00:00:00+08:00,68775.759074410163,61633.192515592516,11.59,Internet Content & Information,Alphabet Inc.
GOOGL,1 week,0.1,2020-03-09 00:00:00+08:00,119426.543158861341,133625.359636537542,-10.63,Internet Content & Information,Alphabet Inc.
GOOGL,1 week,0.1,2022-01-31 00:00:00+08:00,285734.219313304721,258704.098784194529,10.45,Internet Content & Information,Alphabet Inc.
GOOGL,1 week,0.1,2022-07-18 00:00:00+08:00,11187.702763047725,225959.860874200426,-95.05,Internet Content & Information,Alphabet Inc.
GOOGL,2 weeks,0.1,2015-07-20 00:00:00+08:00,67445.316546762590,58599.122155132373,15.10,Internet Content & Information,Alphabet Inc.
GOOGL,2 weeks,0.1,2020-03-02 00:00:00+08:00,126381.269149683767,142804.156862745098,-11.50,Internet Content & Information,Alphabet Inc.
GOOGL,2 weeks,0.1,2020-03-16 00:00:00+08:00,110059.896009389671,126381.269149683767,-12.91,Internet Content & Information,Alphabet Inc.
GOOGL,2 weeks,0.1,2022-07-11 00:00:00+08:00,84994.731269463272,226387.915636588381,-62.46,Internet Content & Information,Alphabet Inc.
GOOGL,2 weeks,0.1,2022-07-25 00:00:00+08:00,11323.973949449527,84994.731269463272,-86.68,Internet Content & Information,Alphabet Inc.
GOOGL,2 weeks,0.1,2023-05-15 00:00:00+08:00,12191.568059512504,10902.580799735625,11.82,Internet Content & Information,Alphabet Inc.
GOOGL,1 week,0.15,2022-07-18 00:00:00+08:00,11187.702763047725,225959.860874200426,-95.05,Internet Content & Information,Alphabet Inc.
GOOGL,2 weeks,0.15,2015-07-20 00:00:00+08:00,67445.316546762590,58599.122155132373,15.10,Internet Content & Information,Alphabet Inc.
GOOGL,2 weeks,0.15,2022-07-11 00:00:00+08:00,84994.731269463272,226387.915636588381,-62.46,Internet Content & Information,Alphabet Inc.
GOOGL,2 weeks,0.15,2022-07-25 00:00:00+08:00,11323.973949449527,84994.731269463272,-86.68,Internet Content & Information,Alphabet Inc.
HD,1 week,0.05,2014-08-18 00:00:00+08:00,8869.2994011976047904,8317.9281407035175879,6.63,Home Improvement,"The Home Depot, Inc."
HD,1 week,0.05,2015-11-23 00:00:00+08:00,13355.017881705640,12531.248611111111,6.57,Home Improvement,"The Home Depot, Inc."
HD,1 week,0.05,2016-02-08 00:00:00+08:00,11355.881481481481,12263.491254372814,-7.40,Home Improvement,"The Home Depot, Inc."
HD,1 week,0.05,2016-02-15 00:00:00+08:00,12022.556511056511,11355.881481481481,5.87,Home Improvement,"The Home Depot, Inc."
HD,1 week,0.05,2018-02-05 00:00:00+08:00,18720.344018058691,20150.867122618466,-7.10,Home Improvement,"The Home Depot, Inc."
HD,1 week,0.05,2019-08-19 00:00:00+08:00,21630.032325776658,20485.690243902439,5.59,Home Improvement,"The Home Depot, Inc."
HD,1 week,0.05,2020-03-09 00:00:00+08:00,20679.943624161074,23005.706451612903,-10.11,Home Improvement,"The Home Depot, Inc."
HD,1 week,0.05,2020-03-16 00:00:00+08:00,16321.216027874564,20679.943624161074,-21.08,Home Improvement,"The Home Depot, Inc."
HD,1 week,0.05,2020-03-23 00:00:00+08:00,18069.324452084229,16321.216027874564,10.71,Home Improvement,"The Home Depot, Inc."
HD,1 week,0.05,2020-04-06 00:00:00+08:00,19585.721555174385,18434.835959221501,6.24,Home Improvement,"The Home Depot, Inc."
HD,1 week,0.05,2020-04-27 00:00:00+08:00,21954.189365671642,20525.618241654913,6.96,Home Improvement,"The Home Depot, Inc."
HD,1 week,0.05,2021-02-22 00:00:00+08:00,26379.321381722781,28003.356097560976,-5.80,Home Improvement,"The Home Depot, Inc."
HD,1 week,0.05,2021-03-15 00:00:00+08:00,28201.551306873185,26651.070242050308,5.82,Home Improvement,"The Home Depot, Inc."
HD,1 week,0.05,2021-10-18 00:00:00+08:00,35911.570256410256,34166.569678407351,5.11,Home Improvement,"The Home Depot, Inc."
HD,1 week,0.05,2021-11-15 00:00:00+08:00,39285.549455535390,36952.210953346856,6.31,Home Improvement,"The Home Depot, Inc."
HD,1 week,0.05,2022-01-10 00:00:00+08:00,38543.937803692906,40628.484592445328,-5.13,Home Improvement,"The Home Depot, Inc."
HD,1 week,0.05,2022-01-17 00:00:00+08:00,35922.429594272076,38543.937803692906,-6.80,Home Improvement,"The Home Depot, Inc."
HD,1 week,0.05,2022-02-21 00:00:00+08:00,31366.147970085470,34987.199007444169,-10.35,Home Improvement,"The Home Depot, Inc."
HD,1 week,0.05,2022-06-13 00:00:00+08:00,27776.610402355250,29922.876227897839,-7.17,Home Improvement,"The Home Depot, Inc."
HD,1 week,0.05,2023-02-20 00:00:00+08:00,29828.879232505643,31930.374937593610,-6.58,Home Improvement,"The Home Depot, Inc."
HD,1 week,0.05,2024-04-01 00:00:00+08:00,36354.100202429150,38392.921925829538,-5.31,Home Improvement,"The Home Depot, Inc."
HD,1 week,0.05,2024-07-15 00:00:00+08:00,36615.673947789025,34634.372413793103,5.72,Home Improvement,"The Home Depot, Inc."
HD,2 weeks,0.05,2014-08-18 00:00:00+08:00,9023.1670845680419421,8194.9626073774633653,10.11,Home Improvement,"The Home Depot, Inc."
HD,2 weeks,0.05,2014-10-27 00:00:00+08:00,9649.2553405378235738,9175.7203074634267295,5.16,Home Improvement,"The Home Depot, Inc."
HD,2 weeks,0.05,2015-11-23 00:00:00+08:00,13366.441329479769,12461.210475732821,7.26,Home Improvement,"The Home Depot, Inc."
HD,2 weeks,0.05,2016-01-11 00:00:00+08:00,12154.231353403851,12835.221473278767,-5.31,Home Improvement,"The Home Depot, Inc."
HD,2 weeks,0.05,2016-02-08 00:00:00+08:00,11652.992608814673,12266.676169042261,-5.00,Home Improvement,"The Home Depot, Inc."
HD,2 weeks,0.05,2016-02-22 00:00:00+08:00,12526.327148896195,11652.992608814673,7.49,Home Improvement,"The Home Depot, Inc."
HD,2 weeks,0.05,2016-07-11 00:00:00+08:00,13554.511973783716,12888.521010711343,5.17,Home Improvement,"The Home Depot, Inc."
HD,2 weeks,0.05,2017-09-04 00:00:00+08:00,15806.445196889892,14978.141317365269,5.53,Home Improvement,"The Home Depot, Inc."
HD,2 weeks,0.05,2017-11-27 00:00:00+08:00,18005.063173007897,16851.512108843537,6.85,Home Improvement,"The Home Depot, Inc."
HD,2 weeks,0.05,2018-02-05 00:00:00+08:00,18585.279347576384,20318.906735751295,-8.53,Home Improvement,"The Home Depot, Inc."
HD,2 weeks,0.05,2018-10-15 00:00:00+08:00,18214.041172196658,19920.273717328170,-8.57,Home Improvement,"The Home Depot, Inc."
HD,2 weeks,0.05,2019-01-07 00:00:00+08:00,17754.067738791423,16865.234584013051,5.27,Home Improvement,"The Home Depot, Inc."
HD,2 weeks,0.05,2019-04-01 00:00:00+08:00,19964.661093087098,18816.630423940150,6.10,Home Improvement,"The Home Depot, Inc."
HD,2 weeks,0.05,2019-06-10 00:00:00+08:00,20454.555833750626,19316.109201773836,5.89,Home Improvement,"The Home Depot, Inc."
HD,2 weeks,0.05,2019-08-19 00:00:00+08:00,21916.449405429661,20635.725873442463,6.21,Home Improvement,"The Home Depot, Inc."
HD,2 weeks,0.05,2019-11-25 00:00:00+08:00,21704.863215258856,22955.796560964716,-5.45,Home Improvement,"The Home Depot, Inc."
HD,2 weeks,0.05,2020-03-02 00:00:00+08:00,21825.665607264472,23832.173789173789,-8.42,Home Improvement,"The Home Depot, Inc."
HD,2 weeks,0.05,2020-03-16 00:00:00+08:00,17201.131300021631,21825.665607264472,-21.19,Home Improvement,"The Home Depot, Inc."
HD,2 weeks,0.05,2020-03-30 00:00:00+08:00,18950.039160481188,17201.131300021631,10.17,Home Improvement,"The Home Depot, Inc."
HD,2 weeks,0.05,2020-04-13 00:00:00+08:00,20382.168109339408,18950.039160481188,7.56,Home Improvement,"The Home Depot, Inc."
HD,2 weeks,0.05,2020-04-27 00:00:00+08:00,22337.863583000704,20382.168109339408,9.60,Home Improvement,"The Home Depot, Inc."
HD,2 weeks,0.05,2020-05-11 00:00:00+08:00,23804.076177895200,22337.863583000704,6.56,Home Improvement,"The Home Depot, Inc."
HD,2 weeks,0.05,2021-02-22 00:00:00+08:00,26025.159216589862,27891.426913512020,-6.69,Home Improvement,"The Home Depot, Inc."
HD,2 weeks,0.05,2021-03-08 00:00:00+08:00,27418.693985142583,26025.159216589862,5.35,Home Improvement,"The Home Depot, Inc."
HD,2 weeks,0.05,2021-03-22 00:00:00+08:00,29876.670768389390,27418.693985142583,8.96,Home Improvement,"The Home Depot, Inc."
HD,2 weeks,0.05,2021-04-05 00:00:00+08:00,31812.592176039120,29876.670768389390,6.48,Home Improvement,"The Home Depot, Inc."
HD,2 weeks,0.05,2021-10-18 00:00:00+08:00,36560.584611451943,33652.525094577554,8.64,Home Improvement,"The Home Depot, Inc."
HD,2 weeks,0.05,2021-11-15 00:00:00+08:00,39919.707043025486,36922.183476938672,8.12,Home Improvement,"The Home Depot, Inc."
HD,2 weeks,0.05,2022-01-10 00:00:00+08:00,37367.277986073915,40742.232646834477,-8.28,Home Improvement,"The Home Depot, Inc."
HD,2 weeks,0.05,2022-02-21 00:00:00+08:00,31775.003084040093,35444.965568862275,-10.35,Home Improvement,"The Home Depot, Inc."
HD,2 weeks,0.05,2022-06-13 00:00:00+08:00,27580.876237623762,30056.741917808219,-8.24,Home Improvement,"The Home Depot, Inc."
HD,2 weeks,0.05,2022-07-11 00:00:00+08:00,29436.474507824331,27942.792269187987,5.35,Home Improvement,"The Home Depot, Inc."
HD,2 weeks,0.05,2022-08-22 00:00:00+08:00,30036.998712667353,31657.722551576950,-5.12,Home Improvement,"The Home Depot, Inc."
HD,2 weeks,0.05,2022-11-14 00:00:00+08:00,31538.969475958941,29446.283870967742,7.11,Home Improvement,"The Home Depot, Inc."
HD,2 weeks,0.05,2023-02-20 00:00:00+08:00,29633.073287307488,32048.053016914920,-7.54,Home Improvement,"The Home Depot, Inc."
HD,2 weeks,0.05,2023-09-18 00:00:00+08:00,30785.372315653299,32736.689644970414,-5.96,Home Improvement,"The Home Depot, Inc."
HD,2 weeks,0.05,2023-12-11 00:00:00+08:00,34570.537313432836,31928.608104642216,8.27,Home Improvement,"The Home Depot, Inc."
HD,2 weeks,0.05,2024-04-01 00:00:00+08:00,35823.105116514691,38375.343894009217,-6.65,Home Improvement,"The Home Depot, Inc."
HD,2 weeks,0.05,2024-04-15 00:00:00+08:00,33504.248578811370,35823.105116514691,-6.47,Home Improvement,"The Home Depot, Inc."
HD,2 weeks,0.05,2024-07-08 00:00:00+08:00,35622.916533758639,33553.932841328413,6.17,Home Improvement,"The Home Depot, Inc."
HD,1 week,0.1,2020-03-09 00:00:00+08:00,20679.943624161074,23005.706451612903,-10.11,Home Improvement,"The Home Depot, Inc."
HD,1 week,0.1,2020-03-16 00:00:00+08:00,16321.216027874564,20679.943624161074,-21.08,Home Improvement,"The Home Depot, Inc."
HD,1 week,0.1,2020-03-23 00:00:00+08:00,18069.324452084229,16321.216027874564,10.71,Home Improvement,"The Home Depot, Inc."
HD,1 week,0.1,2022-02-21 00:00:00+08:00,31366.147970085470,34987.199007444169,-10.35,Home Improvement,"The Home Depot, Inc."
HD,2 weeks,0.1,2014-08-18 00:00:00+08:00,9023.1670845680419421,8194.9626073774633653,10.11,Home Improvement,"The Home Depot, Inc."
HD,2 weeks,0.1,2020-03-16 00:00:00+08:00,17201.131300021631,21825.665607264472,-21.19,Home Improvement,"The Home Depot, Inc."
HD,2 weeks,0.1,2020-03-30 00:00:00+08:00,18950.039160481188,17201.131300021631,10.17,Home Improvement,"The Home Depot, Inc."
HD,2 weeks,0.1,2022-02-21 00:00:00+08:00,31775.003084040093,35444.965568862275,-10.35,Home Improvement,"The Home Depot, Inc."
HD,1 week,0.15,2020-03-16 00:00:00+08:00,16321.216027874564,20679.943624161074,-21.08,Home Improvement,"The Home Depot, Inc."
HD,2 weeks,0.15,2020-03-16 00:00:00+08:00,17201.131300021631,21825.665607264472,-21.19,Home Improvement,"The Home Depot, Inc."
JNJ,1 week,0.05,2018-02-05 00:00:00+08:00,13053.330748175182,14100.697349397590,-7.43,Drug Manufacturers - General,Johnson & Johnson
JNJ,1 week,0.05,2018-12-17 00:00:00+08:00,12954.942215088283,14390.252345215760,-9.97,Drug Manufacturers - General,Johnson & Johnson
JNJ,1 week,0.05,2020-03-23 00:00:00+08:00,11962.699161887958,12948.777127420081,-7.62,Drug Manufacturers - General,Johnson & Johnson
JNJ,1 week,0.05,2020-03-30 00:00:00+08:00,13130.178749520522,11962.699161887958,9.76,Drug Manufacturers - General,Johnson & Johnson
JNJ,1 week,0.05,2020-04-06 00:00:00+08:00,13989.349465391109,13130.178749520522,6.54,Drug Manufacturers - General,Johnson & Johnson
JNJ,1 week,0.05,2020-11-09 00:00:00+08:00,14798.128944995491,14011.843075539568,5.61,Drug Manufacturers - General,Johnson & Johnson
JNJ,1 week,0.05,2021-01-04 00:00:00+08:00,15847.536067892504,15068.441881100266,5.17,Drug Manufacturers - General,Johnson & Johnson
JNJ,1 week,0.05,2023-04-03 00:00:00+08:00,16136.976558337773,15332.283093703520,5.25,Drug Manufacturers - General,Johnson & Johnson
JNJ,1 week,0.05,2023-07-24 00:00:00+08:00,17286.294836956522,16291.166593018118,6.11,Drug Manufacturers - General,Johnson & Johnson
JNJ,2 weeks,0.05,2014-10-27 00:00:00+08:00,10678.914783889980,9964.4186907240342355,7.17,Drug Manufacturers - General,Johnson & Johnson
JNJ,2 weeks,0.05,2017-02-20 00:00:00+08:00,12198.912124582870,11544.214536340852,5.67,Drug Manufacturers - General,Johnson & Johnson
JNJ,2 weeks,0.05,2017-10-16 00:00:00+08:00,14121.730334316618,13388.907546226887,5.47,Drug Manufacturers - General,Johnson & Johnson
JNJ,2 weeks,0.05,2018-02-05 00:00:00+08:00,13047.602418207681,14278.552068805207,-8.62,Drug Manufacturers - General,Johnson & Johnson
JNJ,2 weeks,0.05,2018-12-10 00:00:00+08:00,13616.724480968858,14469.669139873592,-5.89,Drug Manufacturers - General,Johnson & Johnson
JNJ,2 weeks,0.05,2018-12-24 00:00:00+08:00,12645.414049854322,13616.724480968858,-7.13,Drug Manufacturers - General,Johnson & Johnson
JNJ,2 weeks,0.05,2020-03-02 00:00:00+08:00,13591.892979647839,14506.896433289300,-6.31,Drug Manufacturers - General,Johnson & Johnson
JNJ,2 weeks,0.05,2020-03-16 00:00:00+08:00,12450.684714795009,13591.892979647839,-8.40,Drug Manufacturers - General,Johnson & Johnson
JNJ,2 weeks,0.05,2020-03-30 00:00:00+08:00,13478.432937956204,12450.684714795009,8.25,Drug Manufacturers - General,Johnson & Johnson
JNJ,2 weeks,0.05,2020-04-13 00:00:00+08:00,14946.492731936725,13478.432937956204,10.89,Drug Manufacturers - General,Johnson & Johnson
JNJ,2 weeks,0.05,2020-11-09 00:00:00+08:00,14823.684367816092,14002.528600964852,5.86,Drug Manufacturers - General,Johnson & Johnson
JNJ,2 weeks,0.05,2022-03-07 00:00:00+08:00,17224.510360138135,16398.385098253275,5.04,Drug Manufacturers - General,Johnson & Johnson
JNJ,2 weeks,0.05,2023-04-03 00:00:00+08:00,16303.493203385483,15286.721020656136,6.65,Drug Manufacturers - General,Johnson & Johnson
JNJ,2 weeks,0.05,2023-07-24 00:00:00+08:00,17117.536392405063,16103.252522881953,6.30,Drug Manufacturers - General,Johnson & Johnson
JNJ,2 weeks,0.1,2020-04-13 00:00:00+08:00,14946.492731936725,13478.432937956204,10.89,Drug Manufacturers - General,Johnson & Johnson
JPM,1 week,0.05,2014-04-14 00:00:00+08:00,5501.0916334661354582,5794.5797479356801391,-5.06,Banks - Diversified,JPMorgan Chase & Co.
JPM,1 week,0.05,2015-08-24 00:00:00+08:00,6252.7473811442385173,6691.2338079926504364,-6.55,Banks - Diversified,JPMorgan Chase & Co.
JPM,1 week,0.05,2016-01-04 00:00:00+08:00,6207.7868780273007486,6655.6032439176543980,-6.73,Banks - Diversified,JPMorgan Chase & Co.
JPM,1 week,0.05,2016-01-11 00:00:00+08:00,5819.3408414789630259,6207.7868780273007486,-6.26,Banks - Diversified,JPMorgan Chase & Co.
JPM,1 week,0.05,2016-07-11 00:00:00+08:00,6346.4957007738607051,6041.2339316734221193,5.05,Banks - Diversified,JPMorgan Chase & Co.
JPM,1 week,0.05,2016-11-07 00:00:00+08:00,7295.3554639175257732,6872.1374811841445058,6.16,Banks - Diversified,JPMorgan Chase & Co.
JPM,1 week,0.05,2016-11-14 00:00:00+08:00,7821.6182266009852217,7295.3554639175257732,7.21,Banks - Diversified,JPMorgan Chase & Co.
JPM,1 week,0.05,2018-12-10 00:00:00+08:00,10121.446922390723,10724.785349233390,-5.63,Banks - Diversified,JPMorgan Chase & Co.
JPM,1 week,0.05,2019-04-01 00:00:00+08:00,10497.955639452572,9993.5980126467931346,5.05,Banks - Diversified,JPMorgan Chase & Co.
JPM,1 week,0.05,2019-08-05 00:00:00+08:00,10898.141279337322,11498.550383877159,-5.22,Banks - Diversified,JPMorgan Chase & Co.
JPM,1 week,0.05,2019-09-09 00:00:00+08:00,11711.882193022202,11086.737559241706,5.64,Banks - Diversified,JPMorgan Chase & Co.
JPM,1 week,0.05,2020-02-24 00:00:00+08:00,12548.331480746328,13659.362379807692,-8.13,Banks - Diversified,JPMorgan Chase & Co.
JPM,1 week,0.05,2020-03-02 00:00:00+08:00,11496.046643913538,12548.331480746328,-8.39,Banks - Diversified,JPMorgan Chase & Co.
JPM,1 week,0.05,2020-03-09 00:00:00+08:00,9525.1671488267438123,11496.046643913538,-17.14,Banks - Diversified,JPMorgan Chase & Co.
JPM,1 week,0.05,2020-03-16 00:00:00+08:00,8732.2855677154582763,9525.1671488267438123,-8.32,Banks - Diversified,JPMorgan Chase & Co.
JPM,1 week,0.05,2020-04-06 00:00:00+08:00,9374.3968692449355433,8792.8197097020626432,6.61,Banks - Diversified,JPMorgan Chase & Co.
JPM,1 week,0.05,2020-04-27 00:00:00+08:00,9549.6615776081424936,9049.8884089272858171,5.52,Banks - Diversified,JPMorgan Chase & Co.
JPM,1 week,0.05,2020-05-11 00:00:00+08:00,8708.8411602209944751,9209.2404371584699454,-5.43,Banks - Diversified,JPMorgan Chase & Co.
JPM,1 week,0.05,2020-05-25 00:00:00+08:00,9855.3405857740585774,9010.7750472589792060,9.37,Banks - Diversified,JPMorgan Chase & Co.
JPM,1 week,0.05,2020-06-01 00:00:00+08:00,10370.363805276849,9855.3405857740585774,5.23,Banks - Diversified,JPMorgan Chase & Co.
JPM,1 week,0.05,2020-06-15 00:00:00+08:00,10004.625311942959,10574.794616151545,-5.39,Banks - Diversified,JPMorgan Chase & Co.
JPM,1 week,0.05,2020-07-13 00:00:00+08:00,9884.1384048257372654,9323.9417199715707178,6.01,Banks - Diversified,JPMorgan Chase & Co.
JPM,1 week,0.05,2020-08-10 00:00:00+08:00,10281.679069767442,9691.6861679899707480,6.09,Banks - Diversified,JPMorgan Chase & Co.
JPM,1 week,0.05,2020-09-21 00:00:00+08:00,9367.8250980392156863,10001.1253632212536322,-6.33,Banks - Diversified,JPMorgan Chase & Co.
JPM,1 week,0.05,2020-11-09 00:00:00+08:00,11472.240886884630,10226.473167044596,12.18,Banks - Diversified,JPMorgan Chase & Co.
JPM,1 week,0.05,2021-01-04 00:00:00+08:00,13091.165544554455,11982.478521478521,9.25,Banks - Diversified,JPMorgan Chase & Co.
JPM,1 week,0.05,2021-01-11 00:00:00+08:00,13959.606387071951,13091.165544554455,6.63,Banks - Diversified,JPMorgan Chase & Co.
JPM,1 week,0.05,2021-06-14 00:00:00+08:00,15371.982441812985,16311.568957669549,-5.76,Banks - Diversified,JPMorgan Chase & Co.
JPM,1 week,0.05,2021-09-27 00:00:00+08:00,16588.692835692836,15702.671256454389,5.64,Banks - Diversified,JPMorgan Chase & Co.
JPM,1 week,0.05,2022-01-17 00:00:00+08:00,14961.572433192686,16574.422648752399,-9.73,Banks - Diversified,JPMorgan Chase & Co.
JPM,1 week,0.05,2022-02-28 00:00:00+08:00,13819.797512631170,14797.043638275499,-6.60,Banks - Diversified,JPMorgan Chase & Co.
JPM,1 week,0.05,2022-03-07 00:00:00+08:00,13112.891581108830,13819.797512631170,-5.12,Banks - Diversified,JPMorgan Chase & Co.
JPM,1 week,0.05,2022-04-25 00:00:00+08:00,12307.764279238441,13010.686409550046,-5.40,Banks - Diversified,JPMorgan Chase & Co.
JPM,1 week,0.05,2022-05-23 00:00:00+08:00,12689.576545842217,11921.132049518569,6.45,Banks - Diversified,JPMorgan Chase & Co.
JPM,1 week,0.05,2022-06-13 00:00:00+08:00,11464.100992662926,12699.459372114497,-9.73,Banks - Diversified,JPMorgan Chase & Co.
JPM,1 week,0.05,2022-09-26 00:00:00+08:00,10663.411526794742,11357.427171492205,-6.11,Banks - Diversified,JPMorgan Chase & Co.
JPM,1 week,0.05,2022-10-17 00:00:00+08:00,11749.960491659350,10681.530679933665,10.00,Banks - Diversified,JPMorgan Chase & Co.
JPM,1 week,0.05,2022-10-24 00:00:00+08:00,12386.715944618133,11749.960491659350,5.42,Banks - Diversified,JPMorgan Chase & Co.
JPM,1 week,0.05,2023-03-13 00:00:00+08:00,12926.858685446009,13680.634032634033,-5.51,Banks - Diversified,JPMorgan Chase & Co.
JPM,1 week,0.05,2023-04-17 00:00:00+08:00,14031.189129474149,13068.082516339869,7.37,Banks - Diversified,JPMorgan Chase & Co.
JPM,1 week,0.05,2024-04-15 00:00:00+08:00,18220.334375000000,19361.160365600332,-5.89,Banks - Diversified,JPMorgan Chase & Co.
JPM,1 week,0.05,2024-04-22 00:00:00+08:00,19170.831719686491,18220.334375000000,5.22,Banks - Diversified,JPMorgan Chase & Co.
JPM,2 weeks,0.05,2014-04-14 00:00:00+08:00,5541.1103896103896104,5920.1782805429864253,-6.40,Banks - Diversified,JPMorgan Chase & Co.
JPM,2 weeks,0.05,2015-01-05 00:00:00+08:00,5835.7234089897641300,6265.5219941348973607,-6.86,Banks - Diversified,JPMorgan Chase & Co.
JPM,2 weeks,0.05,2015-08-17 00:00:00+08:00,6457.6379051298561923,6808.2620525059665871,-5.15,Banks - Diversified,JPMorgan Chase & Co.
JPM,2 weeks,0.05,2015-10-26 00:00:00+08:00,6538.5670995670995671,6206.8678424186898763,5.34,Banks - Diversified,JPMorgan Chase & Co.
JPM,2 weeks,0.05,2015-12-28 00:00:00+08:00,6207.7868780273007486,6620.7417886178861789,-6.24,Banks - Diversified,JPMorgan Chase & Co.
JPM,2 weeks,0.05,2016-01-11 00:00:00+08:00,5736.5176356117732912,6207.7868780273007486,-7.59,Banks - Diversified,JPMorgan Chase & Co.
JPM,2 weeks,0.05,2016-04-18 00:00:00+08:00,6352.5905876615459644,5963.0554549569941150,6.53,Banks - Diversified,JPMorgan Chase & Co.
JPM,2 weeks,0.05,2016-07-11 00:00:00+08:00,6368.7811710677382319,6018.4111969111969112,5.82,Banks - Diversified,JPMorgan Chase & Co.
JPM,2 weeks,0.05,2016-11-14 00:00:00+08:00,7826.3686635944700461,7104.4379809868718877,10.16,Banks - Diversified,JPMorgan Chase & Co.
JPM,2 weeks,0.05,2017-11-27 00:00:00+08:00,10407.762042175361,9833.1860335195530726,5.84,Banks - Diversified,JPMorgan Chase & Co.
JPM,2 weeks,0.05,2018-07-23 00:00:00+08:00,11530.453250631748,10849.481449710487,6.28,Banks - Diversified,JPMorgan Chase & Co.
JPM,2 weeks,0.05,2018-10-15 00:00:00+08:00,10662.999552472589,11296.929460580913,-5.61,Banks - Diversified,JPMorgan Chase & Co.
JPM,2 weeks,0.05,2018-12-10 00:00:00+08:00,9971.4563367666815943,10871.819798917247,-8.28,Banks - Diversified,JPMorgan Chase & Co.
JPM,2 weeks,0.05,2019-04-15 00:00:00+08:00,11288.048126951093,10584.215039281706,6.65,Banks - Diversified,JPMorgan Chase & Co.
JPM,2 weeks,0.05,2019-08-05 00:00:00+08:00,10798.898019576599,11535.582709490461,-6.39,Banks - Diversified,JPMorgan Chase & Co.
JPM,2 weeks,0.05,2019-09-02 00:00:00+08:00,11440.959435173299,10781.261332099907,6.12,Banks - Diversified,JPMorgan Chase & Co.
JPM,2 weeks,0.05,2019-10-14 00:00:00+08:00,12187.212333408629,11449.118156293870,6.45,Banks - Diversified,JPMorgan Chase & Co.
JPM,2 weeks,0.05,2020-02-17 00:00:00+08:00,12990.300262969161,13704.121968616262,-5.21,Banks - Diversified,JPMorgan Chase & Co.
JPM,2 weeks,0.05,2020-03-02 00:00:00+08:00,10429.344119693807,12990.300262969161,-19.71,Banks - Diversified,JPMorgan Chase & Co.
JPM,2 weeks,0.05,2020-03-16 00:00:00+08:00,8816.6040766971843151,10429.344119693807,-15.46,Banks - Diversified,JPMorgan Chase & Co.
JPM,2 weeks,0.05,2020-05-11 00:00:00+08:00,8852.9695000902364194,9385.5059288537549407,-5.67,Banks - Diversified,JPMorgan Chase & Co.
JPM,2 weeks,0.05,2020-05-25 00:00:00+08:00,10128.107262349931,8852.9695000902364194,14.40,Banks - Diversified,JPMorgan Chase & Co.
JPM,2 weeks,0.05,2020-06-22 00:00:00+08:00,9505.1748591412473285,10299.712934296526,-7.71,Banks - Diversified,JPMorgan Chase & Co.
JPM,2 weeks,0.05,2020-11-09 00:00:00+08:00,11524.222683264177,10037.650971159506,14.81,Banks - Diversified,JPMorgan Chase & Co.
JPM,2 weeks,0.05,2020-12-28 00:00:00+08:00,13091.165544554455,12051.941784037559,8.62,Banks - Diversified,JPMorgan Chase & Co.
JPM,2 weeks,0.05,2021-01-11 00:00:00+08:00,13808.020755133584,13091.165544554455,5.48,Banks - Diversified,JPMorgan Chase & Co.
JPM,2 weeks,0.05,2021-02-08 00:00:00+08:00,14232.378569623452,13250.123262087570,7.41,Banks - Diversified,JPMorgan Chase & Co.
JPM,2 weeks,0.05,2021-02-22 00:00:00+08:00,15099.888936443398,14232.378569623452,6.10,Banks - Diversified,JPMorgan Chase & Co.
JPM,2 weeks,0.05,2021-05-03 00:00:00+08:00,15902.138441156988,15132.794720072827,5.08,Banks - Diversified,JPMorgan Chase & Co.
JPM,2 weeks,0.05,2021-06-14 00:00:00+08:00,15262.689683350358,16441.289296794209,-7.17,Banks - Diversified,JPMorgan Chase & Co.
JPM,2 weeks,0.05,2022-01-24 00:00:00+08:00,14726.799917830731,15848.333685099198,-7.08,Banks - Diversified,JPMorgan Chase & Co.
JPM,2 weeks,0.05,2022-02-21 00:00:00+08:00,14235.154413407821,15443.160553481221,-7.82,Banks - Diversified,JPMorgan Chase & Co.
JPM,2 weeks,0.05,2022-03-07 00:00:00+08:00,13333.541553276115,14235.154413407821,-6.33,Banks - Diversified,JPMorgan Chase & Co.
JPM,2 weeks,0.05,2022-04-04 00:00:00+08:00,13144.814840499307,13994.108758636060,-6.07,Banks - Diversified,JPMorgan Chase & Co.
JPM,2 weeks,0.05,2022-06-13 00:00:00+08:00,11487.460014323228,12871.442631310556,-10.75,Banks - Diversified,JPMorgan Chase & Co.
JPM,2 weeks,0.05,2022-09-19 00:00:00+08:00,11032.358986502486,11709.553208137715,-5.78,Banks - Diversified,JPMorgan Chase & Co.
JPM,2 weeks,0.05,2022-10-17 00:00:00+08:00,12065.589329200797,10779.481238075048,11.93,Banks - Diversified,JPMorgan Chase & Co.
JPM,2 weeks,0.05,2022-10-31 00:00:00+08:00,13012.355432780847,12065.589329200797,7.85,Banks - Diversified,JPMorgan Chase & Co.
JPM,2 weeks,0.05,2023-03-06 00:00:00+08:00,13305.068771929825,14102.454715969989,-5.65,Banks - Diversified,JPMorgan Chase & Co.
JPM,2 weeks,0.05,2023-04-17 00:00:00+08:00,13913.154424778761,12971.876680028295,7.26,Banks - Diversified,JPMorgan Chase & Co.
JPM,2 weeks,0.05,2023-07-10 00:00:00+08:00,15107.156916578669,14248.028810895757,6.03,Banks - Diversified,JPMorgan Chase & Co.
JPM,2 weeks,0.05,2023-11-13 00:00:00+08:00,15093.386977537674,14203.903855421687,6.26,Banks - Diversified,JPMorgan Chase & Co.
JPM,2 weeks,0.05,2023-12-11 00:00:00+08:00,16436.715589718953,15611.490056469433,5.29,Banks - Diversified,JPMorgan Chase & Co.
JPM,1 week,0.1,2020-03-09 00:00:00+08:00,9525.1671488267438123,11496.046643913538,-17.14,Banks - Diversified,JPMorgan Chase & Co.
JPM,1 week,0.1,2020-11-09 00:00:00+08:00,11472.240886884630,10226.473167044596,12.18,Banks - Diversified,JPMorgan Chase & Co.
JPM,1 week,0.1,2022-10-17 00:00:00+08:00,11749.960491659350,10681.530679933665,10.00,Banks - Diversified,JPMorgan Chase & Co.
JPM,2 weeks,0.1,2016-11-14 00:00:00+08:00,7826.3686635944700461,7104.4379809868718877,10.16,Banks - Diversified,JPMorgan Chase & Co.
JPM,2 weeks,0.1,2020-03-02 00:00:00+08:00,10429.344119693807,12990.300262969161,-19.71,Banks - Diversified,JPMorgan Chase & Co.
JPM,2 weeks,0.1,2020-03-16 00:00:00+08:00,8816.6040766971843151,10429.344119693807,-15.46,Banks - Diversified,JPMorgan Chase & Co.
JPM,2 weeks,0.1,2020-05-25 00:00:00+08:00,10128.107262349931,8852.9695000902364194,14.40,Banks - Diversified,JPMorgan Chase & Co.
JPM,2 weeks,0.1,2020-11-09 00:00:00+08:00,11524.222683264177,10037.650971159506,14.81,Banks - Diversified,JPMorgan Chase & Co.
JPM,2 weeks,0.1,2022-06-13 00:00:00+08:00,11487.460014323228,12871.442631310556,-10.75,Banks - Diversified,JPMorgan Chase & Co.
JPM,2 weeks,0.1,2022-10-17 00:00:00+08:00,12065.589329200797,10779.481238075048,11.93,Banks - Diversified,JPMorgan Chase & Co.
JPM,1 week,0.15,2020-03-09 00:00:00+08:00,9525.1671488267438123,11496.046643913538,-17.14,Banks - Diversified,JPMorgan Chase & Co.
JPM,2 weeks,0.15,2020-03-02 00:00:00+08:00,10429.344119693807,12990.300262969161,-19.71,Banks - Diversified,JPMorgan Chase & Co.
JPM,2 weeks,0.15,2020-03-16 00:00:00+08:00,8816.6040766971843151,10429.344119693807,-15.46,Banks - Diversified,JPMorgan Chase & Co.
KO,1 week,0.05,2015-08-24 00:00:00+08:00,3872.1905626134301270,4084.2926108374384236,-5.19,Beverages - Non-Alcoholic,The Coca-Cola Company
KO,1 week,0.05,2018-02-05 00:00:00+08:00,4435.0776744186046512,4752.3852579852579853,-6.68,Beverages - Non-Alcoholic,The Coca-Cola Company
KO,1 week,0.05,2019-02-18 00:00:00+08:00,4531.6668526785714286,4791.2534921939194741,-5.42,Beverages - Non-Alcoholic,The Coca-Cola Company
KO,1 week,0.05,2020-03-09 00:00:00+08:00,5057.8547717842323651,5618.4825205006473889,-9.98,Beverages - Non-Alcoholic,The Coca-Cola Company
KO,1 week,0.05,2020-03-16 00:00:00+08:00,4349.7182601880877743,5057.8547717842323651,-14.00,Beverages - Non-Alcoholic,The Coca-Cola Company
KO,1 week,0.05,2020-03-23 00:00:00+08:00,4119.1599594183293879,4349.7182601880877743,-5.30,Beverages - Non-Alcoholic,The Coca-Cola Company
KO,1 week,0.05,2020-03-30 00:00:00+08:00,4374.9325380501851090,4119.1599594183293879,6.21,Beverages - Non-Alcoholic,The Coca-Cola Company
KO,1 week,0.05,2020-04-06 00:00:00+08:00,4750.4511434511434511,4374.9325380501851090,8.58,Beverages - Non-Alcoholic,The Coca-Cola Company
KO,1 week,0.05,2020-11-09 00:00:00+08:00,5312.9144708423326134,4941.0335689045936396,7.53,Beverages - Non-Alcoholic,The Coca-Cola Company
KO,1 week,0.05,2021-12-13 00:00:00+08:00,5803.7057302886686773,5511.8026864289022696,5.30,Beverages - Non-Alcoholic,The Coca-Cola Company
KO,1 week,0.05,2022-10-24 00:00:00+08:00,5897.8388034898213544,5585.7084905660377358,5.59,Beverages - Non-Alcoholic,The Coca-Cola Company
KO,2 weeks,0.05,2014-12-08 00:00:00+08:00,4170.7922518159806295,4418.8345908299477655,-5.61,Beverages - Non-Alcoholic,The Coca-Cola Company
KO,2 weeks,0.05,2018-02-05 00:00:00+08:00,4437.4394670342292672,4763.1261484976409238,-6.84,Beverages - Non-Alcoholic,The Coca-Cola Company
KO,2 weeks,0.05,2018-10-29 00:00:00+08:00,4822.9024861211682356,4591.7753444881889764,5.03,Beverages - Non-Alcoholic,The Coca-Cola Company
KO,2 weeks,0.05,2019-02-18 00:00:00+08:00,4518.5844055584148224,4850.6314131413141314,-6.85,Beverages - Non-Alcoholic,The Coca-Cola Company
KO,2 weeks,0.05,2020-03-02 00:00:00+08:00,5332.6536915591284113,5805.4102693178957966,-8.14,Beverages - Non-Alcoholic,The Coca-Cola Company
KO,2 weeks,0.05,2020-03-16 00:00:00+08:00,4225.9642403339989109,5332.6536915591284113,-20.75,Beverages - Non-Alcoholic,The Coca-Cola Company
KO,2 weeks,0.05,2020-03-30 00:00:00+08:00,4540.8332950631458094,4225.9642403339989109,7.45,Beverages - Non-Alcoholic,The Coca-Cola Company
KO,2 weeks,0.05,2020-05-25 00:00:00+08:00,4726.5128735632183908,4485.3825574046766379,5.38,Beverages - Non-Alcoholic,The Coca-Cola Company
KO,2 weeks,0.05,2020-07-20 00:00:00+08:00,4771.4969670710571924,4543.5254022015241321,5.02,Beverages - Non-Alcoholic,The Coca-Cola Company
KO,2 weeks,0.05,2020-11-09 00:00:00+08:00,5318.3796090626388272,4908.0325653522374834,8.36,Beverages - Non-Alcoholic,The Coca-Cola Company
KO,2 weeks,0.05,2021-12-13 00:00:00+08:00,5794.8063877197326071,5420.8573006406008394,6.90,Beverages - Non-Alcoholic,The Coca-Cola Company
KO,2 weeks,0.05,2023-10-02 00:00:00+08:00,5364.1076672104404568,5715.4312381852551985,-6.15,Beverages - Non-Alcoholic,The Coca-Cola Company
KO,1 week,0.1,2020-03-16 00:00:00+08:00,4349.7182601880877743,5057.8547717842323651,-14.00,Beverages - Non-Alcoholic,The Coca-Cola Company
KO,2 weeks,0.1,2020-03-16 00:00:00+08:00,4225.9642403339989109,5332.6536915591284113,-20.75,Beverages - Non-Alcoholic,The Coca-Cola Company
KO,2 weeks,0.15,2020-03-16 00:00:00+08:00,4225.9642403339989109,5332.6536915591284113,-20.75,Beverages - Non-Alcoholic,The Coca-Cola Company
LLY,1 week,0.05,2014-02-17 00:00:00+08:00,5715.9443447037701975,5374.7706329113924051,6.35,Drug Manufacturers - General,Eli Lilly and Company
LLY,1 week,0.05,2015-10-12 00:00:00+08:00,7987.8154948499776086,8462.1569324530218385,-5.61,Drug Manufacturers - General,Eli Lilly and Company
LLY,1 week,0.05,2016-02-01 00:00:00+08:00,7589.6467005076142132,8058.4181449569183984,-5.82,Drug Manufacturers - General,Eli Lilly and Company
LLY,1 week,0.05,2016-11-21 00:00:00+08:00,7165.5662291169451074,7704.7311608961303462,-7.00,Drug Manufacturers - General,Eli Lilly and Company
LLY,1 week,0.05,2016-11-28 00:00:00+08:00,6701.1650049850448654,7165.5662291169451074,-6.48,Drug Manufacturers - General,Eli Lilly and Company
LLY,1 week,0.05,2016-12-19 00:00:00+08:00,7353.8737864077669903,6965.2421912542047093,5.58,Drug Manufacturers - General,Eli Lilly and Company
LLY,1 week,0.05,2018-02-05 00:00:00+08:00,7704.7694641051567240,8414.7526132404181185,-8.44,Drug Manufacturers - General,Eli Lilly and Company
LLY,1 week,0.05,2018-07-30 00:00:00+08:00,9885.5909552845528455,9334.2231404958677686,5.91,Drug Manufacturers - General,Eli Lilly and Company
LLY,1 week,0.05,2019-04-15 00:00:00+08:00,11958.138557993730,12620.760469867211,-5.25,Drug Manufacturers - General,Eli Lilly and Company
LLY,1 week,0.05,2019-12-16 00:00:00+08:00,12798.126600985222,12076.154670750383,5.98,Drug Manufacturers - General,Eli Lilly and Company
LLY,1 week,0.05,2020-02-24 00:00:00+08:00,13346.157229524772,14145.640076579451,-5.65,Drug Manufacturers - General,Eli Lilly and Company
LLY,1 week,0.05,2020-03-23 00:00:00+08:00,12586.761088709677,13471.117501239465,-6.56,Drug Manufacturers - General,Eli Lilly and Company
LLY,1 week,0.05,2020-03-30 00:00:00+08:00,13858.516932270916,12586.761088709677,10.10,Drug Manufacturers - General,Eli Lilly and Company
LLY,1 week,0.05,2020-04-13 00:00:00+08:00,15086.674583122789,14340.425373134328,5.20,Drug Manufacturers - General,Eli Lilly and Company
LLY,1 week,0.05,2020-06-15 00:00:00+08:00,15690.731002331002,14807.423929098966,5.97,Drug Manufacturers - General,Eli Lilly and Company
LLY,1 week,0.05,2020-10-26 00:00:00+08:00,13401.589755422243,14285.248089658686,-6.19,Drug Manufacturers - General,Eli Lilly and Company
LLY,1 week,0.05,2020-11-02 00:00:00+08:00,14074.710552268245,13401.589755422243,5.02,Drug Manufacturers - General,Eli Lilly and Company
LLY,1 week,0.05,2020-12-07 00:00:00+08:00,15460.984290623466,14588.521584560691,5.98,Drug Manufacturers - General,Eli Lilly and Company
LLY,1 week,0.05,2020-12-14 00:00:00+08:00,16768.694100148736,15460.984290623466,8.46,Drug Manufacturers - General,Eli Lilly and Company
LLY,1 week,0.05,2021-01-11 00:00:00+08:00,18578.601161232693,16528.163015792155,12.41,Drug Manufacturers - General,Eli Lilly and Company
LLY,1 week,0.05,2021-01-18 00:00:00+08:00,20100.161467889908,18578.601161232693,8.19,Drug Manufacturers - General,Eli Lilly and Company
LLY,1 week,0.05,2021-03-15 00:00:00+08:00,18803.524597495528,20701.622330097087,-9.17,Drug Manufacturers - General,Eli Lilly and Company
LLY,1 week,0.05,2021-06-07 00:00:00+08:00,22404.056463595840,20058.236351958895,11.70,Drug Manufacturers - General,Eli Lilly and Company
LLY,1 week,0.05,2021-08-02 00:00:00+08:00,25859.747225025227,24463.176377952756,5.71,Drug Manufacturers - General,Eli Lilly and Company
LLY,1 week,0.05,2021-09-13 00:00:00+08:00,23347.043855175931,24904.534615384615,-6.25,Drug Manufacturers - General,Eli Lilly and Company
LLY,1 week,0.05,2021-12-13 00:00:00+08:00,26344.375666505090,24335.834271099744,8.25,Drug Manufacturers - General,Eli Lilly and Company
LLY,1 week,0.05,2022-01-03 00:00:00+08:00,26362.390410958904,27755.369785082174,-5.02,Drug Manufacturers - General,Eli Lilly and Company
LLY,1 week,0.05,2022-03-14 00:00:00+08:00,27821.069156991418,26460.633521271143,5.14,Drug Manufacturers - General,Eli Lilly and Company
LLY,1 week,0.05,2022-06-13 00:00:00+08:00,29105.303232426886,30685.276723276723,-5.15,Drug Manufacturers - General,Eli Lilly and Company
LLY,1 week,0.05,2022-06-20 00:00:00+08:00,30962.652118912081,29105.303232426886,6.38,Drug Manufacturers - General,Eli Lilly and Company
LLY,1 week,0.05,2022-09-26 00:00:00+08:00,32147.316359696641,30523.165731769505,5.32,Drug Manufacturers - General,Eli Lilly and Company
LLY,1 week,0.05,2022-10-24 00:00:00+08:00,35493.096757322176,33244.980308674827,6.76,Drug Manufacturers - General,Eli Lilly and Company
LLY,1 week,0.05,2023-04-03 00:00:00+08:00,35852.341244387428,33755.928874734607,6.21,Drug Manufacturers - General,Eli Lilly and Company
LLY,1 week,0.05,2023-05-01 00:00:00+08:00,41929.063396575659,38627.938886150813,8.55,Drug Manufacturers - General,Eli Lilly and Company
LLY,1 week,0.05,2023-08-07 00:00:00+08:00,51024.104735883424,45244.380476982806,12.77,Drug Manufacturers - General,Eli Lilly and Company
LLY,1 week,0.05,2023-08-14 00:00:00+08:00,54292.194685743485,51024.104735883424,6.40,Drug Manufacturers - General,Eli Lilly and Company
LLY,1 week,0.05,2023-09-18 00:00:00+08:00,56380.599468085106,59370.502790461695,-5.04,Drug Manufacturers - General,Eli Lilly and Company
LLY,1 week,0.05,2023-10-09 00:00:00+08:00,59474.059596433599,53664.689490445860,10.83,Drug Manufacturers - General,Eli Lilly and Company
LLY,1 week,0.05,2023-11-06 00:00:00+08:00,59817.965695488722,56503.392147587512,5.87,Drug Manufacturers - General,Eli Lilly and Company
LLY,1 week,0.05,2024-01-01 00:00:00+08:00,61084.200615384615,57822.886297376093,5.64,Drug Manufacturers - General,Eli Lilly and Company
LLY,1 week,0.05,2024-02-05 00:00:00+08:00,72146.432651321398,65160.396265560166,10.72,Drug Manufacturers - General,Eli Lilly and Company
LLY,1 week,0.05,2024-07-22 00:00:00+08:00,84629.352112676056,90387.608608608609,-6.37,Drug Manufacturers - General,Eli Lilly and Company
LLY,1 week,0.05,2024-07-29 00:00:00+08:00,80007.630454140695,84629.352112676056,-5.46,Drug Manufacturers - General,Eli Lilly and Company
LLY,2 weeks,0.05,2014-02-17 00:00:00+08:00,5808.2637513751375138,5332.6085852171704343,8.92,Drug Manufacturers - General,Eli Lilly and Company
LLY,2 weeks,0.05,2015-03-16 00:00:00+08:00,7386.3945024179180453,6976.2014848950332821,5.88,Drug Manufacturers - General,Eli Lilly and Company
LLY,2 weeks,0.05,2015-05-25 00:00:00+08:00,7706.8608671011618022,7323.1596595305648697,5.24,Drug Manufacturers - General,Eli Lilly and Company
LLY,2 weeks,0.05,2015-06-08 00:00:00+08:00,8281.6621421520236920,7706.8608671011618022,7.46,Drug Manufacturers - General,Eli Lilly and Company
LLY,2 weeks,0.05,2015-09-14 00:00:00+08:00,8593.2313078269567392,8146.2956669498725573,5.49,Drug Manufacturers - General,Eli Lilly and Company
LLY,2 weeks,0.05,2015-10-12 00:00:00+08:00,7906.8120509849362688,8373.6761205368447708,-5.58,Drug Manufacturers - General,Eli Lilly and Company
LLY,2 weeks,0.05,2016-02-08 00:00:00+08:00,7307.0587576944599888,7824.2107532335784935,-6.61,Drug Manufacturers - General,Eli Lilly and Company
LLY,2 weeks,0.05,2016-06-27 00:00:00+08:00,7802.8227669766131305,7377.9837108679053194,5.76,Drug Manufacturers - General,Eli Lilly and Company
LLY,2 weeks,0.05,2016-11-28 00:00:00+08:00,6719.0784803799050237,7456.4782967032967033,-9.89,Drug Manufacturers - General,Eli Lilly and Company
LLY,2 weeks,0.05,2016-12-12 00:00:00+08:00,7153.5908865775136206,6719.0784803799050237,6.47,Drug Manufacturers - General,Eli Lilly and Company
LLY,2 weeks,0.05,2017-02-20 00:00:00+08:00,8256.3818337129840547,7841.6888774987186058,5.29,Drug Manufacturers - General,Eli Lilly and Company
LLY,2 weeks,0.05,2018-02-05 00:00:00+08:00,7713.1681460816637078,8462.8347956881423916,-8.86,Drug Manufacturers - General,Eli Lilly and Company
LLY,2 weeks,0.05,2018-07-23 00:00:00+08:00,9603.8111801242236025,8883.6968534151957022,8.11,Drug Manufacturers - General,Eli Lilly and Company
LLY,2 weeks,0.05,2018-08-06 00:00:00+08:00,10288.755128205128,9603.8111801242236025,7.13,Drug Manufacturers - General,Eli Lilly and Company
LLY,2 weeks,0.05,2019-04-15 00:00:00+08:00,11838.424887892377,12701.980372164160,-6.80,Drug Manufacturers - General,Eli Lilly and Company
LLY,2 weeks,0.05,2019-12-09 00:00:00+08:00,12443.565805966408,11793.178078078078,5.51,Drug Manufacturers - General,Eli Lilly and Company
LLY,2 weeks,0.05,2019-12-23 00:00:00+08:00,13134.794979079498,12443.565805966408,5.55,Drug Manufacturers - General,Eli Lilly and Company
LLY,2 weeks,0.05,2020-03-30 00:00:00+08:00,14072.816924778761,13032.586353411647,7.98,Drug Manufacturers - General,Eli Lilly and Company
LLY,2 weeks,0.05,2020-04-13 00:00:00+08:00,15460.954344624448,14072.816924778761,9.86,Drug Manufacturers - General,Eli Lilly and Company
LLY,2 weeks,0.05,2020-06-22 00:00:00+08:00,16155.896434634975,15261.134099616858,5.86,Drug Manufacturers - General,Eli Lilly and Company
LLY,2 weeks,0.05,2020-08-03 00:00:00+08:00,15230.230362537764,16082.301982714794,-5.30,Drug Manufacturers - General,Eli Lilly and Company
LLY,2 weeks,0.05,2020-10-26 00:00:00+08:00,13726.998331346841,14652.645129224652,-6.32,Drug Manufacturers - General,Eli Lilly and Company
LLY,2 weeks,0.05,2020-12-07 00:00:00+08:00,16111.613468179576,14515.250812407681,11.00,Drug Manufacturers - General,Eli Lilly and Company
LLY,2 weeks,0.05,2021-01-11 00:00:00+08:00,19220.767165720186,16528.163015792155,16.29,Drug Manufacturers - General,Eli Lilly and Company
LLY,2 weeks,0.05,2021-01-25 00:00:00+08:00,20568.719464720195,19220.767165720186,7.01,Drug Manufacturers - General,Eli Lilly and Company
LLY,2 weeks,0.05,2021-03-22 00:00:00+08:00,18477.061482313307,19713.692504655493,-6.27,Drug Manufacturers - General,Eli Lilly and Company
LLY,2 weeks,0.05,2021-05-31 00:00:00+08:00,21382.680089485459,19905.982864450128,7.42,Drug Manufacturers - General,Eli Lilly and Company
LLY,2 weeks,0.05,2021-07-26 00:00:00+08:00,25175.294571649087,23561.962658898305,6.85,Drug Manufacturers - General,Eli Lilly and Company
LLY,2 weeks,0.05,2021-08-09 00:00:00+08:00,26834.554708048396,25175.294571649087,6.59,Drug Manufacturers - General,Eli Lilly and Company
LLY,2 weeks,0.05,2021-09-06 00:00:00+08:00,24037.099403578529,26152.792545902987,-8.09,Drug Manufacturers - General,Eli Lilly and Company
LLY,2 weeks,0.05,2021-10-18 00:00:00+08:00,24580.360727086534,23287.391020621248,5.55,Drug Manufacturers - General,Eli Lilly and Company
LLY,2 weeks,0.05,2021-11-01 00:00:00+08:00,26145.383491412458,24580.360727086534,6.37,Drug Manufacturers - General,Eli Lilly and Company
LLY,2 weeks,0.05,2021-11-29 00:00:00+08:00,24726.142175332831,26111.077134146341,-5.30,Drug Manufacturers - General,Eli Lilly and Company
LLY,2 weeks,0.05,2021-12-13 00:00:00+08:00,26467.428922237381,24726.142175332831,7.04,Drug Manufacturers - General,Eli Lilly and Company
LLY,2 weeks,0.05,2022-01-10 00:00:00+08:00,25015.252305113160,26995.635632183908,-7.34,Drug Manufacturers - General,Eli Lilly and Company
LLY,2 weeks,0.05,2022-03-07 00:00:00+08:00,27146.041200406918,24854.228596137215,9.22,Drug Manufacturers - General,Eli Lilly and Company
LLY,2 weeks,0.05,2022-03-21 00:00:00+08:00,28878.162906610703,27146.041200406918,6.38,Drug Manufacturers - General,Eli Lilly and Company
LLY,2 weeks,0.05,2022-04-04 00:00:00+08:00,30355.121081392005,28878.162906610703,5.11,Drug Manufacturers - General,Eli Lilly and Company
LLY,2 weeks,0.05,2022-06-27 00:00:00+08:00,32522.909439528024,29937.164022662890,8.64,Drug Manufacturers - General,Eli Lilly and Company
LLY,2 weeks,0.05,2023-02-20 00:00:00+08:00,32068.537190082645,33975.619452564443,-5.61,Drug Manufacturers - General,Eli Lilly and Company
LLY,2 weeks,0.05,2023-04-03 00:00:00+08:00,36463.062681369704,33515.027551823668,8.80,Drug Manufacturers - General,Eli Lilly and Company
LLY,2 weeks,0.05,2023-05-01 00:00:00+08:00,42593.696196319018,38042.740219892611,11.96,Drug Manufacturers - General,Eli Lilly and Company
LLY,2 weeks,0.05,2023-08-07 00:00:00+08:00,52564.112448832170,45446.140629430111,15.66,Drug Manufacturers - General,Eli Lilly and Company
LLY,2 weeks,0.05,2023-08-21 00:00:00+08:00,55204.755645628257,52564.112448832170,5.02,Drug Manufacturers - General,Eli Lilly and Company
LLY,2 weeks,0.05,2023-09-04 00:00:00+08:00,58241.583522727273,55204.755645628257,5.50,Drug Manufacturers - General,Eli Lilly and Company
LLY,2 weeks,0.05,2024-01-08 00:00:00+08:00,62950.485989755951,59591.199866533200,5.64,Drug Manufacturers - General,Eli Lilly and Company
LLY,2 weeks,0.05,2024-02-05 00:00:00+08:00,73631.132496513250,64154.692039667649,14.77,Drug Manufacturers - General,Eli Lilly and Company
LLY,2 weeks,0.05,2024-05-27 00:00:00+08:00,82513.272280270436,78480.679404327058,5.14,Drug Manufacturers - General,Eli Lilly and Company
LLY,2 weeks,0.05,2024-06-10 00:00:00+08:00,87711.302601156069,82513.272280270436,6.30,Drug Manufacturers - General,Eli Lilly and Company
LLY,2 weeks,0.05,2024-07-22 00:00:00+08:00,82881.223644324688,91796.324048044978,-9.71,Drug Manufacturers - General,Eli Lilly and Company
LLY,1 week,0.1,2020-03-30 00:00:00+08:00,13858.516932270916,12586.761088709677,10.10,Drug Manufacturers - General,Eli Lilly and Company
LLY,1 week,0.1,2021-01-11 00:00:00+08:00,18578.601161232693,16528.163015792155,12.41,Drug Manufacturers - General,Eli Lilly and Company
LLY,1 week,0.1,2021-06-07 00:00:00+08:00,22404.056463595840,20058.236351958895,11.70,Drug Manufacturers - General,Eli Lilly and Company
LLY,1 week,0.1,2023-08-07 00:00:00+08:00,51024.104735883424,45244.380476982806,12.77,Drug Manufacturers - General,Eli Lilly and Company
LLY,1 week,0.1,2023-10-09 00:00:00+08:00,59474.059596433599,53664.689490445860,10.83,Drug Manufacturers - General,Eli Lilly and Company
LLY,1 week,0.1,2024-02-05 00:00:00+08:00,72146.432651321398,65160.396265560166,10.72,Drug Manufacturers - General,Eli Lilly and Company
LLY,2 weeks,0.1,2020-12-07 00:00:00+08:00,16111.613468179576,14515.250812407681,11.00,Drug Manufacturers - General,Eli Lilly and Company
LLY,2 weeks,0.1,2021-01-11 00:00:00+08:00,19220.767165720186,16528.163015792155,16.29,Drug Manufacturers - General,Eli Lilly and Company
LLY,2 weeks,0.1,2023-05-01 00:00:00+08:00,42593.696196319018,38042.740219892611,11.96,Drug Manufacturers - General,Eli Lilly and Company
LLY,2 weeks,0.1,2023-08-07 00:00:00+08:00,52564.112448832170,45446.140629430111,15.66,Drug Manufacturers - General,Eli Lilly and Company
LLY,2 weeks,0.1,2024-02-05 00:00:00+08:00,73631.132496513250,64154.692039667649,14.77,Drug Manufacturers - General,Eli Lilly and Company
LLY,2 weeks,0.15,2021-01-11 00:00:00+08:00,19220.767165720186,16528.163015792155,16.29,Drug Manufacturers - General,Eli Lilly and Company
LLY,2 weeks,0.15,2023-08-07 00:00:00+08:00,52564.112448832170,45446.140629430111,15.66,Drug Manufacturers - General,Eli Lilly and Company
MA,1 week,0.05,2014-01-20 00:00:00+08:00,22575.223516949153,82428.388920946336,-72.61,Financial - Credit Services,Mastercard Incorporated
MA,1 week,0.05,2014-01-27 00:00:00+08:00,7771.4020783373301359,22575.223516949153,-65.58,Financial - Credit Services,Mastercard Incorporated
MA,1 week,0.05,2014-10-27 00:00:00+08:00,7836.1651248843663275,7348.8095238095238095,6.63,Financial - Credit Services,Mastercard Incorporated
MA,1 week,0.05,2014-11-03 00:00:00+08:00,8497.7265586647029946,7836.1651248843663275,8.44,Financial - Credit Services,Mastercard Incorporated
MA,1 week,0.05,2015-08-24 00:00:00+08:00,9082.9898897058823529,9581.7365063788027478,-5.21,Financial - Credit Services,Mastercard Incorporated
MA,1 week,0.05,2015-10-05 00:00:00+08:00,9472.4768378650553877,8966.8421314741035857,5.64,Financial - Credit Services,Mastercard Incorporated
MA,1 week,0.05,2016-01-04 00:00:00+08:00,9318.5590863952333664,9891.1700636942675159,-5.79,Financial - Credit Services,Mastercard Incorporated
MA,1 week,0.05,2018-10-08 00:00:00+08:00,20329.572443181818,22019.296537882589,-7.67,Financial - Credit Services,Mastercard Incorporated
MA,1 week,0.05,2018-11-19 00:00:00+08:00,18798.992592592593,19926.971851851852,-5.66,Financial - Credit Services,Mastercard Incorporated
MA,1 week,0.05,2018-12-17 00:00:00+08:00,18775.168650793651,19806.450941526264,-5.21,Financial - Credit Services,Mastercard Incorporated
MA,1 week,0.05,2020-02-24 00:00:00+08:00,30196.772230889236,34232.417058823529,-11.79,Financial - Credit Services,Mastercard Incorporated
MA,1 week,0.05,2020-03-09 00:00:00+08:00,26146.141563786008,29444.479463899697,-11.20,Financial - Credit Services,Mastercard Incorporated
MA,1 week,0.05,2020-03-16 00:00:00+08:00,23078.445829750645,26146.141563786008,-11.73,Financial - Credit Services,Mastercard Incorporated
MA,1 week,0.05,2020-04-06 00:00:00+08:00,26673.793233082707,23985.673726904011,11.21,Financial - Credit Services,Mastercard Incorporated
MA,1 week,0.05,2020-04-27 00:00:00+08:00,27191.188188629352,25397.342363381597,7.06,Financial - Credit Services,Mastercard Incorporated
MA,1 week,0.05,2020-05-18 00:00:00+08:00,29471.502385496183,27547.054863992623,6.99,Financial - Credit Services,Mastercard Incorporated
MA,1 week,0.05,2020-08-24 00:00:00+08:00,35132.425925925926,33265.097476496784,5.61,Financial - Credit Services,Mastercard Incorporated
MA,1 week,0.05,2020-10-26 00:00:00+08:00,30183.246068455134,33330.604882909816,-9.44,Financial - Credit Services,Mastercard Incorporated
MA,1 week,0.05,2020-11-09 00:00:00+08:00,33631.914656771800,30542.067567567568,10.12,Financial - Credit Services,Mastercard Incorporated
MA,1 week,0.05,2021-01-04 00:00:00+08:00,35055.763105835806,33312.326501766784,5.23,Financial - Credit Services,Mastercard Incorporated
MA,1 week,0.05,2021-03-08 00:00:00+08:00,37986.035436893204,35907.592501233350,5.79,Financial - Credit Services,Mastercard Incorporated
MA,1 week,0.05,2021-11-08 00:00:00+08:00,35342.167074963253,33472.473965936740,5.59,Financial - Credit Services,Mastercard Incorporated
MA,1 week,0.05,2021-11-22 00:00:00+08:00,32787.894702419882,35562.525000000000,-7.80,Financial - Credit Services,Mastercard Incorporated
MA,1 week,0.05,2021-12-06 00:00:00+08:00,34146.695717131474,31734.942883463842,7.60,Financial - Credit Services,Mastercard Incorporated
MA,1 week,0.05,2022-01-31 00:00:00+08:00,38792.210986874088,35032.965743782262,10.73,Financial - Credit Services,Mastercard Incorporated
MA,1 week,0.05,2022-02-28 00:00:00+08:00,34590.258287976249,36511.223463687151,-5.26,Financial - Credit Services,Mastercard Incorporated
MA,1 week,0.05,2022-03-07 00:00:00+08:00,32189.439800995025,34590.258287976249,-6.94,Financial - Credit Services,Mastercard Incorporated
MA,1 week,0.05,2022-03-14 00:00:00+08:00,34080.557942057942,32189.439800995025,5.87,Financial - Credit Services,Mastercard Incorporated
MA,1 week,0.05,2022-05-09 00:00:00+08:00,32716.188094047024,35489.200202736949,-7.81,Financial - Credit Services,Mastercard Incorporated
MA,1 week,0.05,2022-06-13 00:00:00+08:00,31801.918049270990,35604.666493506494,-10.68,Financial - Credit Services,Mastercard Incorporated
MA,1 week,0.05,2022-09-19 00:00:00+08:00,30533.519328585961,32508.947233606557,-6.08,Financial - Credit Services,Mastercard Incorporated
MA,1 week,0.05,2022-09-26 00:00:00+08:00,28894.705043859649,30533.519328585961,-5.37,Financial - Credit Services,Mastercard Incorporated
MA,1 week,0.05,2022-10-24 00:00:00+08:00,31659.172647914646,29808.892176529589,6.21,Financial - Credit Services,Mastercard Incorporated
MA,1 week,0.05,2023-01-09 00:00:00+08:00,37442.149949849549,35477.208226221080,5.54,Financial - Credit Services,Mastercard Incorporated
MA,2 weeks,0.05,2014-01-20 00:00:00+08:00,14138.056947608200,83007.906046235922,-82.97,Financial - Credit Services,Mastercard Incorporated
MA,2 weeks,0.05,2014-02-03 00:00:00+08:00,7528.3902894491129785,14138.056947608200,-46.75,Financial - Credit Services,Mastercard Incorporated
MA,2 weeks,0.05,2014-10-27 00:00:00+08:00,8157.0988330554894022,7216.8663708086785010,13.03,Financial - Credit Services,Mastercard Incorporated
MA,2 weeks,0.05,2015-02-16 00:00:00+08:00,9010.6938271604938272,8459.2027902341803687,6.52,Financial - Credit Services,Mastercard Incorporated
MA,2 weeks,0.05,2015-10-12 00:00:00+08:00,9712.3003283657489265,9218.2669003505257887,5.36,Financial - Credit Services,Mastercard Incorporated
MA,2 weeks,0.05,2015-12-28 00:00:00+08:00,9318.5590863952333664,9834.0172180958811614,-5.24,Financial - Credit Services,Mastercard Incorporated
MA,2 weeks,0.05,2016-06-27 00:00:00+08:00,8910.3630537754249094,9399.4589299171062547,-5.20,Financial - Credit Services,Mastercard Incorporated
MA,2 weeks,0.05,2018-01-08 00:00:00+08:00,16202.577746478873,15318.869874071682,5.77,Financial - Credit Services,Mastercard Incorporated
MA,2 weeks,0.05,2018-04-30 00:00:00+08:00,18695.163231064238,17644.210109018831,5.96,Financial - Credit Services,Mastercard Incorporated
MA,2 weeks,0.05,2019-01-07 00:00:00+08:00,19569.354727227845,18490.801354401806,5.83,Financial - Credit Services,Mastercard Incorporated
MA,2 weeks,0.05,2019-02-04 00:00:00+08:00,21707.877855014896,20296.232014865941,6.96,Financial - Credit Services,Mastercard Incorporated
MA,2 weeks,0.05,2020-03-02 00:00:00+08:00,27754.628926839553,31805.730065666041,-12.74,Financial - Credit Services,Mastercard Incorporated
MA,2 weeks,0.05,2020-03-16 00:00:00+08:00,23516.178397801733,27754.628926839553,-15.27,Financial - Credit Services,Mastercard Incorporated
MA,2 weeks,0.05,2020-03-30 00:00:00+08:00,25212.157069345749,23516.178397801733,7.21,Financial - Credit Services,Mastercard Incorporated
MA,2 weeks,0.05,2020-04-27 00:00:00+08:00,27364.942688196498,25660.618392311053,6.64,Financial - Credit Services,Mastercard Incorporated
MA,2 weeks,0.05,2020-05-25 00:00:00+08:00,30338.533105622701,28492.809144196952,6.48,Financial - Credit Services,Mastercard Incorporated
MA,2 weeks,0.05,2020-08-17 00:00:00+08:00,34193.418512067679,32449.614547253835,5.37,Financial - Credit Services,Mastercard Incorporated
MA,2 weeks,0.05,2020-10-26 00:00:00+08:00,30358.843174303259,33897.813976622731,-10.44,Financial - Credit Services,Mastercard Incorporated
MA,2 weeks,0.05,2020-11-09 00:00:00+08:00,33554.993757503001,30358.843174303259,10.53,Financial - Credit Services,Mastercard Incorporated
MA,2 weeks,0.05,2021-02-22 00:00:00+08:00,35542.484551250613,33732.344000000000,5.37,Financial - Credit Services,Mastercard Incorporated
MA,2 weeks,0.05,2021-03-08 00:00:00+08:00,37672.893265256504,35542.484551250613,5.99,Financial - Credit Services,Mastercard Incorporated
MA,2 weeks,0.05,2021-12-13 00:00:00+08:00,34752.895764576458,32893.784637473080,5.65,Financial - Credit Services,Mastercard Incorporated
MA,2 weeks,0.05,2021-12-27 00:00:00+08:00,36709.265394402036,34752.895764576458,5.63,Financial - Credit Services,Mastercard Incorporated
MA,2 weeks,0.05,2022-02-21 00:00:00+08:00,35442.316354625551,37659.485242621311,-5.89,Financial - Credit Services,Mastercard Incorporated
MA,2 weeks,0.05,2022-03-07 00:00:00+08:00,33133.113409770688,35442.316354625551,-6.52,Financial - Credit Services,Mastercard Incorporated
MA,2 weeks,0.05,2022-03-21 00:00:00+08:00,35352.179146434960,33133.113409770688,6.70,Financial - Credit Services,Mastercard Incorporated
MA,2 weeks,0.05,2022-05-02 00:00:00+08:00,34093.618328298087,36182.241668723772,-5.77,Financial - Credit Services,Mastercard Incorporated
MA,2 weeks,0.05,2022-05-30 00:00:00+08:00,35730.968036529680,34019.796981132075,5.03,Financial - Credit Services,Mastercard Incorporated
MA,2 weeks,0.05,2022-06-13 00:00:00+08:00,31874.980364656381,35730.968036529680,-10.79,Financial - Credit Services,Mastercard Incorporated
MA,2 weeks,0.05,2022-07-25 00:00:00+08:00,34946.099342770475,33245.207411219763,5.12,Financial - Credit Services,Mastercard Incorporated
MA,2 weeks,0.05,2022-08-22 00:00:00+08:00,33381.868908001042,35411.998226051698,-5.73,Financial - Credit Services,Mastercard Incorporated
MA,2 weeks,0.05,2022-09-19 00:00:00+08:00,29744.812928759894,32612.095616357752,-8.79,Financial - Credit Services,Mastercard Incorporated
MA,2 weeks,0.05,2022-10-31 00:00:00+08:00,32534.762328418912,30749.542652859961,5.81,Financial - Credit Services,Mastercard Incorporated
MA,2 weeks,0.05,2022-11-14 00:00:00+08:00,34341.424469039785,32534.762328418912,5.55,Financial - Credit Services,Mastercard Incorporated
MA,2 weeks,0.05,2023-01-09 00:00:00+08:00,37336.266181003082,35052.154302670623,6.52,Financial - Credit Services,Mastercard Incorporated
MA,1 week,0.1,2014-01-20 00:00:00+08:00,22575.223516949153,82428.388920946336,-72.61,Financial - Credit Services,Mastercard Incorporated
MA,1 week,0.1,2014-01-27 00:00:00+08:00,7771.4020783373301359,22575.223516949153,-65.58,Financial - Credit Services,Mastercard Incorporated
MA,1 week,0.1,2020-02-24 00:00:00+08:00,30196.772230889236,34232.417058823529,-11.79,Financial - Credit Services,Mastercard Incorporated
MA,1 week,0.1,2020-03-09 00:00:00+08:00,26146.141563786008,29444.479463899697,-11.20,Financial - Credit Services,Mastercard Incorporated
MA,1 week,0.1,2020-03-16 00:00:00+08:00,23078.445829750645,26146.141563786008,-11.73,Financial - Credit Services,Mastercard Incorporated
MA,1 week,0.1,2020-04-06 00:00:00+08:00,26673.793233082707,23985.673726904011,11.21,Financial - Credit Services,Mastercard Incorporated
MA,1 week,0.1,2020-11-09 00:00:00+08:00,33631.914656771800,30542.067567567568,10.12,Financial - Credit Services,Mastercard Incorporated
MA,1 week,0.1,2022-01-31 00:00:00+08:00,38792.210986874088,35032.965743782262,10.73,Financial - Credit Services,Mastercard Incorporated
MA,1 week,0.1,2022-06-13 00:00:00+08:00,31801.918049270990,35604.666493506494,-10.68,Financial - Credit Services,Mastercard Incorporated
MA,2 weeks,0.1,2014-01-20 00:00:00+08:00,14138.056947608200,83007.906046235922,-82.97,Financial - Credit Services,Mastercard Incorporated
MA,2 weeks,0.1,2014-02-03 00:00:00+08:00,7528.3902894491129785,14138.056947608200,-46.75,Financial - Credit Services,Mastercard Incorporated
MA,2 weeks,0.1,2014-10-27 00:00:00+08:00,8157.0988330554894022,7216.8663708086785010,13.03,Financial - Credit Services,Mastercard Incorporated
MA,2 weeks,0.1,2020-03-02 00:00:00+08:00,27754.628926839553,31805.730065666041,-12.74,Financial - Credit Services,Mastercard Incorporated
MA,2 weeks,0.1,2020-03-16 00:00:00+08:00,23516.178397801733,27754.628926839553,-15.27,Financial - Credit Services,Mastercard Incorporated
MA,2 weeks,0.1,2020-10-26 00:00:00+08:00,30358.843174303259,33897.813976622731,-10.44,Financial - Credit Services,Mastercard Incorporated
MA,2 weeks,0.1,2020-11-09 00:00:00+08:00,33554.993757503001,30358.843174303259,10.53,Financial - Credit Services,Mastercard Incorporated
MA,2 weeks,0.1,2022-06-13 00:00:00+08:00,31874.980364656381,35730.968036529680,-10.79,Financial - Credit Services,Mastercard Incorporated
MA,1 week,0.15,2014-01-20 00:00:00+08:00,22575.223516949153,82428.388920946336,-72.61,Financial - Credit Services,Mastercard Incorporated
MA,1 week,0.15,2014-01-27 00:00:00+08:00,7771.4020783373301359,22575.223516949153,-65.58,Financial - Credit Services,Mastercard Incorporated
MA,2 weeks,0.15,2014-01-20 00:00:00+08:00,14138.056947608200,83007.906046235922,-82.97,Financial - Credit Services,Mastercard Incorporated
MA,2 weeks,0.15,2014-02-03 00:00:00+08:00,7528.3902894491129785,14138.056947608200,-46.75,Financial - Credit Services,Mastercard Incorporated
MA,2 weeks,0.15,2020-03-16 00:00:00+08:00,23516.178397801733,27754.628926839553,-15.27,Financial - Credit Services,Mastercard Incorporated
META,1 week,0.05,2022-01-24 00:00:00+08:00,1233.0286624203821656,1345.8085230589608873,-8.38,Internet Content & Information,"Meta Platforms, Inc."
META,1 week,0.05,2022-06-06 00:00:00+08:00,18445.156845753899,1233.0286624203821656,1395.92,Internet Content & Information,"Meta Platforms, Inc."
META,1 week,0.05,2022-06-13 00:00:00+08:00,16503.460322686862,18445.156845753899,-10.53,Internet Content & Information,"Meta Platforms, Inc."
META,1 week,0.05,2022-07-18 00:00:00+08:00,17504.312974683544,16256.741888443310,7.67,Internet Content & Information,"Meta Platforms, Inc."
META,1 week,0.05,2022-07-25 00:00:00+08:00,16256.378890775325,17504.312974683544,-7.13,Internet Content & Information,"Meta Platforms, Inc."
META,1 week,0.05,2022-08-08 00:00:00+08:00,17504.748056537102,16462.618800648298,6.33,Internet Content & Information,"Meta Platforms, Inc."
META,1 week,0.05,2022-08-22 00:00:00+08:00,16417.751094890511,17560.622317596567,-6.51,Internet Content & Information,"Meta Platforms, Inc."
META,1 week,0.05,2022-09-19 00:00:00+08:00,14405.587878787879,15469.093529592150,-6.88,Internet Content & Information,"Meta Platforms, Inc."
META,1 week,0.05,2022-10-10 00:00:00+08:00,12955.637942779292,13810.205872311369,-6.19,Internet Content & Information,"Meta Platforms, Inc."
META,1 week,0.05,2022-10-24 00:00:00+08:00,11603.195248700817,13201.680468046805,-12.11,Internet Content & Information,"Meta Platforms, Inc."
META,1 week,0.05,2022-10-31 00:00:00+08:00,9250.6966025809849881,11603.195248700817,-20.27,Internet Content & Information,"Meta Platforms, Inc."
META,1 week,0.05,2022-11-07 00:00:00+08:00,10264.505957108817,9250.6966025809849881,10.96,Internet Content & Information,"Meta Platforms, Inc."
META,1 week,0.05,2022-11-14 00:00:00+08:00,11376.303088803089,10264.505957108817,10.83,Internet Content & Information,"Meta Platforms, Inc."
META,1 week,0.05,2023-01-02 00:00:00+08:00,12652.091219096334,11809.255866425993,7.14,Internet Content & Information,"Meta Platforms, Inc."
META,1 week,0.05,2023-01-09 00:00:00+08:00,13310.949176305643,12652.091219096334,5.21,Internet Content & Information,"Meta Platforms, Inc."
META,1 week,0.05,2023-01-23 00:00:00+08:00,14440.169325952458,13570.106263498920,6.41,Internet Content & Information,"Meta Platforms, Inc."
META,1 week,0.05,2023-01-30 00:00:00+08:00,16736.617049706040,14440.169325952458,15.90,Internet Content & Information,"Meta Platforms, Inc."
META,1 week,0.05,2023-02-06 00:00:00+08:00,18403.058914250463,16736.617049706040,9.96,Internet Content & Information,"Meta Platforms, Inc."
META,1 week,0.05,2023-03-06 00:00:00+08:00,18481.575686537173,17516.383878427486,5.51,Internet Content & Information,"Meta Platforms, Inc."
META,1 week,0.05,2023-03-13 00:00:00+08:00,19658.431934091801,18481.575686537173,6.37,Internet Content & Information,"Meta Platforms, Inc."
META,1 week,0.05,2023-05-01 00:00:00+08:00,23770.024604569420,22424.374573378840,6.00,Internet Content & Information,"Meta Platforms, Inc."
META,1 week,0.05,2023-05-29 00:00:00+08:00,26784.459527824621,25087.311518324607,6.76,Internet Content & Information,"Meta Platforms, Inc."
META,1 week,0.05,2023-10-09 00:00:00+08:00,32177.834941050375,30460.793713872832,5.64,Internet Content & Information,"Meta Platforms, Inc."
META,1 week,0.05,2023-12-18 00:00:00+08:00,35018.551669941061,33151.418382913806,5.63,Internet Content & Information,"Meta Platforms, Inc."
META,1 week,0.05,2024-01-08 00:00:00+08:00,36508.216849263317,34686.771825396825,5.25,Internet Content & Information,"Meta Platforms, Inc."
META,1 week,0.05,2024-01-29 00:00:00+08:00,41891.724472333143,38973.285098743268,7.49,Internet Content & Information,"Meta Platforms, Inc."
META,1 week,0.05,2024-02-05 00:00:00+08:00,46519.318990617923,41891.724472333143,11.05,Internet Content & Information,"Meta Platforms, Inc."
META,1 week,0.05,2024-04-22 00:00:00+08:00,46427.399947131906,49926.962870403427,-7.01,Internet Content & Information,"Meta Platforms, Inc."
META,1 week,0.05,2024-04-29 00:00:00+08:00,43824.601740294511,46427.399947131906,-5.61,Internet Content & Information,"Meta Platforms, Inc."
META,1 week,0.05,2024-05-06 00:00:00+08:00,46912.447185813416,43824.601740294511,7.05,Internet Content & Information,"Meta Platforms, Inc."
META,1 week,0.05,2024-07-15 00:00:00+08:00,48162.810020876827,52322.070670084218,-7.95,Internet Content & Information,"Meta Platforms, Inc."
META,2 weeks,0.05,2021-10-18 00:00:00+08:00,1512.1416490486257928,1427.7591973244147157,5.91,Internet Content & Information,"Meta Platforms, Inc."
META,2 weeks,0.05,2021-11-01 00:00:00+08:00,1595.4905699481865285,1512.1416490486257928,5.51,Internet Content & Information,"Meta Platforms, Inc."
META,2 weeks,0.05,2021-11-29 00:00:00+08:00,1574.3953737417005783,1658.0238095238095238,-5.04,Internet Content & Information,"Meta Platforms, Inc."
META,2 weeks,0.05,2022-01-10 00:00:00+08:00,1383.0614895308772860,1497.7648801508214382,-7.66,Internet Content & Information,"Meta Platforms, Inc."
META,2 weeks,0.05,2022-01-24 00:00:00+08:00,1233.0286624203821656,1383.0614895308772860,-10.85,Internet Content & Information,"Meta Platforms, Inc."
META,2 weeks,0.05,2022-05-30 00:00:00+08:00,18445.156845753899,1233.0286624203821656,1395.92,Internet Content & Information,"Meta Platforms, Inc."
META,2 weeks,0.05,2022-06-13 00:00:00+08:00,16277.413505698248,18445.156845753899,-11.75,Internet Content & Information,"Meta Platforms, Inc."
META,2 weeks,0.05,2022-08-08 00:00:00+08:00,17532.516352648418,16352.503701465478,7.22,Internet Content & Information,"Meta Platforms, Inc."
META,2 weeks,0.05,2022-08-22 00:00:00+08:00,16284.725649913345,17532.516352648418,-7.12,Internet Content & Information,"Meta Platforms, Inc."
META,2 weeks,0.05,2022-09-19 00:00:00+08:00,14356.210122263293,15721.276300797569,-8.68,Internet Content & Information,"Meta Platforms, Inc."
META,2 weeks,0.05,2022-10-03 00:00:00+08:00,13382.411935208866,14356.210122263293,-6.78,Internet Content & Information,"Meta Platforms, Inc."
META,2 weeks,0.05,2022-10-17 00:00:00+08:00,12325.700162733930,13382.411935208866,-7.90,Internet Content & Information,"Meta Platforms, Inc."
META,2 weeks,0.05,2022-10-31 00:00:00+08:00,9756.2627409559017692,12325.700162733930,-20.85,Internet Content & Information,"Meta Platforms, Inc."
META,2 weeks,0.05,2022-11-14 00:00:00+08:00,11271.707263681592,9756.2627409559017692,15.53,Internet Content & Information,"Meta Platforms, Inc."
META,2 weeks,0.05,2023-01-09 00:00:00+08:00,13427.038312693498,12242.682376150811,9.67,Internet Content & Information,"Meta Platforms, Inc."
META,2 weeks,0.05,2023-01-23 00:00:00+08:00,15701.479671216791,13427.038312693498,16.94,Internet Content & Information,"Meta Platforms, Inc."
META,2 weeks,0.05,2023-02-06 00:00:00+08:00,18019.383579014107,15701.479671216791,14.76,Internet Content & Information,"Meta Platforms, Inc."
META,2 weeks,0.05,2023-03-06 00:00:00+08:00,19023.546160794941,17367.890650931219,9.53,Internet Content & Information,"Meta Platforms, Inc."
META,2 weeks,0.05,2023-03-20 00:00:00+08:00,20344.327413757910,19023.546160794941,6.94,Internet Content & Information,"Meta Platforms, Inc."
META,2 weeks,0.05,2023-04-03 00:00:00+08:00,21477.009591836735,20344.327413757910,5.57,Internet Content & Information,"Meta Platforms, Inc."
META,2 weeks,0.05,2023-05-01 00:00:00+08:00,23598.108648255814,22045.450390015601,7.04,Internet Content & Information,"Meta Platforms, Inc."
META,2 weeks,0.05,2023-05-29 00:00:00+08:00,26816.063565000957,24638.678504989007,8.84,Internet Content & Information,"Meta Platforms, Inc."
META,2 weeks,0.05,2023-07-10 00:00:00+08:00,30573.864659270998,28851.142994982632,5.97,Internet Content & Information,"Meta Platforms, Inc."
META,2 weeks,0.05,2023-11-13 00:00:00+08:00,33538.837472283814,31329.760581289737,7.05,Internet Content & Information,"Meta Platforms, Inc."
META,2 weeks,0.05,2024-01-22 00:00:00+08:00,40599.743284056589,36875.328784119107,10.10,Internet Content & Information,"Meta Platforms, Inc."
META,2 weeks,0.05,2024-02-05 00:00:00+08:00,46876.841469637693,40599.743284056589,15.46,Internet Content & Information,"Meta Platforms, Inc."
META,2 weeks,0.05,2024-04-15 00:00:00+08:00,47916.202460510328,51253.532081086107,-6.51,Internet Content & Information,"Meta Platforms, Inc."
META,2 weeks,0.05,2024-04-29 00:00:00+08:00,45259.548190612684,47916.202460510328,-5.54,Internet Content & Information,"Meta Platforms, Inc."
META,2 weeks,0.05,2024-07-22 00:00:00+08:00,47414.878076486179,50189.382872435326,-5.53,Internet Content & Information,"Meta Platforms, Inc."
META,1 week,0.1,2022-06-06 00:00:00+08:00,18445.156845753899,1233.0286624203821656,1395.92,Internet Content & Information,"Meta Platforms, Inc."
META,1 week,0.1,2022-06-13 00:00:00+08:00,16503.460322686862,18445.156845753899,-10.53,Internet Content & Information,"Meta Platforms, Inc."
META,1 week,0.1,2022-10-24 00:00:00+08:00,11603.195248700817,13201.680468046805,-12.11,Internet Content & Information,"Meta Platforms, Inc."
META,1 week,0.1,2022-10-31 00:00:00+08:00,9250.6966025809849881,11603.195248700817,-20.27,Internet Content & Information,"Meta Platforms, Inc."
META,1 week,0.1,2022-11-07 00:00:00+08:00,10264.505957108817,9250.6966025809849881,10.96,Internet Content & Information,"Meta Platforms, Inc."
META,1 week,0.1,2022-11-14 00:00:00+08:00,11376.303088803089,10264.505957108817,10.83,Internet Content & Information,"Meta Platforms, Inc."
META,1 week,0.1,2023-01-30 00:00:00+08:00,16736.617049706040,14440.169325952458,15.90,Internet Content & Information,"Meta Platforms, Inc."
META,1 week,0.1,2024-02-05 00:00:00+08:00,46519.318990617923,41891.724472333143,11.05,Internet Content & Information,"Meta Platforms, Inc."
META,2 weeks,0.1,2022-01-24 00:00:00+08:00,1233.0286624203821656,1383.0614895308772860,-10.85,Internet Content & Information,"Meta Platforms, Inc."
META,2 weeks,0.1,2022-05-30 00:00:00+08:00,18445.156845753899,1233.0286624203821656,1395.92,Internet Content & Information,"Meta Platforms, Inc."
META,2 weeks,0.1,2022-06-13 00:00:00+08:00,16277.413505698248,18445.156845753899,-11.75,Internet Content & Information,"Meta Platforms, Inc."
META,2 weeks,0.1,2022-10-31 00:00:00+08:00,9756.2627409559017692,12325.700162733930,-20.85,Internet Content & Information,"Meta Platforms, Inc."
META,2 weeks,0.1,2022-11-14 00:00:00+08:00,11271.707263681592,9756.2627409559017692,15.53,Internet Content & Information,"Meta Platforms, Inc."
META,2 weeks,0.1,2023-01-23 00:00:00+08:00,15701.479671216791,13427.038312693498,16.94,Internet Content & Information,"Meta Platforms, Inc."
META,2 weeks,0.1,2023-02-06 00:00:00+08:00,18019.383579014107,15701.479671216791,14.76,Internet Content & Information,"Meta Platforms, Inc."
META,2 weeks,0.1,2024-01-22 00:00:00+08:00,40599.743284056589,36875.328784119107,10.10,Internet Content & Information,"Meta Platforms, Inc."
META,2 weeks,0.1,2024-02-05 00:00:00+08:00,46876.841469637693,40599.743284056589,15.46,Internet Content & Information,"Meta Platforms, Inc."
META,1 week,0.15,2022-06-06 00:00:00+08:00,18445.156845753899,1233.0286624203821656,1395.92,Internet Content & Information,"Meta Platforms, Inc."
META,1 week,0.15,2022-10-31 00:00:00+08:00,9250.6966025809849881,11603.195248700817,-20.27,Internet Content & Information,"Meta Platforms, Inc."
META,1 week,0.15,2023-01-30 00:00:00+08:00,16736.617049706040,14440.169325952458,15.90,Internet Content & Information,"Meta Platforms, Inc."
META,2 weeks,0.15,2022-05-30 00:00:00+08:00,18445.156845753899,1233.0286624203821656,1395.92,Internet Content & Information,"Meta Platforms, Inc."
META,2 weeks,0.15,2022-10-31 00:00:00+08:00,9756.2627409559017692,12325.700162733930,-20.85,Internet Content & Information,"Meta Platforms, Inc."
META,2 weeks,0.15,2022-11-14 00:00:00+08:00,11271.707263681592,9756.2627409559017692,15.53,Internet Content & Information,"Meta Platforms, Inc."
META,2 weeks,0.15,2023-01-23 00:00:00+08:00,15701.479671216791,13427.038312693498,16.94,Internet Content & Information,"Meta Platforms, Inc."
META,2 weeks,0.15,2024-02-05 00:00:00+08:00,46876.841469637693,40599.743284056589,15.46,Internet Content & Information,"Meta Platforms, Inc."
MRK,1 week,0.05,2014-01-13 00:00:00+08:00,5246.6066350710900474,4984.9024390243902439,5.25,Drug Manufacturers - General,"Merck & Co., Inc."
MRK,1 week,0.05,2014-10-13 00:00:00+08:00,5534.4651277013752456,5939.8749372174786539,-6.83,Drug Manufacturers - General,"Merck & Co., Inc."
MRK,1 week,0.05,2015-01-05 00:00:00+08:00,6073.9757869249394673,5751.5389937106918239,5.61,Drug Manufacturers - General,"Merck & Co., Inc."
MRK,1 week,0.05,2015-08-24 00:00:00+08:00,5418.9835988753514527,5854.6787128712871287,-7.44,Drug Manufacturers - General,"Merck & Co., Inc."
MRK,1 week,0.05,2015-10-26 00:00:00+08:00,5418.6645064805583250,5125.6007085020242915,5.72,Drug Manufacturers - General,"Merck & Co., Inc."
MRK,1 week,0.05,2016-08-08 00:00:00+08:00,6289.4978417266187050,5923.0485110470701249,6.19,Drug Manufacturers - General,"Merck & Co., Inc."
MRK,1 week,0.05,2016-11-07 00:00:00+08:00,6273.5355294117647059,5892.9271255060728745,6.46,Drug Manufacturers - General,"Merck & Co., Inc."
MRK,1 week,0.05,2017-10-30 00:00:00+08:00,5542.4885186852769023,6189.5309859154929577,-10.45,Drug Manufacturers - General,"Merck & Co., Inc."
MRK,1 week,0.05,2018-01-15 00:00:00+08:00,6167.2769744160177976,5732.4574838388861263,7.59,Drug Manufacturers - General,"Merck & Co., Inc."
MRK,1 week,0.05,2018-02-05 00:00:00+08:00,5584.1229622729389846,6017.1526239768897448,-7.20,Drug Manufacturers - General,"Merck & Co., Inc."
MRK,1 week,0.05,2019-04-15 00:00:00+08:00,7626.8738518064911206,8051.4979859013091641,-5.27,Drug Manufacturers - General,"Merck & Co., Inc."
MRK,1 week,0.05,2020-03-16 00:00:00+08:00,7213.0695693327023190,7752.0462919225318847,-6.95,Drug Manufacturers - General,"Merck & Co., Inc."
MRK,1 week,0.05,2020-03-30 00:00:00+08:00,7560.5880929332042594,6974.6680497925311203,8.40,Drug Manufacturers - General,"Merck & Co., Inc."
MRK,1 week,0.05,2020-04-06 00:00:00+08:00,8027.4197014925373134,7560.5880929332042594,6.17,Drug Manufacturers - General,"Merck & Co., Inc."
MRK,1 week,0.05,2020-06-15 00:00:00+08:00,7583.2163846838824577,8047.2742960944595822,-5.77,Drug Manufacturers - General,"Merck & Co., Inc."
MRK,1 week,0.05,2021-09-27 00:00:00+08:00,7650.6702786377708978,7267.0761398849048251,5.28,Drug Manufacturers - General,"Merck & Co., Inc."
MRK,1 week,0.05,2021-10-04 00:00:00+08:00,8196.3709515859766277,7650.6702786377708978,7.13,Drug Manufacturers - General,"Merck & Co., Inc."
MRK,1 week,0.05,2021-11-08 00:00:00+08:00,8288.2056384742951907,8755.8338380015140045,-5.34,Drug Manufacturers - General,"Merck & Co., Inc."
MRK,1 week,0.05,2021-11-29 00:00:00+08:00,7493.0341911764705882,8158.1503848431024275,-8.15,Drug Manufacturers - General,"Merck & Co., Inc."
MRK,1 week,0.05,2022-06-13 00:00:00+08:00,8455.0841167738743196,8929.0183259039128281,-5.31,Drug Manufacturers - General,"Merck & Co., Inc."
MRK,1 week,0.05,2022-06-20 00:00:00+08:00,9033.1802469135802469,8455.0841167738743196,6.84,Drug Manufacturers - General,"Merck & Co., Inc."
MRK,1 week,0.05,2022-10-24 00:00:00+08:00,9890.9121974371143806,9400.3549826474962816,5.22,Drug Manufacturers - General,"Merck & Co., Inc."
MRK,1 week,0.05,2022-11-21 00:00:00+08:00,10639.014716187807,10128.561819980218,5.04,Drug Manufacturers - General,"Merck & Co., Inc."
MRK,1 week,0.05,2024-01-01 00:00:00+08:00,11544.333736396614,10825.551637279597,6.64,Drug Manufacturers - General,"Merck & Co., Inc."
MRK,1 week,0.05,2024-07-29 00:00:00+08:00,11944.656121045392,12576.168261964736,-5.02,Drug Manufacturers - General,"Merck & Co., Inc."
MRK,2 weeks,0.05,2014-10-13 00:00:00+08:00,5549.9136442141623489,5935.0440695039032989,-6.49,Drug Manufacturers - General,"Merck & Co., Inc."
MRK,2 weeks,0.05,2015-01-05 00:00:00+08:00,6159.4721135029354207,5771.5428667113194910,6.72,Drug Manufacturers - General,"Merck & Co., Inc."
MRK,2 weeks,0.05,2015-08-31 00:00:00+08:00,5263.5771319934818034,5630.8526721232546943,-6.52,Drug Manufacturers - General,"Merck & Co., Inc."
MRK,2 weeks,0.05,2015-10-26 00:00:00+08:00,5461.8448918717375093,5079.7383548067393459,7.52,Drug Manufacturers - General,"Merck & Co., Inc."
MRK,2 weeks,0.05,2016-08-08 00:00:00+08:00,6305.9896168108776267,5882.0149217221135029,7.21,Drug Manufacturers - General,"Merck & Co., Inc."
MRK,2 weeks,0.05,2017-10-30 00:00:00+08:00,5563.4557112324863453,6271.2110224800580131,-11.29,Drug Manufacturers - General,"Merck & Co., Inc."
MRK,2 weeks,0.05,2018-02-05 00:00:00+08:00,5563.5387374461979914,6077.5603722752877786,-8.46,Drug Manufacturers - General,"Merck & Co., Inc."
MRK,2 weeks,0.05,2018-04-16 00:00:00+08:00,5933.7195325542570952,5523.0741275571600481,7.44,Drug Manufacturers - General,"Merck & Co., Inc."
MRK,2 weeks,0.05,2019-04-15 00:00:00+08:00,7556.4231504231504232,8158.6991747936984246,-7.38,Drug Manufacturers - General,"Merck & Co., Inc."
MRK,2 weeks,0.05,2020-02-17 00:00:00+08:00,8080.8682586530721760,8514.2758291577189215,-5.09,Drug Manufacturers - General,"Merck & Co., Inc."
MRK,2 weeks,0.05,2020-03-16 00:00:00+08:00,7092.3099019149929939,7914.7591275486012328,-10.39,Drug Manufacturers - General,"Merck & Co., Inc."
MRK,2 weeks,0.05,2020-03-30 00:00:00+08:00,7769.6078588612670409,7092.3099019149929939,9.55,Drug Manufacturers - General,"Merck & Co., Inc."
MRK,2 weeks,0.05,2021-01-25 00:00:00+08:00,7804.8640035906642729,8265.1863905325443787,-5.57,Drug Manufacturers - General,"Merck & Co., Inc."
MRK,2 weeks,0.05,2021-05-31 00:00:00+08:00,7443.1742220044106837,7845.0594321462945140,-5.12,Drug Manufacturers - General,"Merck & Co., Inc."
MRK,2 weeks,0.05,2021-10-04 00:00:00+08:00,8076.5558334822226193,7471.7441668387363205,8.09,Drug Manufacturers - General,"Merck & Co., Inc."
MRK,2 weeks,0.05,2021-11-29 00:00:00+08:00,7391.8925718849840256,8241.5694374049670552,-10.31,Drug Manufacturers - General,"Merck & Co., Inc."
MRK,2 weeks,0.05,2022-04-04 00:00:00+08:00,8572.3968988030467900,8102.6822825816097683,5.80,Drug Manufacturers - General,"Merck & Co., Inc."
MRK,2 weeks,0.05,2022-05-16 00:00:00+08:00,9294.3943488943488943,8831.4698149951314508,5.24,Drug Manufacturers - General,"Merck & Co., Inc."
MRK,2 weeks,0.05,2022-06-27 00:00:00+08:00,9266.1235710397387044,8712.2979950563032134,6.36,Drug Manufacturers - General,"Merck & Co., Inc."
MRK,2 weeks,0.05,2022-10-17 00:00:00+08:00,9650.9864209505334627,8954.4075794621026895,7.78,Drug Manufacturers - General,"Merck & Co., Inc."
MRK,2 weeks,0.05,2022-11-28 00:00:00+08:00,10933.902378592666,10339.758190779936,5.75,Drug Manufacturers - General,"Merck & Co., Inc."
MRK,2 weeks,0.05,2023-04-03 00:00:00+08:00,11219.047398529011,10543.559123724172,6.41,Drug Manufacturers - General,"Merck & Co., Inc."
MRK,2 weeks,0.05,2023-12-25 00:00:00+08:00,11192.259099321407,10583.886239443616,5.75,Drug Manufacturers - General,"Merck & Co., Inc."
MRK,2 weeks,0.05,2024-01-08 00:00:00+08:00,11818.717132576806,11192.259099321407,5.60,Drug Manufacturers - General,"Merck & Co., Inc."
MRK,1 week,0.1,2017-10-30 00:00:00+08:00,5542.4885186852769023,6189.5309859154929577,-10.45,Drug Manufacturers - General,"Merck & Co., Inc."
MRK,2 weeks,0.1,2017-10-30 00:00:00+08:00,5563.4557112324863453,6271.2110224800580131,-11.29,Drug Manufacturers - General,"Merck & Co., Inc."
MRK,2 weeks,0.1,2020-03-16 00:00:00+08:00,7092.3099019149929939,7914.7591275486012328,-10.39,Drug Manufacturers - General,"Merck & Co., Inc."
MRK,2 weeks,0.1,2021-11-29 00:00:00+08:00,7391.8925718849840256,8241.5694374049670552,-10.31,Drug Manufacturers - General,"Merck & Co., Inc."
MSFT,1 week,0.05,2014-10-13 00:00:00+08:00,4339.6170033670033670,4579.8810172570390554,-5.25,Software - Infrastructure,Microsoft Corporation
MSFT,1 week,0.05,2015-01-26 00:00:00+08:00,4300.5923344947735192,4645.4464679911699779,-7.42,Software - Infrastructure,Microsoft Corporation
MSFT,1 week,0.05,2015-04-20 00:00:00+08:00,4401.0899613899613900,4181.7751724137931034,5.24,Software - Infrastructure,Microsoft Corporation
MSFT,1 week,0.05,2015-04-27 00:00:00+08:00,4859.8773404661826519,4401.0899613899613900,10.42,Software - Infrastructure,Microsoft Corporation
MSFT,1 week,0.05,2015-08-24 00:00:00+08:00,4259.5977011494252874,4619.3422632794457275,-7.79,Software - Infrastructure,Microsoft Corporation
MSFT,1 week,0.05,2015-10-05 00:00:00+08:00,4679.5985467756584923,4404.7638948728996122,6.24,Software - Infrastructure,Microsoft Corporation
MSFT,1 week,0.05,2015-10-19 00:00:00+08:00,4938.5980355119002645,4692.1954132823698041,5.25,Software - Infrastructure,Microsoft Corporation
MSFT,1 week,0.05,2015-10-26 00:00:00+08:00,5354.8899345335515548,4938.5980355119002645,8.43,Software - Infrastructure,Microsoft Corporation
MSFT,1 week,0.05,2016-02-08 00:00:00+08:00,4953.0203476049173379,5263.9359083191850594,-5.91,Software - Infrastructure,Microsoft Corporation
MSFT,1 week,0.05,2016-04-25 00:00:00+08:00,5088.4321649484536082,5491.9761993306061733,-7.35,Software - Infrastructure,Microsoft Corporation
MSFT,1 week,0.05,2018-02-05 00:00:00+08:00,8870.9238985313751669,9380.7980216975111678,-5.44,Software - Infrastructure,Microsoft Corporation
MSFT,1 week,0.05,2018-12-17 00:00:00+08:00,10290.864352183250,10837.216429107277,-5.04,Software - Infrastructure,Microsoft Corporation
MSFT,1 week,0.05,2019-06-10 00:00:00+08:00,13228.045602605863,12511.831646044244,5.72,Software - Infrastructure,Microsoft Corporation
MSFT,1 week,0.05,2020-02-03 00:00:00+08:00,17980.426470588235,16817.293024585477,6.92,Software - Infrastructure,Microsoft Corporation
MSFT,1 week,0.05,2020-02-24 00:00:00+08:00,16644.294460641399,18471.163409563410,-9.89,Software - Infrastructure,Microsoft Corporation
MSFT,1 week,0.05,2020-03-09 00:00:00+08:00,15092.102826510721,16634.082708710261,-9.27,Software - Infrastructure,Microsoft Corporation
MSFT,1 week,0.05,2020-03-16 00:00:00+08:00,14223.605106593951,15092.102826510721,-5.75,Software - Infrastructure,Microsoft Corporation
MSFT,1 week,0.05,2020-03-30 00:00:00+08:00,15587.449192002191,14664.899059242309,6.29,Software - Infrastructure,Microsoft Corporation
MSFT,1 week,0.05,2020-04-06 00:00:00+08:00,16454.981336952833,15587.449192002191,5.57,Software - Infrastructure,Microsoft Corporation
MSFT,1 week,0.05,2020-08-03 00:00:00+08:00,21339.905930470348,20318.837721984078,5.03,Software - Infrastructure,Microsoft Corporation
MSFT,1 week,0.05,2020-09-07 00:00:00+08:00,20767.064516129032,22306.430446927374,-6.90,Software - Infrastructure,Microsoft Corporation
MSFT,1 week,0.05,2020-10-12 00:00:00+08:00,22087.624236579878,20982.371928643554,5.27,Software - Infrastructure,Microsoft Corporation
MSFT,1 week,0.05,2021-01-25 00:00:00+08:00,23417.583524027460,22271.727272727273,5.14,Software - Infrastructure,Microsoft Corporation
MSFT,1 week,0.05,2021-04-05 00:00:00+08:00,25042.926360725720,23601.317872340426,6.11,Software - Infrastructure,Microsoft Corporation
MSFT,1 week,0.05,2022-01-03 00:00:00+08:00,32272.843475431175,34050.231956773447,-5.22,Software - Infrastructure,Microsoft Corporation
MSFT,1 week,0.05,2022-04-11 00:00:00+08:00,28554.259117896522,30520.550775740480,-6.44,Software - Infrastructure,Microsoft Corporation
MSFT,1 week,0.05,2022-05-09 00:00:00+08:00,26344.953418931024,27988.894681225784,-5.87,Software - Infrastructure,Microsoft Corporation
MSFT,1 week,0.05,2022-06-13 00:00:00+08:00,24636.619530754597,26744.260869565217,-7.88,Software - Infrastructure,Microsoft Corporation
MSFT,1 week,0.05,2022-08-01 00:00:00+08:00,27972.396656534954,26560.754776072659,5.31,Software - Infrastructure,Microsoft Corporation
MSFT,1 week,0.05,2022-08-29 00:00:00+08:00,26195.084214235377,27638.454510408635,-5.22,Software - Infrastructure,Microsoft Corporation
MSFT,1 week,0.05,2022-10-10 00:00:00+08:00,22891.802094240838,24345.530529172320,-5.97,Software - Infrastructure,Microsoft Corporation
MSFT,1 week,0.05,2022-10-31 00:00:00+08:00,22418.653181076672,23655.067632850242,-5.23,Software - Infrastructure,Microsoft Corporation
MSFT,1 week,0.05,2023-02-20 00:00:00+08:00,25242.297481007597,26697.323223039216,-5.45,Software - Infrastructure,Microsoft Corporation
MSFT,1 week,0.05,2023-03-13 00:00:00+08:00,26891.337354409318,25457.541440743610,5.63,Software - Infrastructure,Microsoft Corporation
MSFT,1 week,0.05,2023-11-06 00:00:00+08:00,36140.152076896670,34354.930735930736,5.20,Software - Infrastructure,Microsoft Corporation
MSFT,2 weeks,0.05,2014-10-27 00:00:00+08:00,4706.3129753914988814,4421.1241322988975092,6.45,Software - Infrastructure,Microsoft Corporation
MSFT,2 weeks,0.05,2015-04-27 00:00:00+08:00,4808.3131723158108382,4300.9830010493179433,11.80,Software - Infrastructure,Microsoft Corporation
MSFT,2 weeks,0.05,2015-08-17 00:00:00+08:00,4425.7340017064846416,4689.3697299857887257,-5.62,Software - Infrastructure,Microsoft Corporation
MSFT,2 weeks,0.05,2015-10-12 00:00:00+08:00,4829.7962025316455696,4538.5657749281450365,6.42,Software - Infrastructure,Microsoft Corporation
MSFT,2 weeks,0.05,2015-10-26 00:00:00+08:00,5378.1267575167640061,4829.7962025316455696,11.35,Software - Infrastructure,Microsoft Corporation
MSFT,2 weeks,0.05,2016-07-11 00:00:00+08:00,5441.3452231956612432,5061.5781130145742777,7.50,Software - Infrastructure,Microsoft Corporation
MSFT,2 weeks,0.05,2017-10-30 00:00:00+08:00,8386.6449033977348434,7919.6720964671038714,5.90,Software - Infrastructure,Microsoft Corporation
MSFT,2 weeks,0.05,2018-07-09 00:00:00+08:00,10446.328433196874,9927.6112988894253984,5.22,Software - Infrastructure,Microsoft Corporation
MSFT,2 weeks,0.05,2018-12-24 00:00:00+08:00,9943.2050264550264550,10557.636263736264,-5.82,Software - Infrastructure,Microsoft Corporation
MSFT,2 weeks,0.05,2019-06-10 00:00:00+08:00,13382.236752649470,12516.788570186875,6.91,Software - Infrastructure,Microsoft Corporation
MSFT,2 weeks,0.05,2020-02-03 00:00:00+08:00,18267.687299893276,16753.895782073814,9.04,Software - Infrastructure,Microsoft Corporation
MSFT,2 weeks,0.05,2020-02-17 00:00:00+08:00,17318.059193375249,18267.687299893276,-5.20,Software - Infrastructure,Microsoft Corporation
MSFT,2 weeks,0.05,2020-03-02 00:00:00+08:00,15840.368242819516,17318.059193375249,-8.53,Software - Infrastructure,Microsoft Corporation
MSFT,2 weeks,0.05,2020-03-16 00:00:00+08:00,14441.454876365006,15840.368242819516,-8.83,Software - Infrastructure,Microsoft Corporation
MSFT,2 weeks,0.05,2020-03-30 00:00:00+08:00,15974.932858441952,14441.454876365006,10.62,Software - Infrastructure,Microsoft Corporation
MSFT,2 weeks,0.05,2020-04-13 00:00:00+08:00,17274.235687838223,15974.932858441952,8.13,Software - Infrastructure,Microsoft Corporation
MSFT,2 weeks,0.05,2020-09-14 00:00:00+08:00,20410.960963708448,21611.651494252874,-5.56,Software - Infrastructure,Microsoft Corporation
MSFT,2 weeks,0.05,2021-01-25 00:00:00+08:00,23701.861075452860,21884.151812130178,8.31,Software - Infrastructure,Microsoft Corporation
MSFT,2 weeks,0.05,2021-04-05 00:00:00+08:00,25413.529179385886,23576.482262514781,7.79,Software - Infrastructure,Microsoft Corporation
MSFT,2 weeks,0.05,2021-10-18 00:00:00+08:00,31380.791199456337,29374.807638402242,6.83,Software - Infrastructure,Microsoft Corporation
MSFT,2 weeks,0.05,2021-11-01 00:00:00+08:00,33382.881806592606,31380.791199456337,6.38,Software - Infrastructure,Microsoft Corporation
MSFT,2 weeks,0.05,2022-01-10 00:00:00+08:00,30846.377241604173,33085.910840395480,-6.77,Software - Infrastructure,Microsoft Corporation
MSFT,2 weeks,0.05,2022-03-21 00:00:00+08:00,30608.448866678565,28557.293773370184,7.18,Software - Infrastructure,Microsoft Corporation
MSFT,2 weeks,0.05,2022-06-13 00:00:00+08:00,25087.073910645339,26941.135050127777,-6.88,Software - Infrastructure,Microsoft Corporation
MSFT,2 weeks,0.05,2022-07-25 00:00:00+08:00,27198.598798283262,25822.502111932418,5.33,Software - Infrastructure,Microsoft Corporation
MSFT,2 weeks,0.05,2022-08-08 00:00:00+08:00,28820.536256643888,27198.598798283262,5.96,Software - Infrastructure,Microsoft Corporation
MSFT,2 weeks,0.05,2022-08-22 00:00:00+08:00,26884.351988217968,28820.536256643888,-6.72,Software - Infrastructure,Microsoft Corporation
MSFT,2 weeks,0.05,2022-09-05 00:00:00+08:00,25469.459498061620,26884.351988217968,-5.26,Software - Infrastructure,Microsoft Corporation
MSFT,2 weeks,0.05,2022-09-19 00:00:00+08:00,24060.802534854246,25469.459498061620,-5.53,Software - Infrastructure,Microsoft Corporation
MSFT,2 weeks,0.05,2022-11-14 00:00:00+08:00,24312.263415672913,22845.206698240866,6.42,Software - Infrastructure,Microsoft Corporation
MSFT,2 weeks,0.05,2022-12-26 00:00:00+08:00,23332.111798591850,24665.104504504505,-5.40,Software - Infrastructure,Microsoft Corporation
MSFT,2 weeks,0.05,2023-01-23 00:00:00+08:00,24737.921225710015,23475.552680221811,5.38,Software - Infrastructure,Microsoft Corporation
MSFT,2 weeks,0.05,2023-02-06 00:00:00+08:00,26571.504692082111,24737.921225710015,7.41,Software - Infrastructure,Microsoft Corporation
MSFT,2 weeks,0.05,2023-02-20 00:00:00+08:00,25113.111172566372,26571.504692082111,-5.49,Software - Infrastructure,Microsoft Corporation
MSFT,2 weeks,0.05,2023-03-20 00:00:00+08:00,27798.286817623311,26148.846169273967,6.31,Software - Infrastructure,Microsoft Corporation
MSFT,2 weeks,0.05,2023-05-01 00:00:00+08:00,30771.973479490806,29096.757791905722,5.76,Software - Infrastructure,Microsoft Corporation
MSFT,2 weeks,0.05,2023-10-30 00:00:00+08:00,35233.962136578769,33296.846213652620,5.82,Software - Infrastructure,Microsoft Corporation
MSFT,2 weeks,0.05,2023-11-13 00:00:00+08:00,37306.735655737705,35233.962136578769,5.88,Software - Infrastructure,Microsoft Corporation
MSFT,2 weeks,0.05,2024-07-22 00:00:00+08:00,42736.960714987232,45131.782295789852,-5.31,Software - Infrastructure,Microsoft Corporation
MSFT,1 week,0.1,2015-04-27 00:00:00+08:00,4859.8773404661826519,4401.0899613899613900,10.42,Software - Infrastructure,Microsoft Corporation
MSFT,2 weeks,0.1,2015-04-27 00:00:00+08:00,4808.3131723158108382,4300.9830010493179433,11.80,Software - Infrastructure,Microsoft Corporation
MSFT,2 weeks,0.1,2015-10-26 00:00:00+08:00,5378.1267575167640061,4829.7962025316455696,11.35,Software - Infrastructure,Microsoft Corporation
MSFT,2 weeks,0.1,2020-03-30 00:00:00+08:00,15974.932858441952,14441.454876365006,10.62,Software - Infrastructure,Microsoft Corporation
NFLX,1 week,0.05,2014-01-06 00:00:00+08:00,34262.092264678472,36451.123882503193,-6.01,Entertainment,"Netflix, Inc."
NFLX,1 week,0.05,2014-01-20 00:00:00+08:00,36428.088826554465,33356.105733082707,9.21,Entertainment,"Netflix, Inc."
NFLX,1 week,0.05,2014-01-27 00:00:00+08:00,39869.736122618061,36428.088826554465,9.45,Entertainment,"Netflix, Inc."
NFLX,1 week,0.05,2014-02-10 00:00:00+08:00,43218.563567362429,40987.033016734509,5.44,Entertainment,"Netflix, Inc."
NFLX,1 week,0.05,2014-03-24 00:00:00+08:00,37031.472591362126,42140.923656454043,-12.12,Entertainment,"Netflix, Inc."
NFLX,1 week,0.05,2014-04-21 00:00:00+08:00,35172.782972253896,33108.379120879121,6.24,Entertainment,"Netflix, Inc."
NFLX,1 week,0.05,2014-04-28 00:00:00+08:00,32403.981809913597,35172.782972253896,-7.87,Entertainment,"Netflix, Inc."
NFLX,1 week,0.05,2014-05-19 00:00:00+08:00,38028.771695594126,34520.320827320827,10.16,Entertainment,"Netflix, Inc."
NFLX,1 week,0.05,2014-05-26 00:00:00+08:00,40627.068469505178,38028.771695594126,6.83,Entertainment,"Netflix, Inc."
NFLX,1 week,0.05,2014-09-15 00:00:00+08:00,45718.245758603975,48134.302554027505,-5.02,Entertainment,"Netflix, Inc."
NFLX,1 week,0.05,2014-10-13 00:00:00+08:00,39498.407178695484,46055.527326440177,-14.24,Entertainment,"Netflix, Inc."
NFLX,1 week,0.05,2014-10-20 00:00:00+08:00,37351.307412460209,39498.407178695484,-5.44,Entertainment,"Netflix, Inc."
NFLX,1 week,0.05,2014-11-24 00:00:00+08:00,35209.537354352296,37428.724329792615,-5.93,Entertainment,"Netflix, Inc."
NFLX,1 week,0.05,2015-01-19 00:00:00+08:00,40199.210131332083,32531.843258694616,23.57,Entertainment,"Netflix, Inc."
NFLX,1 week,0.05,2015-01-26 00:00:00+08:00,44550.224943310658,40199.210131332083,10.82,Entertainment,"Netflix, Inc."
NFLX,1 week,0.05,2015-03-09 00:00:00+08:00,44310.605670103093,47045.691391445587,-5.81,Entertainment,"Netflix, Inc."
NFLX,1 week,0.05,2015-04-13 00:00:00+08:00,51322.983476764200,43534.582338902148,17.89,Entertainment,"Netflix, Inc."
NFLX,1 week,0.05,2015-04-20 00:00:00+08:00,56223.658008658009,51322.983476764200,9.55,Entertainment,"Netflix, Inc."
NFLX,1 week,0.05,2015-06-08 00:00:00+08:00,65559.330145719490,62425.731034482759,5.02,Entertainment,"Netflix, Inc."
NFLX,1 week,0.05,2015-07-13 00:00:00+08:00,28105.387895892129,66396.143333333333,-57.67,Entertainment,"Netflix, Inc."
NFLX,1 week,0.05,2015-07-20 00:00:00+08:00,11131.225705329154,28105.387895892129,-60.39,Entertainment,"Netflix, Inc."
NFLX,1 week,0.05,2015-08-03 00:00:00+08:00,12162.832858161083,10898.781664656212,11.60,Entertainment,"Netflix, Inc."
NFLX,1 week,0.05,2015-08-24 00:00:00+08:00,10810.760899750069,11762.867302052786,-8.09,Entertainment,"Netflix, Inc."
NFLX,1 week,0.05,2015-09-07 00:00:00+08:00,9839.9966527196652720,10549.498089920658,-6.73,Entertainment,"Netflix, Inc."
NFLX,1 week,0.05,2015-10-05 00:00:00+08:00,11033.709515260323,10198.700670141474,8.19,Entertainment,"Netflix, Inc."
NFLX,1 week,0.05,2015-10-19 00:00:00+08:00,9917.3613803799922451,10673.829878249424,-7.09,Entertainment,"Netflix, Inc."
NFLX,1 week,0.05,2015-10-26 00:00:00+08:00,10444.893906181499,9917.3613803799922451,5.32,Entertainment,"Netflix, Inc."
NFLX,1 week,0.05,2015-11-02 00:00:00+08:00,11160.998320033599,10444.893906181499,6.86,Entertainment,"Netflix, Inc."
NFLX,1 week,0.05,2015-11-16 00:00:00+08:00,11715.031028037383,11047.496127191194,6.04,Entertainment,"Netflix, Inc."
NFLX,1 week,0.05,2015-11-23 00:00:00+08:00,12408.551194539249,11715.031028037383,5.92,Entertainment,"Netflix, Inc."
NFLX,1 week,0.05,2016-01-25 00:00:00+08:00,9541.5020168683535020,10586.492936235204,-9.87,Entertainment,"Netflix, Inc."
NFLX,1 week,0.05,2016-02-01 00:00:00+08:00,9033.7643084260731320,9541.5020168683535020,-5.32,Entertainment,"Netflix, Inc."
NFLX,1 week,0.05,2016-02-15 00:00:00+08:00,9085.2702702702702703,8597.3759791122715405,5.67,Entertainment,"Netflix, Inc."
NFLX,1 week,0.05,2016-02-29 00:00:00+08:00,9737.7779618889809445,9191.9746172441579371,5.94,Entertainment,"Netflix, Inc."
NFLX,1 week,0.05,2016-04-18 00:00:00+08:00,9841.6857045143638851,10792.682855956829,-8.81,Entertainment,"Netflix, Inc."
NFLX,1 week,0.05,2016-04-25 00:00:00+08:00,9163.6014461931093152,9841.6857045143638851,-6.89,Entertainment,"Netflix, Inc."
NFLX,1 week,0.05,2016-05-23 00:00:00+08:00,9956.5723172628304821,9009.7756529850746269,10.51,Entertainment,"Netflix, Inc."
NFLX,1 week,0.05,2016-07-04 00:00:00+08:00,9553.6621553884711779,9055.7334622823984526,5.50,Entertainment,"Netflix, Inc."
NFLX,1 week,0.05,2016-07-18 00:00:00+08:00,8812.9121222646752345,9663.5876777251184834,-8.80,Entertainment,"Netflix, Inc."
NFLX,1 week,0.05,2016-10-03 00:00:00+08:00,10410.942489270386,9676.9751756440281030,7.58,Entertainment,"Netflix, Inc."
NFLX,1 week,0.05,2016-10-17 00:00:00+08:00,11817.069583189804,10122.712450155073,16.74,Entertainment,"Netflix, Inc."
NFLX,1 week,0.05,2016-10-24 00:00:00+08:00,12721.933898305085,11817.069583189804,7.66,Entertainment,"Netflix, Inc."
NFLX,1 week,0.05,2017-06-12 00:00:00+08:00,15204.081283868278,16457.295302013423,-7.61,Entertainment,"Netflix, Inc."
NFLX,1 week,0.05,2017-07-10 00:00:00+08:00,15647.266216216216,14768.635294117647,5.95,Entertainment,"Netflix, Inc."
NFLX,1 week,0.05,2017-07-17 00:00:00+08:00,17938.632187938289,15647.266216216216,14.64,Entertainment,"Netflix, Inc."
NFLX,1 week,0.05,2017-10-09 00:00:00+08:00,19667.893129770992,18652.386523356759,5.44,Entertainment,"Netflix, Inc."
NFLX,1 week,0.05,2018-01-01 00:00:00+08:00,20427.295558958652,18948.826372315036,7.80,Entertainment,"Netflix, Inc."
NFLX,1 week,0.05,2018-01-22 00:00:00+08:00,25380.659921671018,22031.967871485944,15.20,Entertainment,"Netflix, Inc."
NFLX,1 week,0.05,2018-01-29 00:00:00+08:00,27451.264325323475,25380.659921671018,8.16,Entertainment,"Netflix, Inc."
NFLX,1 week,0.05,2018-02-05 00:00:00+08:00,25806.438242707958,27451.264325323475,-5.99,Entertainment,"Netflix, Inc."
NFLX,1 week,0.05,2018-02-19 00:00:00+08:00,28160.743830207305,26708.304645849200,5.44,Entertainment,"Netflix, Inc."
NFLX,1 week,0.05,2018-03-05 00:00:00+08:00,31893.425168973286,29240.111607142857,9.07,Entertainment,"Netflix, Inc."
NFLX,1 week,0.05,2018-04-09 00:00:00+08:00,30396.941016949153,28665.414209591474,6.04,Entertainment,"Netflix, Inc."
NFLX,1 week,0.05,2018-04-16 00:00:00+08:00,32817.792727272727,30396.941016949153,7.96,Entertainment,"Netflix, Inc."
NFLX,1 week,0.05,2018-06-18 00:00:00+08:00,40767.367237327962,37766.297075606277,7.95,Entertainment,"Netflix, Inc."
NFLX,1 week,0.05,2018-07-16 00:00:00+08:00,37208.146698536002,41255.503463476071,-9.81,Entertainment,"Netflix, Inc."
NFLX,1 week,0.05,2018-07-30 00:00:00+08:00,33995.984375000000,35973.050567973617,-5.50,Entertainment,"Netflix, Inc."
NFLX,1 week,0.05,2018-08-13 00:00:00+08:00,33035.589966832504,34901.100612423447,-5.35,Entertainment,"Netflix, Inc."
NFLX,1 week,0.05,2018-08-27 00:00:00+08:00,36817.035813768404,34068.201158301158,8.07,Entertainment,"Netflix, Inc."
NFLX,1 week,0.05,2018-10-08 00:00:00+08:00,33797.119047619048,37143.401831939466,-9.01,Entertainment,"Netflix, Inc."
NFLX,1 week,0.05,2018-10-22 00:00:00+08:00,31650.341939755048,35170.722345483360,-10.01,Entertainment,"Netflix, Inc."
NFLX,1 week,0.05,2018-10-29 00:00:00+08:00,30050.316063864451,31650.341939755048,-5.06,Entertainment,"Netflix, Inc."
NFLX,1 week,0.05,2018-11-12 00:00:00+08:00,29067.187666539779,31488.618602913709,-7.69,Entertainment,"Netflix, Inc."
NFLX,1 week,0.05,2018-11-19 00:00:00+08:00,26779.563655030801,29067.187666539779,-7.87,Entertainment,"Netflix, Inc."
NFLX,1 week,0.05,2018-12-24 00:00:00+08:00,24713.675607287449,26413.928258270227,-6.44,Entertainment,"Netflix, Inc."
NFLX,1 week,0.05,2018-12-31 00:00:00+08:00,27290.355991285403,24713.675607287449,10.43,Entertainment,"Netflix, Inc."
NFLX,1 week,0.05,2019-01-07 00:00:00+08:00,32151.769507019262,27290.355991285403,17.81,Entertainment,"Netflix, Inc."
NFLX,1 week,0.05,2019-01-14 00:00:00+08:00,34573.221216848674,32151.769507019262,7.53,Entertainment,"Netflix, Inc."
NFLX,1 week,0.05,2019-04-22 00:00:00+08:00,37421.429687500000,35521.365408038977,5.35,Entertainment,"Netflix, Inc."
NFLX,1 week,0.05,2019-07-15 00:00:00+08:00,34306.982839838493,37895.668086919472,-9.47,Entertainment,"Netflix, Inc."
NFLX,1 week,0.05,2019-07-22 00:00:00+08:00,31777.007413187671,34306.982839838493,-7.37,Entertainment,"Netflix, Inc."
NFLX,1 week,0.05,2019-08-05 00:00:00+08:00,30792.453263497180,32486.281208935611,-5.21,Entertainment,"Netflix, Inc."
NFLX,1 week,0.05,2019-09-23 00:00:00+08:00,26184.163047931176,28740.936882782310,-8.90,Entertainment,"Netflix, Inc."
NFLX,1 week,0.05,2019-10-14 00:00:00+08:00,28961.647451669596,27542.260815307820,5.15,Entertainment,"Netflix, Inc."
NFLX,1 week,0.05,2019-10-21 00:00:00+08:00,27263.936987483815,28961.647451669596,-5.86,Entertainment,"Netflix, Inc."
NFLX,1 week,0.05,2019-11-18 00:00:00+08:00,30568.424268502582,29100.088817303267,5.05,Entertainment,"Netflix, Inc."
NFLX,1 week,0.05,2019-12-16 00:00:00+08:00,32148.688545150502,29864.058105263158,7.65,Entertainment,"Netflix, Inc."
NFLX,1 week,0.05,2020-02-03 00:00:00+08:00,36528.208570179274,34496.754676870748,5.89,Entertainment,"Netflix, Inc."
NFLX,1 week,0.05,2020-03-09 00:00:00+08:00,33933.757575757576,37441.333738355610,-9.37,Entertainment,"Netflix, Inc."
NFLX,1 week,0.05,2020-03-23 00:00:00+08:00,35614.262109375000,32398.451869530628,9.93,Entertainment,"Netflix, Inc."
NFLX,1 week,0.05,2020-04-13 00:00:00+08:00,41898.056120659418,37265.402056555270,12.43,Entertainment,"Netflix, Inc."
NFLX,1 week,0.05,2020-05-25 00:00:00+08:00,41560.254076801683,44472.847684984855,-6.55,Entertainment,"Netflix, Inc."
NFLX,1 week,0.05,2020-06-22 00:00:00+08:00,46185.232845379689,43957.984402079723,5.07,Entertainment,"Netflix, Inc."
NFLX,1 week,0.05,2020-07-06 00:00:00+08:00,50628.201356506994,46392.121245828699,9.13,Entertainment,"Netflix, Inc."
NFLX,1 week,0.05,2020-07-20 00:00:00+08:00,48902.893563315103,51824.175368550369,-5.64,Entertainment,"Netflix, Inc."
NFLX,1 week,0.05,2020-09-07 00:00:00+08:00,49871.353496115427,53261.316283034953,-6.36,Entertainment,"Netflix, Inc."
NFLX,1 week,0.05,2020-10-19 00:00:00+08:00,50465.660218978102,54537.287444489302,-7.47,Entertainment,"Netflix, Inc."
NFLX,1 week,0.05,2021-01-18 00:00:00+08:00,56133.726418786693,50079.334699453552,12.09,Entertainment,"Netflix, Inc."
NFLX,1 week,0.05,2021-04-05 00:00:00+08:00,54745.535852713178,51997.873907615481,5.28,Entertainment,"Netflix, Inc."
NFLX,1 week,0.05,2021-04-19 00:00:00+08:00,52052.818181818182,54900.137140068326,-5.19,Entertainment,"Netflix, Inc."
NFLX,1 week,0.05,2021-10-25 00:00:00+08:00,67179.079021636877,63942.953920475660,5.06,Entertainment,"Netflix, Inc."
NFLX,1 week,0.05,2022-01-03 00:00:00+08:00,57176.913452492944,61163.149054505006,-6.52,Entertainment,"Netflix, Inc."
NFLX,1 week,0.05,2022-01-10 00:00:00+08:00,53090.040056550424,57176.913452492944,-7.15,Entertainment,"Netflix, Inc."
NFLX,1 week,0.05,2022-01-17 00:00:00+08:00,46615.125373134328,53090.040056550424,-12.20,Entertainment,"Netflix, Inc."
NFLX,1 week,0.05,2022-01-24 00:00:00+08:00,37703.841999329084,46615.125373134328,-19.12,Entertainment,"Netflix, Inc."
NFLX,1 week,0.05,2022-01-31 00:00:00+08:00,42411.068696883853,37703.841999329084,12.48,Entertainment,"Netflix, Inc."
NFLX,1 week,0.05,2022-02-07 00:00:00+08:00,40238.010309278351,42411.068696883853,-5.12,Entertainment,"Netflix, Inc."
NFLX,1 week,0.05,2022-03-07 00:00:00+08:00,35381.043752819125,37821.400947867299,-6.45,Entertainment,"Netflix, Inc."
NFLX,1 week,0.05,2022-03-21 00:00:00+08:00,37587.485258579024,35407.774816176471,6.16,Entertainment,"Netflix, Inc."
NFLX,1 week,0.05,2022-04-11 00:00:00+08:00,34793.830065359477,37139.091035764050,-6.31,Entertainment,"Netflix, Inc."
NFLX,1 week,0.05,2022-04-18 00:00:00+08:00,25652.374377015538,34793.830065359477,-26.27,Entertainment,"Netflix, Inc."
NFLX,1 week,0.05,2022-04-25 00:00:00+08:00,19855.264471057884,25652.374377015538,-22.60,Entertainment,"Netflix, Inc."
NFLX,1 week,0.05,2022-05-09 00:00:00+08:00,17553.608633606850,19323.803683385580,-9.16,Entertainment,"Netflix, Inc."
NFLX,1 week,0.05,2022-05-16 00:00:00+08:00,18551.827097282395,17553.608633606850,5.69,Entertainment,"Netflix, Inc."
NFLX,1 week,0.05,2022-05-30 00:00:00+08:00,19819.807411273486,18687.618189266694,6.06,Entertainment,"Netflix, Inc."
NFLX,1 week,0.05,2022-06-13 00:00:00+08:00,17329.041818920016,19506.835173824131,-11.16,Entertainment,"Netflix, Inc."
NFLX,1 week,0.05,2022-07-18 00:00:00+08:00,20974.950495049505,17753.736951983299,18.14,Entertainment,"Netflix, Inc."
NFLX,1 week,0.05,2022-07-25 00:00:00+08:00,22134.243973399834,20974.950495049505,5.53,Entertainment,"Netflix, Inc."
NFLX,1 week,0.05,2022-08-08 00:00:00+08:00,23957.355889724311,22615.755803571429,5.93,Entertainment,"Netflix, Inc."
NFLX,1 week,0.05,2022-08-22 00:00:00+08:00,22865.485581395349,24390.592709270927,-6.25,Entertainment,"Netflix, Inc."
NFLX,1 week,0.05,2022-10-17 00:00:00+08:00,26382.040161892902,22505.506225680934,17.22,Entertainment,"Netflix, Inc."
NFLX,1 week,0.05,2022-10-24 00:00:00+08:00,29385.432089822528,26382.040161892902,11.38,Entertainment,"Netflix, Inc."
NFLX,1 week,0.05,2022-10-31 00:00:00+08:00,27903.989265070190,29385.432089822528,-5.04,Entertainment,"Netflix, Inc."
NFLX,1 week,0.05,2022-11-14 00:00:00+08:00,30097.234597156398,26628.369262295082,13.03,Entertainment,"Netflix, Inc."
NFLX,1 week,0.05,2022-12-19 00:00:00+08:00,29236.600849256900,30806.384804928131,-5.10,Entertainment,"Netflix, Inc."
NFLX,1 week,0.05,2023-01-02 00:00:00+08:00,30547.558114035088,28638.136956521739,6.67,Entertainment,"Netflix, Inc."
NFLX,1 week,0.05,2023-01-09 00:00:00+08:00,32593.527672158851,30547.558114035088,6.70,Entertainment,"Netflix, Inc."
NFLX,1 week,0.05,2023-01-23 00:00:00+08:00,36173.197251414713,32961.717214865442,9.74,Entertainment,"Netflix, Inc."
NFLX,1 week,0.05,2023-02-20 00:00:00+08:00,32861.486456605860,35487.210431654676,-7.40,Entertainment,"Netflix, Inc."
NFLX,1 week,0.05,2023-03-27 00:00:00+08:00,33317.973824312334,31066.910586250527,7.25,Entertainment,"Netflix, Inc."
NFLX,1 week,0.05,2023-05-29 00:00:00+08:00,39749.393650793651,36447.045804988662,9.06,Entertainment,"Netflix, Inc."
NFLX,1 week,0.05,2023-06-12 00:00:00+08:00,43529.260180025718,40816.481972648156,6.65,Entertainment,"Netflix, Inc."
NFLX,1 week,0.05,2023-07-24 00:00:00+08:00,42381.894087622288,45107.199934874634,-6.04,Entertainment,"Netflix, Inc."
NFLX,1 week,0.05,2023-09-11 00:00:00+08:00,42068.811786203746,44457.222891566265,-5.37,Entertainment,"Netflix, Inc."
NFLX,1 week,0.05,2023-09-18 00:00:00+08:00,39003.374241717219,42068.811786203746,-7.29,Entertainment,"Netflix, Inc."
NFLX,1 week,0.05,2023-10-23 00:00:00+08:00,40735.236213634390,37769.593828489415,7.85,Entertainment,"Netflix, Inc."
NFLX,1 week,0.05,2024-01-22 00:00:00+08:00,53248.189393939394,48170.652566271856,10.54,Entertainment,"Netflix, Inc."
NFLX,1 week,0.05,2024-01-29 00:00:00+08:00,56698.253904506917,53248.189393939394,6.48,Entertainment,"Netflix, Inc."
NFLX,1 week,0.05,2024-04-22 00:00:00+08:00,55992.387339530766,59966.745573518091,-6.63,Entertainment,"Netflix, Inc."
NFLX,1 week,0.05,2024-05-06 00:00:00+08:00,60561.585439838220,55978.249252243270,8.19,Entertainment,"Netflix, Inc."
NFLX,2 weeks,0.05,2014-01-06 00:00:00+08:00,33811.006785212915,36451.123882503193,-7.24,Entertainment,"Netflix, Inc."
NFLX,2 weeks,0.05,2014-01-20 00:00:00+08:00,38252.849769382825,33811.006785212915,13.14,Entertainment,"Netflix, Inc."
NFLX,2 weeks,0.05,2014-02-03 00:00:00+08:00,42076.189395693448,38252.849769382825,9.99,Entertainment,"Netflix, Inc."
NFLX,2 weeks,0.05,2014-02-17 00:00:00+08:00,44249.934006211180,42076.189395693448,5.17,Entertainment,"Netflix, Inc."
NFLX,2 weeks,0.05,2014-03-17 00:00:00+08:00,39344.024778358718,44274.354015511634,-11.14,Entertainment,"Netflix, Inc."
NFLX,2 weeks,0.05,2014-03-31 00:00:00+08:00,34775.888134057971,39344.024778358718,-11.61,Entertainment,"Netflix, Inc."
NFLX,2 weeks,0.05,2014-05-12 00:00:00+08:00,36342.671521035599,32661.472844927201,11.27,Entertainment,"Netflix, Inc."
NFLX,2 weeks,0.05,2014-05-26 00:00:00+08:00,41567.811865729899,36342.671521035599,14.38,Entertainment,"Netflix, Inc."
NFLX,2 weeks,0.05,2014-08-18 00:00:00+08:00,47417.300000000000,44289.111641941162,7.06,Entertainment,"Netflix, Inc."
NFLX,2 weeks,0.05,2014-09-15 00:00:00+08:00,45173.151271079789,47956.609824169690,-5.80,Entertainment,"Netflix, Inc."
NFLX,2 weeks,0.05,2014-10-13 00:00:00+08:00,38512.713569937370,45471.520991897864,-15.30,Entertainment,"Netflix, Inc."
NFLX,2 weeks,0.05,2014-11-24 00:00:00+08:00,35025.756111929308,37898.873801502980,-7.58,Entertainment,"Netflix, Inc."
NFLX,2 weeks,0.05,2015-01-19 00:00:00+08:00,42411.335485358543,32759.330552147239,29.46,Entertainment,"Netflix, Inc."
NFLX,2 weeks,0.05,2015-02-02 00:00:00+08:00,45072.882775712515,42411.335485358543,6.28,Entertainment,"Netflix, Inc."
NFLX,2 weeks,0.05,2015-02-16 00:00:00+08:00,47588.610079575597,45072.882775712515,5.58,Entertainment,"Netflix, Inc."
NFLX,2 weeks,0.05,2015-03-16 00:00:00+08:00,42412.591899512945,45644.564827039873,-7.08,Entertainment,"Netflix, Inc."
NFLX,2 weeks,0.05,2015-04-13 00:00:00+08:00,53367.225521669342,42767.512586445367,24.78,Entertainment,"Netflix, Inc."
NFLX,2 weeks,0.05,2015-04-27 00:00:00+08:00,56300.159330759331,53367.225521669342,5.50,Entertainment,"Netflix, Inc."
NFLX,2 weeks,0.05,2015-05-11 00:00:00+08:00,60532.832280019446,56300.159330759331,7.52,Entertainment,"Netflix, Inc."
NFLX,2 weeks,0.05,2015-06-08 00:00:00+08:00,65787.946557759627,62363.041925007381,5.49,Entertainment,"Netflix, Inc."
NFLX,2 weeks,0.05,2015-07-06 00:00:00+08:00,43308.750803554547,66547.221988795518,-34.92,Entertainment,"Netflix, Inc."
NFLX,2 weeks,0.05,2015-07-20 00:00:00+08:00,11016.502877555070,43308.750803554547,-74.56,Entertainment,"Netflix, Inc."
NFLX,2 weeks,0.05,2015-08-03 00:00:00+08:00,12205.118143459916,11016.502877555070,10.79,Entertainment,"Netflix, Inc."
NFLX,2 weeks,0.05,2015-08-17 00:00:00+08:00,11221.148996681940,12205.118143459916,-8.06,Entertainment,"Netflix, Inc."
NFLX,2 weeks,0.05,2015-08-31 00:00:00+08:00,10256.781287761091,11221.148996681940,-8.59,Entertainment,"Netflix, Inc."
NFLX,2 weeks,0.05,2015-09-28 00:00:00+08:00,10623.760007311278,10051.973983144009,5.69,Entertainment,"Netflix, Inc."
NFLX,2 weeks,0.05,2015-11-09 00:00:00+08:00,11395.712948517941,10810.626340626341,5.41,Entertainment,"Netflix, Inc."
NFLX,2 weeks,0.05,2015-11-23 00:00:00+08:00,12597.572460391426,11395.712948517941,10.55,Entertainment,"Netflix, Inc."
NFLX,2 weeks,0.05,2016-01-25 00:00:00+08:00,9297.8498950982262064,10796.395790650028,-13.88,Entertainment,"Netflix, Inc."
NFLX,2 weeks,0.05,2016-02-08 00:00:00+08:00,8803.4855665661352865,9297.8498950982262064,-5.32,Entertainment,"Netflix, Inc."
NFLX,2 weeks,0.05,2016-02-22 00:00:00+08:00,9461.0859885620915033,8803.4855665661352865,7.47,Entertainment,"Netflix, Inc."
NFLX,2 weeks,0.05,2016-04-18 00:00:00+08:00,9539.4722274881516588,10627.664814023087,-10.24,Entertainment,"Netflix, Inc."
NFLX,2 weeks,0.05,2016-05-02 00:00:00+08:00,9028.4524502125755203,9539.4722274881516588,-5.36,Entertainment,"Netflix, Inc."
NFLX,2 weeks,0.05,2016-05-16 00:00:00+08:00,9526.1371925360474979,9028.4524502125755203,5.51,Entertainment,"Netflix, Inc."
NFLX,2 weeks,0.05,2016-06-13 00:00:00+08:00,9279.5946808510638298,9944.0465525918470055,-6.68,Entertainment,"Netflix, Inc."
NFLX,2 weeks,0.05,2016-10-03 00:00:00+08:00,10269.120994113800,9668.7977401129943503,6.21,Entertainment,"Netflix, Inc."
NFLX,2 weeks,0.05,2016-10-17 00:00:00+08:00,12222.822914687441,10269.120994113800,19.03,Entertainment,"Netflix, Inc."
NFLX,2 weeks,0.05,2017-05-01 00:00:00+08:00,15722.111994388590,14656.515389257695,7.27,Entertainment,"Netflix, Inc."
NFLX,2 weeks,0.05,2017-06-12 00:00:00+08:00,15311.525250278087,16389.124507486210,-6.58,Entertainment,"Netflix, Inc."
NFLX,2 weeks,0.05,2017-07-10 00:00:00+08:00,16935.707807570978,15077.406484458735,12.33,Entertainment,"Netflix, Inc."
NFLX,2 weeks,0.05,2017-07-24 00:00:00+08:00,18386.938655841227,16935.707807570978,8.57,Entertainment,"Netflix, Inc."
NFLX,2 weeks,0.05,2017-08-07 00:00:00+08:00,17197.388959123472,18386.938655841227,-6.47,Entertainment,"Netflix, Inc."
NFLX,2 weeks,0.05,2017-09-04 00:00:00+08:00,18028.555064935065,16957.702885062820,6.31,Entertainment,"Netflix, Inc."
NFLX,2 weeks,0.05,2018-01-08 00:00:00+08:00,21686.711182254745,19745.613480055021,9.83,Entertainment,"Netflix, Inc."
NFLX,2 weeks,0.05,2018-01-22 00:00:00+08:00,26351.536141445658,21686.711182254745,21.51,Entertainment,"Netflix, Inc."
NFLX,2 weeks,0.05,2018-02-19 00:00:00+08:00,28776.217013152312,26244.769017212660,9.65,Entertainment,"Netflix, Inc."
NFLX,2 weeks,0.05,2018-03-05 00:00:00+08:00,31996.781469760900,28776.217013152312,11.19,Entertainment,"Netflix, Inc."
NFLX,2 weeks,0.05,2018-04-16 00:00:00+08:00,32096.897693255855,29551.451344319167,8.61,Entertainment,"Netflix, Inc."
NFLX,2 weeks,0.05,2018-05-28 00:00:00+08:00,35867.195769576958,33398.788433228181,7.39,Entertainment,"Netflix, Inc."
NFLX,2 weeks,0.05,2018-06-11 00:00:00+08:00,39312.240013833650,35867.195769576958,9.61,Entertainment,"Netflix, Inc."
NFLX,2 weeks,0.05,2018-07-23 00:00:00+08:00,35028.599425837321,39178.774490265215,-10.59,Entertainment,"Netflix, Inc."
NFLX,2 weeks,0.05,2018-10-15 00:00:00+08:00,33448.722797927461,35362.708030557108,-5.41,Entertainment,"Netflix, Inc."
NFLX,2 weeks,0.05,2018-10-29 00:00:00+08:00,30720.405847546119,33448.722797927461,-8.16,Entertainment,"Netflix, Inc."
NFLX,2 weeks,0.05,2018-11-12 00:00:00+08:00,28093.134863387978,30720.405847546119,-8.55,Entertainment,"Netflix, Inc."
NFLX,2 weeks,0.05,2019-01-07 00:00:00+08:00,33389.924058710913,26098.241629594943,27.94,Entertainment,"Netflix, Inc."
NFLX,2 weeks,0.05,2019-02-04 00:00:00+08:00,35187.488416988417,33280.800331057314,5.73,Entertainment,"Netflix, Inc."
NFLX,2 weeks,0.05,2019-05-13 00:00:00+08:00,35344.969684030743,37215.076056936478,-5.03,Entertainment,"Netflix, Inc."
NFLX,2 weeks,0.05,2019-07-22 00:00:00+08:00,32111.153528683450,35890.484301560444,-10.53,Entertainment,"Netflix, Inc."
NFLX,2 weeks,0.05,2019-09-16 00:00:00+08:00,27432.533333333333,29108.801463414634,-5.76,Entertainment,"Netflix, Inc."
NFLX,2 weeks,0.05,2019-12-23 00:00:00+08:00,32917.252628324057,31010.447031676107,6.15,Entertainment,"Netflix, Inc."
NFLX,2 weeks,0.05,2020-02-03 00:00:00+08:00,37134.770598829356,34247.178299492386,8.43,Entertainment,"Netflix, Inc."
NFLX,2 weeks,0.05,2020-03-02 00:00:00+08:00,35651.030140789213,37630.123017671047,-5.26,Entertainment,"Netflix, Inc."
NFLX,2 weeks,0.05,2020-03-30 00:00:00+08:00,37026.992378752887,34020.933977138352,8.84,Entertainment,"Netflix, Inc."
NFLX,2 weeks,0.05,2020-04-13 00:00:00+08:00,42532.790411186949,37026.992378752887,14.87,Entertainment,"Netflix, Inc."
NFLX,2 weeks,0.05,2020-05-25 00:00:00+08:00,41795.881720430108,44268.224130619169,-5.58,Entertainment,"Netflix, Inc."
NFLX,2 weeks,0.05,2020-06-22 00:00:00+08:00,46278.602660642570,43331.232542962802,6.80,Entertainment,"Netflix, Inc."
NFLX,2 weeks,0.05,2020-07-06 00:00:00+08:00,51321.717186108638,46278.602660642570,10.90,Entertainment,"Netflix, Inc."
NFLX,2 weeks,0.05,2020-09-14 00:00:00+08:00,47957.120720320142,51788.627531340405,-7.40,Entertainment,"Netflix, Inc."
NFLX,2 weeks,0.05,2020-09-28 00:00:00+08:00,51311.353068748645,47957.120720320142,6.99,Entertainment,"Netflix, Inc."
NFLX,2 weeks,0.05,2020-10-26 00:00:00+08:00,49221.347271126761,52398.844163312248,-6.06,Entertainment,"Netflix, Inc."
NFLX,2 weeks,0.05,2021-04-05 00:00:00+08:00,54822.554583029419,51981.321273122960,5.47,Entertainment,"Netflix, Inc."
NFLX,2 weeks,0.05,2021-04-19 00:00:00+08:00,51473.495035167563,54822.554583029419,-6.11,Entertainment,"Netflix, Inc."
NFLX,2 weeks,0.05,2021-06-28 00:00:00+08:00,53351.711426188490,50471.693781035706,5.71,Entertainment,"Netflix, Inc."
NFLX,2 weeks,0.05,2021-08-23 00:00:00+08:00,56586.975062344140,52263.076329992290,8.27,Entertainment,"Netflix, Inc."
NFLX,2 weeks,0.05,2021-10-04 00:00:00+08:00,62923.091988821612,59272.978982565082,6.16,Entertainment,"Netflix, Inc."
NFLX,2 weeks,0.05,2021-11-29 00:00:00+08:00,62610.272996300863,67439.635465116279,-7.16,Entertainment,"Netflix, Inc."
NFLX,2 weeks,0.05,2022-01-10 00:00:00+08:00,49690.963510185807,59003.430173292559,-15.78,Entertainment,"Netflix, Inc."
NFLX,2 weeks,0.05,2022-01-24 00:00:00+08:00,39993.800344530577,49690.963510185807,-19.51,Entertainment,"Netflix, Inc."
NFLX,2 weeks,0.05,2022-02-21 00:00:00+08:00,37833.546165489405,39978.682602921647,-5.37,Entertainment,"Netflix, Inc."
NFLX,2 weeks,0.05,2022-03-07 00:00:00+08:00,35394.284543592078,37833.546165489405,-6.45,Entertainment,"Netflix, Inc."
NFLX,2 weeks,0.05,2022-03-21 00:00:00+08:00,37801.139893873613,35394.284543592078,6.80,Entertainment,"Netflix, Inc."
NFLX,2 weeks,0.05,2022-04-18 00:00:00+08:00,22936.757674925978,36110.135297184567,-36.48,Entertainment,"Netflix, Inc."
NFLX,2 weeks,0.05,2022-05-02 00:00:00+08:00,18397.219794584500,22936.757674925978,-19.79,Entertainment,"Netflix, Inc."
NFLX,2 weeks,0.05,2022-05-30 00:00:00+08:00,19644.339142398532,18618.386546184739,5.51,Entertainment,"Netflix, Inc."
NFLX,2 weeks,0.05,2022-06-13 00:00:00+08:00,17620.287858117326,19644.339142398532,-10.30,Entertainment,"Netflix, Inc."
NFLX,2 weeks,0.05,2022-07-11 00:00:00+08:00,19578.858125226203,18247.015567086731,7.30,Entertainment,"Netflix, Inc."
NFLX,2 weeks,0.05,2022-07-25 00:00:00+08:00,22366.397761515282,19578.858125226203,14.24,Entertainment,"Netflix, Inc."
NFLX,2 weeks,0.05,2022-08-08 00:00:00+08:00,24165.902729636049,22366.397761515282,8.05,Entertainment,"Netflix, Inc."
NFLX,2 weeks,0.05,2022-08-22 00:00:00+08:00,22700.407015221707,24165.902729636049,-6.06,Entertainment,"Netflix, Inc."
NFLX,2 weeks,0.05,2022-10-17 00:00:00+08:00,27770.348401138456,23045.978343693603,20.50,Entertainment,"Netflix, Inc."
NFLX,2 weeks,0.05,2022-11-14 00:00:00+08:00,29514.570810290935,27263.817976141506,8.26,Entertainment,"Netflix, Inc."
NFLX,2 weeks,0.05,2023-01-09 00:00:00+08:00,32776.605777400170,29588.678493449782,10.77,Entertainment,"Netflix, Inc."
NFLX,2 weeks,0.05,2023-01-23 00:00:00+08:00,36111.492710754278,32776.605777400170,10.17,Entertainment,"Netflix, Inc."
NFLX,2 weeks,0.05,2023-02-20 00:00:00+08:00,32329.619510978044,35846.677762982690,-9.81,Entertainment,"Netflix, Inc."
NFLX,2 weeks,0.05,2023-03-06 00:00:00+08:00,30594.008883953359,32329.619510978044,-5.37,Entertainment,"Netflix, Inc."
NFLX,2 weeks,0.05,2023-03-20 00:00:00+08:00,32163.969297297297,30594.008883953359,5.13,Entertainment,"Netflix, Inc."
NFLX,2 weeks,0.05,2023-04-03 00:00:00+08:00,34085.628695208970,32163.969297297297,5.97,Entertainment,"Netflix, Inc."
NFLX,2 weeks,0.05,2023-05-15 00:00:00+08:00,35694.029056772463,32856.681152574398,8.64,Entertainment,"Netflix, Inc."
NFLX,2 weeks,0.05,2023-05-29 00:00:00+08:00,40347.786428073437,35694.029056772463,13.04,Entertainment,"Netflix, Inc."
NFLX,2 weeks,0.05,2023-06-12 00:00:00+08:00,43119.735974409449,40347.786428073437,6.87,Entertainment,"Netflix, Inc."
NFLX,2 weeks,0.05,2023-09-18 00:00:00+08:00,38474.270681977970,43098.887763055339,-10.73,Entertainment,"Netflix, Inc."
NFLX,2 weeks,0.05,2023-10-30 00:00:00+08:00,42715.739323220537,39111.415913555992,9.22,Entertainment,"Netflix, Inc."
NFLX,2 weeks,0.05,2023-11-13 00:00:00+08:00,46489.762051569507,42715.739323220537,8.84,Entertainment,"Netflix, Inc."
NFLX,2 weeks,0.05,2024-01-22 00:00:00+08:00,54713.339018381656,48361.894149727318,13.13,Entertainment,"Netflix, Inc."
NFLX,2 weeks,0.05,2024-04-15 00:00:00+08:00,58118.263948939675,62268.909838107098,-6.67,Entertainment,"Netflix, Inc."
NFLX,2 weeks,0.05,2024-05-13 00:00:00+08:00,62771.647134083930,58253.811244979920,7.76,Entertainment,"Netflix, Inc."
NFLX,1 week,0.1,2014-03-24 00:00:00+08:00,37031.472591362126,42140.923656454043,-12.12,Entertainment,"Netflix, Inc."
NFLX,1 week,0.1,2014-05-19 00:00:00+08:00,38028.771695594126,34520.320827320827,10.16,Entertainment,"Netflix, Inc."
NFLX,1 week,0.1,2014-10-13 00:00:00+08:00,39498.407178695484,46055.527326440177,-14.24,Entertainment,"Netflix, Inc."
NFLX,1 week,0.1,2015-01-19 00:00:00+08:00,40199.210131332083,32531.843258694616,23.57,Entertainment,"Netflix, Inc."
NFLX,1 week,0.1,2015-01-26 00:00:00+08:00,44550.224943310658,40199.210131332083,10.82,Entertainment,"Netflix, Inc."
NFLX,1 week,0.1,2015-04-13 00:00:00+08:00,51322.983476764200,43534.582338902148,17.89,Entertainment,"Netflix, Inc."
NFLX,1 week,0.1,2015-07-13 00:00:00+08:00,28105.387895892129,66396.143333333333,-57.67,Entertainment,"Netflix, Inc."
NFLX,1 week,0.1,2015-07-20 00:00:00+08:00,11131.225705329154,28105.387895892129,-60.39,Entertainment,"Netflix, Inc."
NFLX,1 week,0.1,2015-08-03 00:00:00+08:00,12162.832858161083,10898.781664656212,11.60,Entertainment,"Netflix, Inc."
NFLX,1 week,0.1,2016-05-23 00:00:00+08:00,9956.5723172628304821,9009.7756529850746269,10.51,Entertainment,"Netflix, Inc."
NFLX,1 week,0.1,2016-10-17 00:00:00+08:00,11817.069583189804,10122.712450155073,16.74,Entertainment,"Netflix, Inc."
NFLX,1 week,0.1,2017-07-17 00:00:00+08:00,17938.632187938289,15647.266216216216,14.64,Entertainment,"Netflix, Inc."
NFLX,1 week,0.1,2018-01-22 00:00:00+08:00,25380.659921671018,22031.967871485944,15.20,Entertainment,"Netflix, Inc."
NFLX,1 week,0.1,2018-10-22 00:00:00+08:00,31650.341939755048,35170.722345483360,-10.01,Entertainment,"Netflix, Inc."
NFLX,1 week,0.1,2018-12-31 00:00:00+08:00,27290.355991285403,24713.675607287449,10.43,Entertainment,"Netflix, Inc."
NFLX,1 week,0.1,2019-01-07 00:00:00+08:00,32151.769507019262,27290.355991285403,17.81,Entertainment,"Netflix, Inc."
NFLX,1 week,0.1,2020-04-13 00:00:00+08:00,41898.056120659418,37265.402056555270,12.43,Entertainment,"Netflix, Inc."
NFLX,1 week,0.1,2021-01-18 00:00:00+08:00,56133.726418786693,50079.334699453552,12.09,Entertainment,"Netflix, Inc."
NFLX,1 week,0.1,2022-01-17 00:00:00+08:00,46615.125373134328,53090.040056550424,-12.20,Entertainment,"Netflix, Inc."
NFLX,1 week,0.1,2022-01-24 00:00:00+08:00,37703.841999329084,46615.125373134328,-19.12,Entertainment,"Netflix, Inc."
NFLX,1 week,0.1,2022-01-31 00:00:00+08:00,42411.068696883853,37703.841999329084,12.48,Entertainment,"Netflix, Inc."
NFLX,1 week,0.1,2022-04-18 00:00:00+08:00,25652.374377015538,34793.830065359477,-26.27,Entertainment,"Netflix, Inc."
NFLX,1 week,0.1,2022-04-25 00:00:00+08:00,19855.264471057884,25652.374377015538,-22.60,Entertainment,"Netflix, Inc."
NFLX,1 week,0.1,2022-06-13 00:00:00+08:00,17329.041818920016,19506.835173824131,-11.16,Entertainment,"Netflix, Inc."
NFLX,1 week,0.1,2022-07-18 00:00:00+08:00,20974.950495049505,17753.736951983299,18.14,Entertainment,"Netflix, Inc."
NFLX,1 week,0.1,2022-10-17 00:00:00+08:00,26382.040161892902,22505.506225680934,17.22,Entertainment,"Netflix, Inc."
NFLX,1 week,0.1,2022-10-24 00:00:00+08:00,29385.432089822528,26382.040161892902,11.38,Entertainment,"Netflix, Inc."
NFLX,1 week,0.1,2022-11-14 00:00:00+08:00,30097.234597156398,26628.369262295082,13.03,Entertainment,"Netflix, Inc."
NFLX,1 week,0.1,2024-01-22 00:00:00+08:00,53248.189393939394,48170.652566271856,10.54,Entertainment,"Netflix, Inc."
NFLX,2 weeks,0.1,2014-01-20 00:00:00+08:00,38252.849769382825,33811.006785212915,13.14,Entertainment,"Netflix, Inc."
NFLX,2 weeks,0.1,2014-03-17 00:00:00+08:00,39344.024778358718,44274.354015511634,-11.14,Entertainment,"Netflix, Inc."
NFLX,2 weeks,0.1,2014-03-31 00:00:00+08:00,34775.888134057971,39344.024778358718,-11.61,Entertainment,"Netflix, Inc."
NFLX,2 weeks,0.1,2014-05-12 00:00:00+08:00,36342.671521035599,32661.472844927201,11.27,Entertainment,"Netflix, Inc."
NFLX,2 weeks,0.1,2014-05-26 00:00:00+08:00,41567.811865729899,36342.671521035599,14.38,Entertainment,"Netflix, Inc."
NFLX,2 weeks,0.1,2014-10-13 00:00:00+08:00,38512.713569937370,45471.520991897864,-15.30,Entertainment,"Netflix, Inc."
NFLX,2 weeks,0.1,2015-01-19 00:00:00+08:00,42411.335485358543,32759.330552147239,29.46,Entertainment,"Netflix, Inc."
NFLX,2 weeks,0.1,2015-04-13 00:00:00+08:00,53367.225521669342,42767.512586445367,24.78,Entertainment,"Netflix, Inc."
NFLX,2 weeks,0.1,2015-07-06 00:00:00+08:00,43308.750803554547,66547.221988795518,-34.92,Entertainment,"Netflix, Inc."
NFLX,2 weeks,0.1,2015-07-20 00:00:00+08:00,11016.502877555070,43308.750803554547,-74.56,Entertainment,"Netflix, Inc."
NFLX,2 weeks,0.1,2015-08-03 00:00:00+08:00,12205.118143459916,11016.502877555070,10.79,Entertainment,"Netflix, Inc."
NFLX,2 weeks,0.1,2015-11-23 00:00:00+08:00,12597.572460391426,11395.712948517941,10.55,Entertainment,"Netflix, Inc."
NFLX,2 weeks,0.1,2016-01-25 00:00:00+08:00,9297.8498950982262064,10796.395790650028,-13.88,Entertainment,"Netflix, Inc."
NFLX,2 weeks,0.1,2016-04-18 00:00:00+08:00,9539.4722274881516588,10627.664814023087,-10.24,Entertainment,"Netflix, Inc."
NFLX,2 weeks,0.1,2016-10-17 00:00:00+08:00,12222.822914687441,10269.120994113800,19.03,Entertainment,"Netflix, Inc."
NFLX,2 weeks,0.1,2017-07-10 00:00:00+08:00,16935.707807570978,15077.406484458735,12.33,Entertainment,"Netflix, Inc."
NFLX,2 weeks,0.1,2018-01-22 00:00:00+08:00,26351.536141445658,21686.711182254745,21.51,Entertainment,"Netflix, Inc."
NFLX,2 weeks,0.1,2018-03-05 00:00:00+08:00,31996.781469760900,28776.217013152312,11.19,Entertainment,"Netflix, Inc."
NFLX,2 weeks,0.1,2018-07-23 00:00:00+08:00,35028.599425837321,39178.774490265215,-10.59,Entertainment,"Netflix, Inc."
NFLX,2 weeks,0.1,2019-01-07 00:00:00+08:00,33389.924058710913,26098.241629594943,27.94,Entertainment,"Netflix, Inc."
NFLX,2 weeks,0.1,2019-07-22 00:00:00+08:00,32111.153528683450,35890.484301560444,-10.53,Entertainment,"Netflix, Inc."
NFLX,2 weeks,0.1,2020-04-13 00:00:00+08:00,42532.790411186949,37026.992378752887,14.87,Entertainment,"Netflix, Inc."
NFLX,2 weeks,0.1,2020-07-06 00:00:00+08:00,51321.717186108638,46278.602660642570,10.90,Entertainment,"Netflix, Inc."
NFLX,2 weeks,0.1,2022-01-10 00:00:00+08:00,49690.963510185807,59003.430173292559,-15.78,Entertainment,"Netflix, Inc."
NFLX,2 weeks,0.1,2022-01-24 00:00:00+08:00,39993.800344530577,49690.963510185807,-19.51,Entertainment,"Netflix, Inc."
NFLX,2 weeks,0.1,2022-04-18 00:00:00+08:00,22936.757674925978,36110.135297184567,-36.48,Entertainment,"Netflix, Inc."
NFLX,2 weeks,0.1,2022-05-02 00:00:00+08:00,18397.219794584500,22936.757674925978,-19.79,Entertainment,"Netflix, Inc."
NFLX,2 weeks,0.1,2022-06-13 00:00:00+08:00,17620.287858117326,19644.339142398532,-10.30,Entertainment,"Netflix, Inc."
NFLX,2 weeks,0.1,2022-07-25 00:00:00+08:00,22366.397761515282,19578.858125226203,14.24,Entertainment,"Netflix, Inc."
NFLX,2 weeks,0.1,2022-10-17 00:00:00+08:00,27770.348401138456,23045.978343693603,20.50,Entertainment,"Netflix, Inc."
NFLX,2 weeks,0.1,2023-01-09 00:00:00+08:00,32776.605777400170,29588.678493449782,10.77,Entertainment,"Netflix, Inc."
NFLX,2 weeks,0.1,2023-01-23 00:00:00+08:00,36111.492710754278,32776.605777400170,10.17,Entertainment,"Netflix, Inc."
NFLX,2 weeks,0.1,2023-05-29 00:00:00+08:00,40347.786428073437,35694.029056772463,13.04,Entertainment,"Netflix, Inc."
NFLX,2 weeks,0.1,2023-09-18 00:00:00+08:00,38474.270681977970,43098.887763055339,-10.73,Entertainment,"Netflix, Inc."
NFLX,2 weeks,0.1,2024-01-22 00:00:00+08:00,54713.339018381656,48361.894149727318,13.13,Entertainment,"Netflix, Inc."
NFLX,1 week,0.15,2015-01-19 00:00:00+08:00,40199.210131332083,32531.843258694616,23.57,Entertainment,"Netflix, Inc."
NFLX,1 week,0.15,2015-04-13 00:00:00+08:00,51322.983476764200,43534.582338902148,17.89,Entertainment,"Netflix, Inc."
NFLX,1 week,0.15,2015-07-13 00:00:00+08:00,28105.387895892129,66396.143333333333,-57.67,Entertainment,"Netflix, Inc."
NFLX,1 week,0.15,2015-07-20 00:00:00+08:00,11131.225705329154,28105.387895892129,-60.39,Entertainment,"Netflix, Inc."
NFLX,1 week,0.15,2016-10-17 00:00:00+08:00,11817.069583189804,10122.712450155073,16.74,Entertainment,"Netflix, Inc."
NFLX,1 week,0.15,2018-01-22 00:00:00+08:00,25380.659921671018,22031.967871485944,15.20,Entertainment,"Netflix, Inc."
NFLX,1 week,0.15,2019-01-07 00:00:00+08:00,32151.769507019262,27290.355991285403,17.81,Entertainment,"Netflix, Inc."
NFLX,1 week,0.15,2022-01-24 00:00:00+08:00,37703.841999329084,46615.125373134328,-19.12,Entertainment,"Netflix, Inc."
NFLX,1 week,0.15,2022-04-18 00:00:00+08:00,25652.374377015538,34793.830065359477,-26.27,Entertainment,"Netflix, Inc."
NFLX,1 week,0.15,2022-04-25 00:00:00+08:00,19855.264471057884,25652.374377015538,-22.60,Entertainment,"Netflix, Inc."
NFLX,1 week,0.15,2022-07-18 00:00:00+08:00,20974.950495049505,17753.736951983299,18.14,Entertainment,"Netflix, Inc."
NFLX,1 week,0.15,2022-10-17 00:00:00+08:00,26382.040161892902,22505.506225680934,17.22,Entertainment,"Netflix, Inc."
NFLX,2 weeks,0.15,2014-10-13 00:00:00+08:00,38512.713569937370,45471.520991897864,-15.30,Entertainment,"Netflix, Inc."
NFLX,2 weeks,0.15,2015-01-19 00:00:00+08:00,42411.335485358543,32759.330552147239,29.46,Entertainment,"Netflix, Inc."
NFLX,2 weeks,0.15,2015-04-13 00:00:00+08:00,53367.225521669342,42767.512586445367,24.78,Entertainment,"Netflix, Inc."
NFLX,2 weeks,0.15,2015-07-06 00:00:00+08:00,43308.750803554547,66547.221988795518,-34.92,Entertainment,"Netflix, Inc."
NFLX,2 weeks,0.15,2015-07-20 00:00:00+08:00,11016.502877555070,43308.750803554547,-74.56,Entertainment,"Netflix, Inc."
NFLX,2 weeks,0.15,2016-10-17 00:00:00+08:00,12222.822914687441,10269.120994113800,19.03,Entertainment,"Netflix, Inc."
NFLX,2 weeks,0.15,2018-01-22 00:00:00+08:00,26351.536141445658,21686.711182254745,21.51,Entertainment,"Netflix, Inc."
NFLX,2 weeks,0.15,2019-01-07 00:00:00+08:00,33389.924058710913,26098.241629594943,27.94,Entertainment,"Netflix, Inc."
NFLX,2 weeks,0.15,2022-01-10 00:00:00+08:00,49690.963510185807,59003.430173292559,-15.78,Entertainment,"Netflix, Inc."
NFLX,2 weeks,0.15,2022-01-24 00:00:00+08:00,39993.800344530577,49690.963510185807,-19.51,Entertainment,"Netflix, Inc."
NFLX,2 weeks,0.15,2022-04-18 00:00:00+08:00,22936.757674925978,36110.135297184567,-36.48,Entertainment,"Netflix, Inc."
NFLX,2 weeks,0.15,2022-05-02 00:00:00+08:00,18397.219794584500,22936.757674925978,-19.79,Entertainment,"Netflix, Inc."
NFLX,2 weeks,0.15,2022-10-17 00:00:00+08:00,27770.348401138456,23045.978343693603,20.50,Entertainment,"Netflix, Inc."
NVDA,1 week,0.05,2014-02-10 00:00:00+08:00,1675.6713286713286713,1556.7321802935010482,7.64,Semiconductors,NVIDIA Corporation
NVDA,1 week,0.05,2014-02-17 00:00:00+08:00,1831.0529265255292653,1675.6713286713286713,9.27,Semiconductors,NVIDIA Corporation
NVDA,1 week,0.05,2014-08-11 00:00:00+08:00,1890.7462839569451563,1791.4181905678537055,5.54,Semiconductors,NVIDIA Corporation
NVDA,1 week,0.05,2014-11-03 00:00:00+08:00,1998.7859237536656891,1878.5141065830721003,6.40,Semiconductors,NVIDIA Corporation
NVDA,1 week,0.05,2015-02-09 00:00:00+08:00,2126.9818181818181818,2006.7946474523932064,5.99,Semiconductors,NVIDIA Corporation
NVDA,1 week,0.05,2015-03-23 00:00:00+08:00,2171.9253658536585366,2310.3895112016293279,-5.99,Semiconductors,NVIDIA Corporation
NVDA,1 week,0.05,2015-08-03 00:00:00+08:00,2098.3691183188670626,1977.3594157537819510,6.12,Semiconductors,NVIDIA Corporation
NVDA,1 week,0.05,2015-08-10 00:00:00+08:00,2363.0341536916122551,2098.3691183188670626,12.61,Semiconductors,NVIDIA Corporation
NVDA,1 week,0.05,2015-10-05 00:00:00+08:00,2575.5534177215189873,2391.5523665659617321,7.69,Semiconductors,NVIDIA Corporation
NVDA,1 week,0.05,2015-11-09 00:00:00+08:00,3059.4924849699398798,2904.5599626691553896,5.33,Semiconductors,NVIDIA Corporation
NVDA,1 week,0.05,2016-01-04 00:00:00+08:00,3157.4409112482202183,3330.8753973299427845,-5.21,Semiconductors,NVIDIA Corporation
NVDA,1 week,0.05,2016-01-11 00:00:00+08:00,2903.5321551300932744,3157.4409112482202183,-8.04,Semiconductors,NVIDIA Corporation
NVDA,1 week,0.05,2016-02-08 00:00:00+08:00,2547.3811188811188811,2816.0345691382765531,-9.54,Semiconductors,NVIDIA Corporation
NVDA,1 week,0.05,2016-02-15 00:00:00+08:00,2883.9240235420010701,2547.3811188811188811,13.21,Semiconductors,NVIDIA Corporation
NVDA,1 week,0.05,2016-02-22 00:00:00+08:00,3153.3109540636042403,2883.9240235420010701,9.34,Semiconductors,NVIDIA Corporation
NVDA,1 week,0.05,2016-05-16 00:00:00+08:00,4300.8850787766450417,3679.6484848484848485,16.88,Semiconductors,NVIDIA Corporation
NVDA,1 week,0.05,2016-05-23 00:00:00+08:00,4523.8309317963496638,4300.8850787766450417,5.18,Semiconductors,NVIDIA Corporation
NVDA,1 week,0.05,2016-07-11 00:00:00+08:00,5273.6372007366482505,4852.1136363636363636,8.69,Semiconductors,NVIDIA Corporation
NVDA,1 week,0.05,2016-08-08 00:00:00+08:00,5983.3248332679482150,5675.0607498813478880,5.43,Semiconductors,NVIDIA Corporation
NVDA,1 week,0.05,2016-09-19 00:00:00+08:00,6425.2864734299516908,6097.1795693999083830,5.38,Semiconductors,NVIDIA Corporation
NVDA,1 week,0.05,2016-10-24 00:00:00+08:00,7123.4936170212765957,6675.5946073793755913,6.71,Semiconductors,NVIDIA Corporation
NVDA,1 week,0.05,2016-11-07 00:00:00+08:00,7380.0654440848615606,6923.4205827067669173,6.60,Semiconductors,NVIDIA Corporation
NVDA,1 week,0.05,2016-11-14 00:00:00+08:00,8947.8219178082191781,7380.0654440848615606,21.24,Semiconductors,NVIDIA Corporation
NVDA,1 week,0.05,2016-12-19 00:00:00+08:00,10538.499411995296,9478.5285420944558522,11.18,Semiconductors,NVIDIA Corporation
NVDA,1 week,0.05,2016-12-26 00:00:00+08:00,11129.844436693408,10538.499411995296,5.61,Semiconductors,NVIDIA Corporation
NVDA,1 week,0.05,2017-01-02 00:00:00+08:00,10334.397574707666,11129.844436693408,-7.15,Semiconductors,NVIDIA Corporation
NVDA,1 week,0.05,2017-02-13 00:00:00+08:00,10835.157142857143,11724.021856086079,-7.58,Semiconductors,NVIDIA Corporation
NVDA,1 week,0.05,2017-04-03 00:00:00+08:00,10238.274125336409,10816.307963044435,-5.34,Semiconductors,NVIDIA Corporation
NVDA,1 week,0.05,2017-05-08 00:00:00+08:00,11664.431586113002,10420.996383363472,11.93,Semiconductors,NVIDIA Corporation
NVDA,1 week,0.05,2017-05-15 00:00:00+08:00,13343.131309904153,11664.431586113002,14.39,Semiconductors,NVIDIA Corporation
NVDA,1 week,0.05,2017-06-05 00:00:00+08:00,15254.916249582916,14432.551427276846,5.70,Semiconductors,NVIDIA Corporation
NVDA,1 week,0.05,2017-06-26 00:00:00+08:00,14897.262818336163,15758.702173913043,-5.47,Semiconductors,NVIDIA Corporation
NVDA,1 week,0.05,2017-07-10 00:00:00+08:00,15836.112830431979,14351.048840651209,10.35,Semiconductors,NVIDIA Corporation
NVDA,1 week,0.05,2017-09-18 00:00:00+08:00,18412.946327683616,17119.241137370753,7.56,Semiconductors,NVIDIA Corporation
NVDA,1 week,0.05,2017-10-09 00:00:00+08:00,19014.010017271157,18011.410395655547,5.57,Semiconductors,NVIDIA Corporation
NVDA,1 week,0.05,2017-12-04 00:00:00+08:00,19024.010031131097,20426.127212389381,-6.86,Semiconductors,NVIDIA Corporation
NVDA,1 week,0.05,2018-01-01 00:00:00+08:00,20923.029274501485,19685.416577540107,6.29,Semiconductors,NVIDIA Corporation
NVDA,1 week,0.05,2018-01-08 00:00:00+08:00,22268.758272378962,20923.029274501485,6.43,Semiconductors,NVIDIA Corporation
NVDA,1 week,0.05,2018-01-22 00:00:00+08:00,23723.184643510055,22485.750790067720,5.50,Semiconductors,NVIDIA Corporation
NVDA,1 week,0.05,2018-02-05 00:00:00+08:00,22607.550299075585,24243.419149648477,-6.75,Semiconductors,NVIDIA Corporation
NVDA,1 week,0.05,2018-02-12 00:00:00+08:00,23825.796668979875,22607.550299075585,5.39,Semiconductors,NVIDIA Corporation
NVDA,1 week,0.05,2018-05-07 00:00:00+08:00,25298.112701252236,22915.401732965735,10.40,Semiconductors,NVIDIA Corporation
NVDA,1 week,0.05,2018-06-25 00:00:00+08:00,24025.097072419106,25949.599683544304,-7.42,Semiconductors,NVIDIA Corporation
NVDA,1 week,0.05,2018-08-27 00:00:00+08:00,27707.152620545073,25819.528237951807,7.31,Semiconductors,NVIDIA Corporation
NVDA,1 week,0.05,2018-10-01 00:00:00+08:00,28334.909203466777,26940.473344103393,5.18,Semiconductors,NVIDIA Corporation
NVDA,1 week,0.05,2018-10-08 00:00:00+08:00,25206.273691913648,28334.909203466777,-11.04,Semiconductors,NVIDIA Corporation
NVDA,1 week,0.05,2018-10-22 00:00:00+08:00,21107.151416476718,24057.310780669145,-12.26,Semiconductors,NVIDIA Corporation
NVDA,1 week,0.05,2018-11-12 00:00:00+08:00,18840.616312281815,20971.694976076555,-10.16,Semiconductors,NVIDIA Corporation
NVDA,1 week,0.05,2018-11-19 00:00:00+08:00,14815.404024144869,18840.616312281815,-21.36,Semiconductors,NVIDIA Corporation
NVDA,1 week,0.05,2018-11-26 00:00:00+08:00,15577.660452729694,14815.404024144869,5.15,Semiconductors,NVIDIA Corporation
NVDA,1 week,0.05,2018-12-10 00:00:00+08:00,14966.623183139535,16011.073341573960,-6.52,Semiconductors,NVIDIA Corporation
NVDA,1 week,0.05,2018-12-17 00:00:00+08:00,14067.513966480447,14966.623183139535,-6.01,Semiconductors,NVIDIA Corporation
NVDA,1 week,0.05,2018-12-24 00:00:00+08:00,12991.726429675425,14067.513966480447,-7.65,Semiconductors,NVIDIA Corporation
NVDA,1 week,0.05,2019-01-07 00:00:00+08:00,14295.318007662835,13312.638111888112,7.38,Semiconductors,NVIDIA Corporation
NVDA,1 week,0.05,2019-01-14 00:00:00+08:00,15130.572550486163,14295.318007662835,5.84,Semiconductors,NVIDIA Corporation
NVDA,1 week,0.05,2019-01-28 00:00:00+08:00,13884.741240758599,15376.863691194210,-9.70,Semiconductors,NVIDIA Corporation
NVDA,1 week,0.05,2019-02-04 00:00:00+08:00,14909.619318181818,13884.741240758599,7.38,Semiconductors,NVIDIA Corporation
NVDA,1 week,0.05,2019-03-11 00:00:00+08:00,16471.896515679443,15297.619718309859,7.68,Semiconductors,NVIDIA Corporation
NVDA,1 week,0.05,2019-03-18 00:00:00+08:00,17616.135354247444,16471.896515679443,6.95,Semiconductors,NVIDIA Corporation
NVDA,1 week,0.05,2019-04-01 00:00:00+08:00,18642.080258653480,17669.311481768813,5.51,Semiconductors,NVIDIA Corporation
NVDA,1 week,0.05,2019-05-13 00:00:00+08:00,16083.647327249022,17289.692857142857,-6.98,Semiconductors,NVIDIA Corporation
NVDA,1 week,0.05,2019-05-20 00:00:00+08:00,15071.290049942374,16083.647327249022,-6.29,Semiconductors,NVIDIA Corporation
NVDA,1 week,0.05,2019-05-27 00:00:00+08:00,14038.313425468904,15071.290049942374,-6.85,Semiconductors,NVIDIA Corporation
NVDA,1 week,0.05,2019-08-05 00:00:00+08:00,15323.720727548314,16986.250719276613,-9.79,Semiconductors,NVIDIA Corporation
NVDA,1 week,0.05,2019-08-19 00:00:00+08:00,16887.728684971098,15358.666550885724,9.96,Semiconductors,NVIDIA Corporation
NVDA,1 week,0.05,2019-09-09 00:00:00+08:00,18320.867962737951,17244.559881715131,6.24,Semiconductors,NVIDIA Corporation
NVDA,1 week,0.05,2019-10-14 00:00:00+08:00,19270.933467741935,18297.288856304985,5.32,Semiconductors,NVIDIA Corporation
NVDA,1 week,0.05,2019-12-16 00:00:00+08:00,23183.106947697112,21840.135949266746,6.15,Semiconductors,NVIDIA Corporation
NVDA,1 week,0.05,2020-02-10 00:00:00+08:00,27328.470112079701,24806.388459975620,10.17,Semiconductors,NVIDIA Corporation
NVDA,1 week,0.05,2020-02-17 00:00:00+08:00,30222.169187898089,27328.470112079701,10.59,Semiconductors,NVIDIA Corporation
NVDA,1 week,0.05,2020-02-24 00:00:00+08:00,26500.130869686024,30222.169187898089,-12.32,Semiconductors,NVIDIA Corporation
NVDA,1 week,0.05,2020-03-09 00:00:00+08:00,24045.275155832591,27204.947795071336,-11.61,Semiconductors,NVIDIA Corporation
NVDA,1 week,0.05,2020-03-16 00:00:00+08:00,20870.707640172520,24045.275155832591,-13.20,Semiconductors,NVIDIA Corporation
NVDA,1 week,0.05,2020-03-23 00:00:00+08:00,24268.924120116242,20870.707640172520,16.28,Semiconductors,NVIDIA Corporation
NVDA,1 week,0.05,2020-03-30 00:00:00+08:00,25517.452445652174,24268.924120116242,5.14,Semiconductors,NVIDIA Corporation
NVDA,1 week,0.05,2020-04-13 00:00:00+08:00,28316.786482851379,26464.779974758098,7.00,Semiconductors,NVIDIA Corporation
NVDA,1 week,0.05,2020-05-11 00:00:00+08:00,31872.446428571429,29987.100420007637,6.29,Semiconductors,NVIDIA Corporation
NVDA,1 week,0.05,2020-05-18 00:00:00+08:00,35588.374624173181,31872.446428571429,11.66,Semiconductors,NVIDIA Corporation
NVDA,1 week,0.05,2020-07-06 00:00:00+08:00,40661.514541387025,37734.300098231827,7.76,Semiconductors,NVIDIA Corporation
NVDA,1 week,0.05,2020-08-03 00:00:00+08:00,44700.516208453016,41765.932311144353,7.03,Semiconductors,NVIDIA Corporation
NVDA,1 week,0.05,2020-08-17 00:00:00+08:00,49034.295968234575,45249.939735614308,8.36,Semiconductors,NVIDIA Corporation
NVDA,1 week,0.05,2020-09-07 00:00:00+08:00,49542.500193423598,53528.451572718779,-7.45,Semiconductors,NVIDIA Corporation
NVDA,1 week,0.05,2020-09-28 00:00:00+08:00,53168.509427494001,49597.775489186406,7.20,Semiconductors,NVIDIA Corporation
NVDA,1 week,0.05,2021-02-08 00:00:00+08:00,58860.438968040046,53874.583368332633,9.25,Semiconductors,NVIDIA Corporation
NVDA,1 week,0.05,2021-02-22 00:00:00+08:00,56146.334810126582,59881.808024377857,-6.24,Semiconductors,NVIDIA Corporation
NVDA,1 week,0.05,2021-03-01 00:00:00+08:00,51911.666937119675,56146.334810126582,-7.54,Semiconductors,NVIDIA Corporation
NVDA,1 week,0.05,2021-04-05 00:00:00+08:00,56419.812118570183,52844.072295805740,6.77,Semiconductors,NVIDIA Corporation
NVDA,1 week,0.05,2021-04-12 00:00:00+08:00,62157.193224125093,56419.812118570183,10.17,Semiconductors,NVIDIA Corporation
NVDA,1 week,0.05,2021-05-24 00:00:00+08:00,62767.088419663477,57344.151610369207,9.46,Semiconductors,NVIDIA Corporation
NVDA,1 week,0.05,2021-05-31 00:00:00+08:00,67248.650000000000,62767.088419663477,7.14,Semiconductors,NVIDIA Corporation
NVDA,1 week,0.05,2021-06-28 00:00:00+08:00,80234.667796610169,75392.061125605665,6.42,Semiconductors,NVIDIA Corporation
NVDA,1 week,0.05,2021-07-19 00:00:00+08:00,29854.218364418938,78683.518710633568,-62.06,Semiconductors,NVIDIA Corporation
NVDA,1 week,0.05,2021-07-26 00:00:00+08:00,19363.889383343929,29854.218364418938,-35.14,Semiconductors,NVIDIA Corporation
NVDA,1 week,0.05,2021-08-23 00:00:00+08:00,21999.904460518385,19762.174464231814,11.32,Semiconductors,NVIDIA Corporation
NVDA,1 week,0.05,2021-10-18 00:00:00+08:00,22372.642543859649,21152.992138879790,5.77,Semiconductors,NVIDIA Corporation
NVDA,1 week,0.05,2021-10-25 00:00:00+08:00,24486.705253512523,22372.642543859649,9.45,Semiconductors,NVIDIA Corporation
NVDA,1 week,0.05,2021-11-01 00:00:00+08:00,27779.192439862543,24486.705253512523,13.45,Semiconductors,NVIDIA Corporation
NVDA,1 week,0.05,2021-11-08 00:00:00+08:00,30442.804658151766,27779.192439862543,9.59,Semiconductors,NVIDIA Corporation
NVDA,1 week,0.05,2021-12-13 00:00:00+08:00,28784.218968968969,30956.604479650369,-7.02,Semiconductors,NVIDIA Corporation
NVDA,1 week,0.05,2021-12-27 00:00:00+08:00,30173.832112510987,28652.505134788190,5.31,Semiconductors,NVIDIA Corporation
NVDA,1 week,0.05,2022-01-03 00:00:00+08:00,28660.001346619984,30173.832112510987,-5.02,Semiconductors,NVIDIA Corporation
NVDA,1 week,0.05,2022-01-17 00:00:00+08:00,25018.266457680251,27238.910920311242,-8.15,Semiconductors,NVIDIA Corporation
NVDA,1 week,0.05,2022-01-24 00:00:00+08:00,22571.822053951727,25018.266457680251,-9.78,Semiconductors,NVIDIA Corporation
NVDA,1 week,0.05,2022-01-31 00:00:00+08:00,24548.846386300680,22571.822053951727,8.76,Semiconductors,NVIDIA Corporation
NVDA,1 week,0.05,2022-02-21 00:00:00+08:00,23076.527506112469,25038.789954337900,-7.84,Semiconductors,NVIDIA Corporation
NVDA,1 week,0.05,2022-03-07 00:00:00+08:00,22212.385633270321,23729.727911059099,-6.39,Semiconductors,NVIDIA Corporation
NVDA,1 week,0.05,2022-03-14 00:00:00+08:00,23648.139775910364,22212.385633270321,6.46,Semiconductors,NVIDIA Corporation
NVDA,1 week,0.05,2022-03-21 00:00:00+08:00,26892.187380497132,23648.139775910364,13.72,Semiconductors,NVIDIA Corporation
NVDA,1 week,0.05,2022-04-04 00:00:00+08:00,25145.558897243108,27807.008403361345,-9.57,Semiconductors,NVIDIA Corporation
NVDA,1 week,0.05,2022-04-11 00:00:00+08:00,21925.785318107667,25145.558897243108,-12.80,Semiconductors,NVIDIA Corporation
NVDA,1 week,0.05,2022-04-25 00:00:00+08:00,19117.570232801465,21224.096220852318,-9.93,Semiconductors,NVIDIA Corporation
NVDA,1 week,0.05,2022-05-09 00:00:00+08:00,17140.507406477530,19250.914459161148,-10.96,Semiconductors,NVIDIA Corporation
NVDA,1 week,0.05,2022-05-30 00:00:00+08:00,18854.458007480449,16981.299194765979,11.03,Semiconductors,NVIDIA Corporation
NVDA,1 week,0.05,2022-06-13 00:00:00+08:00,15910.947339847991,18437.470623681832,-13.70,Semiconductors,NVIDIA Corporation
NVDA,1 week,0.05,2022-07-18 00:00:00+08:00,17161.261787280702,15260.705651254155,12.45,Semiconductors,NVIDIA Corporation
NVDA,1 week,0.05,2022-08-01 00:00:00+08:00,18661.716165413534,17373.486802639472,7.41,Semiconductors,NVIDIA Corporation
NVDA,1 week,0.05,2022-08-22 00:00:00+08:00,17131.744897959184,18533.546006389776,-7.56,Semiconductors,NVIDIA Corporation
NVDA,1 week,0.05,2022-08-29 00:00:00+08:00,14827.308169596691,17131.744897959184,-13.45,Semiconductors,NVIDIA Corporation
NVDA,1 week,0.05,2022-09-05 00:00:00+08:00,13801.665314401623,14827.308169596691,-6.92,Semiconductors,NVIDIA Corporation
NVDA,1 week,0.05,2022-10-10 00:00:00+08:00,11598.274048241790,12792.331166996327,-9.33,Semiconductors,NVIDIA Corporation
NVDA,1 week,0.05,2022-10-24 00:00:00+08:00,13090.526954558284,12054.501708428246,8.59,Semiconductors,NVIDIA Corporation
NVDA,1 week,0.05,2022-11-07 00:00:00+08:00,14825.156419788390,13642.555048661800,8.67,Semiconductors,NVIDIA Corporation
NVDA,1 week,0.05,2022-11-14 00:00:00+08:00,16128.895683453237,14825.156419788390,8.79,Semiconductors,NVIDIA Corporation
NVDA,1 week,0.05,2022-12-19 00:00:00+08:00,15891.324811537201,17364.629368485592,-8.48,Semiconductors,NVIDIA Corporation
NVDA,1 week,0.05,2022-12-26 00:00:00+08:00,14368.791619047619,15891.324811537201,-9.58,Semiconductors,NVIDIA Corporation
NVDA,1 week,0.05,2023-01-09 00:00:00+08:00,16004.789709172260,14522.404246794872,10.21,Semiconductors,NVIDIA Corporation
NVDA,1 week,0.05,2023-01-16 00:00:00+08:00,17327.852246763138,16004.789709172260,8.27,Semiconductors,NVIDIA Corporation
NVDA,1 week,0.05,2023-01-23 00:00:00+08:00,19289.999732190680,17327.852246763138,11.32,Semiconductors,NVIDIA Corporation
NVDA,1 week,0.05,2023-01-30 00:00:00+08:00,20331.910479764138,19289.999732190680,5.40,Semiconductors,NVIDIA Corporation
NVDA,1 week,0.05,2023-02-06 00:00:00+08:00,21839.283676268861,20331.910479764138,7.41,Semiconductors,NVIDIA Corporation
NVDA,1 week,0.05,2023-03-20 00:00:00+08:00,26512.244871461958,24695.815209404849,7.36,Semiconductors,NVIDIA Corporation
NVDA,1 week,0.05,2023-05-15 00:00:00+08:00,30202.976533785694,28676.508530183727,5.32,Semiconductors,NVIDIA Corporation
NVDA,1 week,0.05,2023-05-22 00:00:00+08:00,34433.120280070018,30202.976533785694,14.01,Semiconductors,NVIDIA Corporation
NVDA,1 week,0.05,2023-05-29 00:00:00+08:00,39527.053073463268,34433.120280070018,14.79,Semiconductors,NVIDIA Corporation
NVDA,1 week,0.05,2023-06-12 00:00:00+08:00,41575.733702491820,38658.272676991150,7.55,Semiconductors,NVIDIA Corporation
NVDA,1 week,0.05,2023-08-21 00:00:00+08:00,46984.530109693306,43496.507882609750,8.02,Semiconductors,NVIDIA Corporation
NVDA,1 week,0.05,2023-09-18 00:00:00+08:00,42560.271352785146,45146.802631578947,-5.73,Semiconductors,NVIDIA Corporation
NVDA,1 week,0.05,2023-10-16 00:00:00+08:00,43254.048648648649,46032.978861788618,-6.04,Semiconductors,NVIDIA Corporation
NVDA,1 week,0.05,2023-11-06 00:00:00+08:00,46594.342363877822,42219.736642256577,10.36,Semiconductors,NVIDIA Corporation
NVDA,1 week,0.05,2023-11-13 00:00:00+08:00,49156.481962864721,46594.342363877822,5.50,Semiconductors,NVIDIA Corporation
NVDA,1 week,0.05,2024-01-08 00:00:00+08:00,53500.480639520360,48216.480130057803,10.96,Semiconductors,NVIDIA Corporation
NVDA,1 week,0.05,2024-01-15 00:00:00+08:00,56922.526644834772,53500.480639520360,6.40,Semiconductors,NVIDIA Corporation
NVDA,1 week,0.05,2024-01-22 00:00:00+08:00,60773.225846925972,56922.526644834772,6.76,Semiconductors,NVIDIA Corporation
NVDA,1 week,0.05,2024-02-05 00:00:00+08:00,69467.832906679078,62849.515625000000,10.53,Semiconductors,NVIDIA Corporation
NVDA,1 week,0.05,2024-02-26 00:00:00+08:00,80156.796867351933,73986.726902173913,8.34,Semiconductors,NVIDIA Corporation
NVDA,1 week,0.05,2024-03-04 00:00:00+08:00,88334.648755780665,80156.796867351933,10.20,Semiconductors,NVIDIA Corporation
NVDA,1 week,0.05,2024-04-22 00:00:00+08:00,80751.965699208443,85137.335534360479,-5.15,Semiconductors,NVIDIA Corporation
NVDA,1 week,0.05,2024-04-29 00:00:00+08:00,85513.865089794131,80751.965699208443,5.90,Semiconductors,NVIDIA Corporation
NVDA,1 week,0.05,2024-05-06 00:00:00+08:00,90230.829066666667,85513.865089794131,5.52,Semiconductors,NVIDIA Corporation
NVDA,1 week,0.05,2024-05-20 00:00:00+08:00,99015.288309825484,92652.475000000000,6.87,Semiconductors,NVIDIA Corporation
NVDA,1 week,0.05,2024-05-27 00:00:00+08:00,112500.875874125874,99015.288309825484,13.62,Semiconductors,NVIDIA Corporation
NVDA,1 week,0.05,2024-06-03 00:00:00+08:00,118301.963106353906,112500.875874125874,5.16,Semiconductors,NVIDIA Corporation
NVDA,1 week,0.05,2024-06-10 00:00:00+08:00,12527.896573604061,118301.963106353906,-89.41,Semiconductors,NVIDIA Corporation
NVDA,1 week,0.05,2024-06-17 00:00:00+08:00,13222.493869032090,12527.896573604061,5.54,Semiconductors,NVIDIA Corporation
NVDA,1 week,0.05,2024-06-24 00:00:00+08:00,12270.196289062500,13222.493869032090,-7.20,Semiconductors,NVIDIA Corporation
NVDA,1 week,0.05,2024-07-08 00:00:00+08:00,13058.762374161074,12423.284573002755,5.12,Semiconductors,NVIDIA Corporation
NVDA,1 week,0.05,2024-07-15 00:00:00+08:00,12317.468394437421,13058.762374161074,-5.68,Semiconductors,NVIDIA Corporation
NVDA,1 week,0.05,2024-07-29 00:00:00+08:00,11035.414237935977,11784.750997270628,-6.36,Semiconductors,NVIDIA Corporation
NVDA,2 weeks,0.05,2014-02-17 00:00:00+08:00,1852.5701459034792368,1619.6792499383172958,14.38,Semiconductors,NVIDIA Corporation
NVDA,2 weeks,0.05,2014-07-21 00:00:00+08:00,1800.1969579788605311,1900.5402892561983471,-5.28,Semiconductors,NVIDIA Corporation
NVDA,2 weeks,0.05,2014-10-27 00:00:00+08:00,1940.6545454545454545,1768.5832061068702290,9.73,Semiconductors,NVIDIA Corporation
NVDA,2 weeks,0.05,2015-02-16 00:00:00+08:00,2218.5819861431870670,2069.0786015373171336,7.23,Semiconductors,NVIDIA Corporation
NVDA,2 weeks,0.05,2015-08-03 00:00:00+08:00,2224.4332535885167464,1971.1744095509992214,12.85,Semiconductors,NVIDIA Corporation
NVDA,2 weeks,0.05,2015-09-28 00:00:00+08:00,2483.2973996465539005,2315.9051262433052793,7.23,Semiconductors,NVIDIA Corporation
NVDA,2 weeks,0.05,2015-10-12 00:00:00+08:00,2751.8214731585518102,2483.2973996465539005,10.81,Semiconductors,NVIDIA Corporation
NVDA,2 weeks,0.05,2015-11-09 00:00:00+08:00,3067.7266331658291457,2870.2332439678284182,6.88,Semiconductors,NVIDIA Corporation
NVDA,2 weeks,0.05,2016-01-11 00:00:00+08:00,2846.3989566172432729,3157.4409112482202183,-9.85,Semiconductors,NVIDIA Corporation
NVDA,2 weeks,0.05,2016-02-22 00:00:00+08:00,3196.2071050642479214,2709.8710927408938259,17.95,Semiconductors,NVIDIA Corporation
NVDA,2 weeks,0.05,2016-03-21 00:00:00+08:00,3485.7356803576417994,3228.3592452830188679,7.97,Semiconductors,NVIDIA Corporation
NVDA,2 weeks,0.05,2016-05-16 00:00:00+08:00,4410.3599056603773585,3609.3672710367271037,22.19,Semiconductors,NVIDIA Corporation
NVDA,2 weeks,0.05,2016-05-30 00:00:00+08:00,4656.8474348643567016,4410.3599056603773585,5.59,Semiconductors,NVIDIA Corporation
NVDA,2 weeks,0.05,2016-07-11 00:00:00+08:00,5318.2283539486203616,4723.9675060926076361,12.58,Semiconductors,NVIDIA Corporation
NVDA,2 weeks,0.05,2016-07-25 00:00:00+08:00,5647.4830849302105512,5318.2283539486203616,6.19,Semiconductors,NVIDIA Corporation
NVDA,2 weeks,0.05,2016-08-08 00:00:00+08:00,6095.3469648562300319,5647.4830849302105512,7.93,Semiconductors,NVIDIA Corporation
NVDA,2 weeks,0.05,2016-09-19 00:00:00+08:00,6539.2513214800576646,6138.7536793183578621,6.52,Semiconductors,NVIDIA Corporation
NVDA,2 weeks,0.05,2016-11-14 00:00:00+08:00,9108.9941190884587111,7182.1146873090242412,26.83,Semiconductors,NVIDIA Corporation
NVDA,2 weeks,0.05,2016-12-12 00:00:00+08:00,10020.844163658243,9206.7676431424766977,8.84,Semiconductors,NVIDIA Corporation
NVDA,2 weeks,0.05,2016-12-26 00:00:00+08:00,10774.997681607419,10020.844163658243,7.53,Semiconductors,NVIDIA Corporation
NVDA,2 weeks,0.05,2017-01-23 00:00:00+08:00,10996.206283588260,10433.670634012360,5.39,Semiconductors,NVIDIA Corporation
NVDA,2 weeks,0.05,2017-02-20 00:00:00+08:00,10334.887287287287,11310.262041696621,-8.62,Semiconductors,NVIDIA Corporation
NVDA,2 weeks,0.05,2017-03-20 00:00:00+08:00,10795.276373511594,10059.201662378785,7.32,Semiconductors,NVIDIA Corporation
NVDA,2 weeks,0.05,2017-04-03 00:00:00+08:00,10037.175846051758,10795.276373511594,-7.02,Semiconductors,NVIDIA Corporation
NVDA,2 weeks,0.05,2017-05-01 00:00:00+08:00,11130.358058252427,10207.349977608598,9.04,Semiconductors,NVIDIA Corporation
NVDA,2 weeks,0.05,2017-05-15 00:00:00+08:00,13586.292119565217,11130.358058252427,22.07,Semiconductors,NVIDIA Corporation
NVDA,2 weeks,0.05,2017-05-29 00:00:00+08:00,14906.153920061491,13586.292119565217,9.71,Semiconductors,NVIDIA Corporation
NVDA,2 weeks,0.05,2017-07-10 00:00:00+08:00,16190.079184367035,14674.580651649236,10.33,Semiconductors,NVIDIA Corporation
NVDA,2 weeks,0.05,2017-09-18 00:00:00+08:00,17982.570936526160,16895.471271788250,6.43,Semiconductors,NVIDIA Corporation
NVDA,2 weeks,0.05,2017-10-16 00:00:00+08:00,19703.168736303871,18541.745843230404,6.26,Semiconductors,NVIDIA Corporation
NVDA,2 weeks,0.05,2017-10-30 00:00:00+08:00,20839.390704176131,19703.168736303871,5.77,Semiconductors,NVIDIA Corporation
NVDA,2 weeks,0.05,2017-11-27 00:00:00+08:00,19702.671782973407,21347.227828746177,-7.70,Semiconductors,NVIDIA Corporation
NVDA,2 weeks,0.05,2017-12-25 00:00:00+08:00,20375.516678495387,19301.841162420382,5.56,Semiconductors,NVIDIA Corporation
NVDA,2 weeks,0.05,2018-01-08 00:00:00+08:00,22363.260519071962,20375.516678495387,9.76,Semiconductors,NVIDIA Corporation
NVDA,2 weeks,0.05,2018-01-22 00:00:00+08:00,23994.757602236980,22363.260519071962,7.30,Semiconductors,NVIDIA Corporation
NVDA,2 weeks,0.05,2018-04-02 00:00:00+08:00,22456.013135448652,23827.463967454475,-5.76,Semiconductors,NVIDIA Corporation
NVDA,2 weeks,0.05,2018-04-30 00:00:00+08:00,24271.521296453419,22806.948047094001,6.42,Semiconductors,NVIDIA Corporation
NVDA,2 weeks,0.05,2018-06-25 00:00:00+08:00,24067.495331359599,26169.562157777327,-8.03,Semiconductors,NVIDIA Corporation
NVDA,2 weeks,0.05,2018-10-15 00:00:00+08:00,22484.677660128450,26676.538207913111,-15.71,Semiconductors,NVIDIA Corporation
NVDA,2 weeks,0.05,2018-10-29 00:00:00+08:00,20742.381194409149,22484.677660128450,-7.75,Semiconductors,NVIDIA Corporation
NVDA,2 weeks,0.05,2018-11-12 00:00:00+08:00,17065.837650816182,20742.381194409149,-17.72,Semiconductors,NVIDIA Corporation
NVDA,2 weeks,0.05,2018-11-26 00:00:00+08:00,15771.343583133861,17065.837650816182,-7.59,Semiconductors,NVIDIA Corporation
NVDA,2 weeks,0.05,2018-12-10 00:00:00+08:00,14522.608423763105,15771.343583133861,-7.92,Semiconductors,NVIDIA Corporation
NVDA,2 weeks,0.05,2018-12-24 00:00:00+08:00,13165.348072830456,14522.608423763105,-9.35,Semiconductors,NVIDIA Corporation
NVDA,2 weeks,0.05,2019-01-07 00:00:00+08:00,14698.108025247971,13165.348072830456,11.64,Semiconductors,NVIDIA Corporation
NVDA,2 weeks,0.05,2019-03-18 00:00:00+08:00,17641.451708217913,15935.427138531416,10.71,Semiconductors,NVIDIA Corporation
NVDA,2 weeks,0.05,2019-04-01 00:00:00+08:00,18857.227967097532,17641.451708217913,6.89,Semiconductors,NVIDIA Corporation
NVDA,2 weeks,0.05,2019-04-29 00:00:00+08:00,17695.311647221673,18661.778224007140,-5.18,Semiconductors,NVIDIA Corporation
NVDA,2 weeks,0.05,2019-05-13 00:00:00+08:00,15618.973373302768,17695.311647221673,-11.73,Semiconductors,NVIDIA Corporation
NVDA,2 weeks,0.05,2019-05-27 00:00:00+08:00,14084.727719598205,15618.973373302768,-9.82,Semiconductors,NVIDIA Corporation
NVDA,2 weeks,0.05,2019-06-10 00:00:00+08:00,14975.141775101962,14084.727719598205,6.32,Semiconductors,NVIDIA Corporation
NVDA,2 weeks,0.05,2019-06-24 00:00:00+08:00,16096.570754716981,14975.141775101962,7.49,Semiconductors,NVIDIA Corporation
NVDA,2 weeks,0.05,2019-08-05 00:00:00+08:00,15341.953606379123,17232.179639532581,-10.97,Semiconductors,NVIDIA Corporation
NVDA,2 weeks,0.05,2019-08-19 00:00:00+08:00,16706.309446873218,15341.953606379123,8.89,Semiconductors,NVIDIA Corporation
NVDA,2 weeks,0.05,2019-09-02 00:00:00+08:00,17835.356825255669,16706.309446873218,6.76,Semiconductors,NVIDIA Corporation
NVDA,2 weeks,0.05,2019-10-14 00:00:00+08:00,19502.109496124031,17987.066758566365,8.42,Semiconductors,NVIDIA Corporation
NVDA,2 weeks,0.05,2019-10-28 00:00:00+08:00,20591.482369534556,19502.109496124031,5.59,Semiconductors,NVIDIA Corporation
NVDA,2 weeks,0.05,2019-12-09 00:00:00+08:00,22516.771484759095,21317.419523269012,5.63,Semiconductors,NVIDIA Corporation
NVDA,2 weeks,0.05,2019-12-23 00:00:00+08:00,23710.710316368638,22516.771484759095,5.30,Semiconductors,NVIDIA Corporation
NVDA,2 weeks,0.05,2020-02-03 00:00:00+08:00,26234.367706680769,24634.954102619615,6.49,Semiconductors,NVIDIA Corporation
NVDA,2 weeks,0.05,2020-02-17 00:00:00+08:00,28030.119456717395,26234.367706680769,6.85,Semiconductors,NVIDIA Corporation
NVDA,2 weeks,0.05,2020-03-02 00:00:00+08:00,25555.337207500387,28030.119456717395,-8.83,Semiconductors,NVIDIA Corporation
NVDA,2 weeks,0.05,2020-03-16 00:00:00+08:00,22529.903042724263,25555.337207500387,-11.84,Semiconductors,NVIDIA Corporation
NVDA,2 weeks,0.05,2020-03-30 00:00:00+08:00,25940.643112196955,22529.903042724263,15.14,Semiconductors,NVIDIA Corporation
NVDA,2 weeks,0.05,2020-04-13 00:00:00+08:00,28334.487842465753,25940.643112196955,9.23,Semiconductors,NVIDIA Corporation
NVDA,2 weeks,0.05,2020-05-11 00:00:00+08:00,33801.759132063690,29685.257606490872,13.87,Semiconductors,NVIDIA Corporation
NVDA,2 weeks,0.05,2020-07-06 00:00:00+08:00,40808.628384687208,37622.048231511254,8.47,Semiconductors,NVIDIA Corporation
NVDA,2 weeks,0.05,2020-08-03 00:00:00+08:00,44982.631862647235,41529.394761814386,8.32,Semiconductors,NVIDIA Corporation
NVDA,2 weeks,0.05,2020-08-17 00:00:00+08:00,49953.411556603774,44982.631862647235,11.05,Semiconductors,NVIDIA Corporation
NVDA,2 weeks,0.05,2020-09-28 00:00:00+08:00,54164.823355891029,50196.428897586432,7.91,Semiconductors,NVIDIA Corporation
NVDA,2 weeks,0.05,2021-02-08 00:00:00+08:00,59300.884800700832,53424.645365455288,11.00,Semiconductors,NVIDIA Corporation
NVDA,2 weeks,0.05,2021-02-22 00:00:00+08:00,54290.609244444444,59300.884800700832,-8.45,Semiconductors,NVIDIA Corporation
NVDA,2 weeks,0.05,2021-03-08 00:00:00+08:00,51133.689366786141,54290.609244444444,-5.81,Semiconductors,NVIDIA Corporation
NVDA,2 weeks,0.05,2021-04-05 00:00:00+08:00,59514.311244979920,52076.551444258773,14.28,Semiconductors,NVIDIA Corporation
NVDA,2 weeks,0.05,2021-05-03 00:00:00+08:00,57307.094216227263,61046.615563544090,-6.13,Semiconductors,NVIDIA Corporation
NVDA,2 weeks,0.05,2021-05-17 00:00:00+08:00,60291.421014882553,57307.094216227263,5.21,Semiconductors,NVIDIA Corporation
NVDA,2 weeks,0.05,2021-05-31 00:00:00+08:00,68726.221816620142,60291.421014882553,13.99,Semiconductors,NVIDIA Corporation
NVDA,2 weeks,0.05,2021-06-14 00:00:00+08:00,74247.470009460738,68726.221816620142,8.03,Semiconductors,NVIDIA Corporation
NVDA,2 weeks,0.05,2021-06-28 00:00:00+08:00,80586.751132153149,74247.470009460738,8.54,Semiconductors,NVIDIA Corporation
NVDA,2 weeks,0.05,2021-07-12 00:00:00+08:00,51165.712807244502,80586.751132153149,-36.51,Semiconductors,NVIDIA Corporation
NVDA,2 weeks,0.05,2021-07-26 00:00:00+08:00,19727.186865378316,51165.712807244502,-61.44,Semiconductors,NVIDIA Corporation
NVDA,2 weeks,0.05,2021-08-23 00:00:00+08:00,22270.008412878175,19878.297230464886,12.03,Semiconductors,NVIDIA Corporation
NVDA,2 weeks,0.05,2021-10-18 00:00:00+08:00,23524.296672212978,20847.366040140172,12.84,Semiconductors,NVIDIA Corporation
NVDA,2 weeks,0.05,2021-11-01 00:00:00+08:00,29200.141482965932,23524.296672212978,24.13,Semiconductors,NVIDIA Corporation
NVDA,2 weeks,0.05,2021-11-15 00:00:00+08:00,31459.657386035776,29200.141482965932,7.74,Semiconductors,NVIDIA Corporation
NVDA,2 weeks,0.05,2021-12-13 00:00:00+08:00,28726.510826771654,31600.108354229906,-9.09,Semiconductors,NVIDIA Corporation
NVDA,2 weeks,0.05,2022-01-10 00:00:00+08:00,26214.788347549516,29385.051080550098,-10.79,Semiconductors,NVIDIA Corporation
NVDA,2 weeks,0.05,2022-01-24 00:00:00+08:00,23529.582652189826,26214.788347549516,-10.24,Semiconductors,NVIDIA Corporation
NVDA,2 weeks,0.05,2022-02-07 00:00:00+08:00,25188.125402343247,23529.582652189826,7.05,Semiconductors,NVIDIA Corporation
NVDA,2 weeks,0.05,2022-02-21 00:00:00+08:00,23410.255306427504,25188.125402343247,-7.06,Semiconductors,NVIDIA Corporation
NVDA,2 weeks,0.05,2022-03-21 00:00:00+08:00,27343.841515696308,22917.135019936752,19.32,Semiconductors,NVIDIA Corporation
NVDA,2 weeks,0.05,2022-04-04 00:00:00+08:00,23662.895733173077,27343.841515696308,-13.46,Semiconductors,NVIDIA Corporation
NVDA,2 weeks,0.05,2022-04-18 00:00:00+08:00,20158.005559968229,23662.895733173077,-14.81,Semiconductors,NVIDIA Corporation
NVDA,2 weeks,0.05,2022-05-02 00:00:00+08:00,18145.912317602208,20158.005559968229,-9.98,Semiconductors,NVIDIA Corporation
NVDA,2 weeks,0.05,2022-05-16 00:00:00+08:00,17146.419509664029,18145.912317602208,-5.51,Semiconductors,NVIDIA Corporation
NVDA,2 weeks,0.05,2022-05-30 00:00:00+08:00,18633.374760383387,17146.419509664029,8.67,Semiconductors,NVIDIA Corporation
NVDA,2 weeks,0.05,2022-06-13 00:00:00+08:00,16165.395179978372,18633.374760383387,-13.24,Semiconductors,NVIDIA Corporation
NVDA,2 weeks,0.05,2022-07-25 00:00:00+08:00,18003.586117070181,16257.288773896795,10.74,Semiconductors,NVIDIA Corporation
NVDA,2 weeks,0.05,2022-08-22 00:00:00+08:00,15926.558139534884,18174.582845703727,-12.37,Semiconductors,NVIDIA Corporation
NVDA,2 weeks,0.05,2022-09-05 00:00:00+08:00,13553.477930236403,15926.558139534884,-14.90,Semiconductors,NVIDIA Corporation
NVDA,2 weeks,0.05,2022-10-03 00:00:00+08:00,12203.684957020057,13279.511879049676,-8.10,Semiconductors,NVIDIA Corporation
NVDA,2 weeks,0.05,2022-10-31 00:00:00+08:00,14252.069712601326,12574.790503189227,13.34,Semiconductors,NVIDIA Corporation
NVDA,2 weeks,0.05,2022-11-14 00:00:00+08:00,16040.223005502063,14252.069712601326,12.55,Semiconductors,NVIDIA Corporation
NVDA,2 weeks,0.05,2022-12-26 00:00:00+08:00,14443.663151728178,16652.598289244416,-13.26,Semiconductors,NVIDIA Corporation
NVDA,2 weeks,0.05,2023-01-09 00:00:00+08:00,16608.501650738488,14443.663151728178,14.99,Semiconductors,NVIDIA Corporation
NVDA,2 weeks,0.05,2023-01-23 00:00:00+08:00,19810.745746818486,16608.501650738488,19.28,Semiconductors,NVIDIA Corporation
NVDA,2 weeks,0.05,2023-02-06 00:00:00+08:00,21975.854197748542,19810.745746818486,10.93,Semiconductors,NVIDIA Corporation
NVDA,2 weeks,0.05,2023-03-06 00:00:00+08:00,24156.743649732620,22742.914482354664,6.22,Semiconductors,NVIDIA Corporation
NVDA,2 weeks,0.05,2023-03-20 00:00:00+08:00,26753.873448017951,24156.743649732620,10.75,Semiconductors,NVIDIA Corporation
NVDA,2 weeks,0.05,2023-05-15 00:00:00+08:00,32447.714437367304,28394.705882352941,14.27,Semiconductors,NVIDIA Corporation
NVDA,2 weeks,0.05,2023-05-29 00:00:00+08:00,39075.102287440656,32447.714437367304,20.42,Semiconductors,NVIDIA Corporation
NVDA,2 weeks,0.05,2023-06-12 00:00:00+08:00,42144.809694536068,39075.102287440656,7.86,Semiconductors,NVIDIA Corporation
NVDA,2 weeks,0.05,2023-07-10 00:00:00+08:00,45144.870976150137,41715.316868442292,8.22,Semiconductors,NVIDIA Corporation
NVDA,2 weeks,0.05,2023-08-21 00:00:00+08:00,47615.089100554618,43423.400692396461,9.65,Semiconductors,NVIDIA Corporation
NVDA,2 weeks,0.05,2023-09-18 00:00:00+08:00,42561.161063858512,45921.895907888595,-7.32,Semiconductors,NVIDIA Corporation
NVDA,2 weeks,0.05,2023-10-02 00:00:00+08:00,45210.110674613926,42561.161063858512,6.22,Semiconductors,NVIDIA Corporation
NVDA,2 weeks,0.05,2023-10-16 00:00:00+08:00,42560.424820696721,45210.110674613926,-5.86,Semiconductors,NVIDIA Corporation
NVDA,2 weeks,0.05,2023-11-13 00:00:00+08:00,49227.869240706186,44429.933977455717,10.80,Semiconductors,NVIDIA Corporation
NVDA,2 weeks,0.05,2024-01-08 00:00:00+08:00,55061.829801684325,48801.944550304878,12.83,Semiconductors,NVIDIA Corporation
NVDA,2 weeks,0.05,2024-01-22 00:00:00+08:00,61833.675874769797,55061.829801684325,12.30,Semiconductors,NVIDIA Corporation
NVDA,2 weeks,0.05,2024-02-05 00:00:00+08:00,71184.249353397602,61833.675874769797,15.12,Semiconductors,NVIDIA Corporation
NVDA,2 weeks,0.05,2024-02-19 00:00:00+08:00,76189.322208631836,71184.249353397602,7.03,Semiconductors,NVIDIA Corporation
NVDA,2 weeks,0.05,2024-03-04 00:00:00+08:00,88581.299932900917,76189.322208631836,16.26,Semiconductors,NVIDIA Corporation
NVDA,2 weeks,0.05,2024-04-15 00:00:00+08:00,83142.869333333333,88186.742666666667,-5.72,Semiconductors,NVIDIA Corporation
NVDA,2 weeks,0.05,2024-04-29 00:00:00+08:00,88445.841703961545,83142.869333333333,6.38,Semiconductors,NVIDIA Corporation
NVDA,2 weeks,0.05,2024-05-13 00:00:00+08:00,96054.705356001534,88445.841703961545,8.60,Semiconductors,NVIDIA Corporation
NVDA,2 weeks,0.05,2024-05-27 00:00:00+08:00,117102.966937669377,96054.705356001534,21.91,Semiconductors,NVIDIA Corporation
NVDA,2 weeks,0.05,2024-06-10 00:00:00+08:00,12838.887279523420,117102.966937669377,-89.04,Semiconductors,NVIDIA Corporation
NVDA,2 weeks,0.05,2024-07-22 00:00:00+08:00,11555.993436406068,12688.972461635485,-8.93,Semiconductors,NVIDIA Corporation
NVDA,1 week,0.1,2015-08-10 00:00:00+08:00,2363.0341536916122551,2098.3691183188670626,12.61,Semiconductors,NVIDIA Corporation
NVDA,1 week,0.1,2016-02-15 00:00:00+08:00,2883.9240235420010701,2547.3811188811188811,13.21,Semiconductors,NVIDIA Corporation
NVDA,1 week,0.1,2016-05-16 00:00:00+08:00,4300.8850787766450417,3679.6484848484848485,16.88,Semiconductors,NVIDIA Corporation
NVDA,1 week,0.1,2016-11-14 00:00:00+08:00,8947.8219178082191781,7380.0654440848615606,21.24,Semiconductors,NVIDIA Corporation
NVDA,1 week,0.1,2016-12-19 00:00:00+08:00,10538.499411995296,9478.5285420944558522,11.18,Semiconductors,NVIDIA Corporation
NVDA,1 week,0.1,2017-05-08 00:00:00+08:00,11664.431586113002,10420.996383363472,11.93,Semiconductors,NVIDIA Corporation
NVDA,1 week,0.1,2017-05-15 00:00:00+08:00,13343.131309904153,11664.431586113002,14.39,Semiconductors,NVIDIA Corporation
NVDA,1 week,0.1,2017-07-10 00:00:00+08:00,15836.112830431979,14351.048840651209,10.35,Semiconductors,NVIDIA Corporation
NVDA,1 week,0.1,2018-05-07 00:00:00+08:00,25298.112701252236,22915.401732965735,10.40,Semiconductors,NVIDIA Corporation
NVDA,1 week,0.1,2018-10-08 00:00:00+08:00,25206.273691913648,28334.909203466777,-11.04,Semiconductors,NVIDIA Corporation
NVDA,1 week,0.1,2018-10-22 00:00:00+08:00,21107.151416476718,24057.310780669145,-12.26,Semiconductors,NVIDIA Corporation
NVDA,1 week,0.1,2018-11-12 00:00:00+08:00,18840.616312281815,20971.694976076555,-10.16,Semiconductors,NVIDIA Corporation
NVDA,1 week,0.1,2018-11-19 00:00:00+08:00,14815.404024144869,18840.616312281815,-21.36,Semiconductors,NVIDIA Corporation
NVDA,1 week,0.1,2020-02-10 00:00:00+08:00,27328.470112079701,24806.388459975620,10.17,Semiconductors,NVIDIA Corporation
NVDA,1 week,0.1,2020-02-17 00:00:00+08:00,30222.169187898089,27328.470112079701,10.59,Semiconductors,NVIDIA Corporation
NVDA,1 week,0.1,2020-02-24 00:00:00+08:00,26500.130869686024,30222.169187898089,-12.32,Semiconductors,NVIDIA Corporation
NVDA,1 week,0.1,2020-03-09 00:00:00+08:00,24045.275155832591,27204.947795071336,-11.61,Semiconductors,NVIDIA Corporation
NVDA,1 week,0.1,2020-03-16 00:00:00+08:00,20870.707640172520,24045.275155832591,-13.20,Semiconductors,NVIDIA Corporation
NVDA,1 week,0.1,2020-03-23 00:00:00+08:00,24268.924120116242,20870.707640172520,16.28,Semiconductors,NVIDIA Corporation
NVDA,1 week,0.1,2020-05-18 00:00:00+08:00,35588.374624173181,31872.446428571429,11.66,Semiconductors,NVIDIA Corporation
NVDA,1 week,0.1,2021-04-12 00:00:00+08:00,62157.193224125093,56419.812118570183,10.17,Semiconductors,NVIDIA Corporation
NVDA,1 week,0.1,2021-07-19 00:00:00+08:00,29854.218364418938,78683.518710633568,-62.06,Semiconductors,NVIDIA Corporation
NVDA,1 week,0.1,2021-07-26 00:00:00+08:00,19363.889383343929,29854.218364418938,-35.14,Semiconductors,NVIDIA Corporation
NVDA,1 week,0.1,2021-08-23 00:00:00+08:00,21999.904460518385,19762.174464231814,11.32,Semiconductors,NVIDIA Corporation
NVDA,1 week,0.1,2021-11-01 00:00:00+08:00,27779.192439862543,24486.705253512523,13.45,Semiconductors,NVIDIA Corporation
NVDA,1 week,0.1,2022-03-21 00:00:00+08:00,26892.187380497132,23648.139775910364,13.72,Semiconductors,NVIDIA Corporation
NVDA,1 week,0.1,2022-04-11 00:00:00+08:00,21925.785318107667,25145.558897243108,-12.80,Semiconductors,NVIDIA Corporation
NVDA,1 week,0.1,2022-05-09 00:00:00+08:00,17140.507406477530,19250.914459161148,-10.96,Semiconductors,NVIDIA Corporation
NVDA,1 week,0.1,2022-05-30 00:00:00+08:00,18854.458007480449,16981.299194765979,11.03,Semiconductors,NVIDIA Corporation
NVDA,1 week,0.1,2022-06-13 00:00:00+08:00,15910.947339847991,18437.470623681832,-13.70,Semiconductors,NVIDIA Corporation
NVDA,1 week,0.1,2022-07-18 00:00:00+08:00,17161.261787280702,15260.705651254155,12.45,Semiconductors,NVIDIA Corporation
NVDA,1 week,0.1,2022-08-29 00:00:00+08:00,14827.308169596691,17131.744897959184,-13.45,Semiconductors,NVIDIA Corporation
NVDA,1 week,0.1,2023-01-09 00:00:00+08:00,16004.789709172260,14522.404246794872,10.21,Semiconductors,NVIDIA Corporation
NVDA,1 week,0.1,2023-01-23 00:00:00+08:00,19289.999732190680,17327.852246763138,11.32,Semiconductors,NVIDIA Corporation
NVDA,1 week,0.1,2023-05-22 00:00:00+08:00,34433.120280070018,30202.976533785694,14.01,Semiconductors,NVIDIA Corporation
NVDA,1 week,0.1,2023-05-29 00:00:00+08:00,39527.053073463268,34433.120280070018,14.79,Semiconductors,NVIDIA Corporation
NVDA,1 week,0.1,2023-11-06 00:00:00+08:00,46594.342363877822,42219.736642256577,10.36,Semiconductors,NVIDIA Corporation
NVDA,1 week,0.1,2024-01-08 00:00:00+08:00,53500.480639520360,48216.480130057803,10.96,Semiconductors,NVIDIA Corporation
NVDA,1 week,0.1,2024-02-05 00:00:00+08:00,69467.832906679078,62849.515625000000,10.53,Semiconductors,NVIDIA Corporation
NVDA,1 week,0.1,2024-03-04 00:00:00+08:00,88334.648755780665,80156.796867351933,10.20,Semiconductors,NVIDIA Corporation
NVDA,1 week,0.1,2024-05-27 00:00:00+08:00,112500.875874125874,99015.288309825484,13.62,Semiconductors,NVIDIA Corporation
NVDA,1 week,0.1,2024-06-10 00:00:00+08:00,12527.896573604061,118301.963106353906,-89.41,Semiconductors,NVIDIA Corporation
NVDA,2 weeks,0.1,2014-02-17 00:00:00+08:00,1852.5701459034792368,1619.6792499383172958,14.38,Semiconductors,NVIDIA Corporation
NVDA,2 weeks,0.1,2015-08-03 00:00:00+08:00,2224.4332535885167464,1971.1744095509992214,12.85,Semiconductors,NVIDIA Corporation
NVDA,2 weeks,0.1,2015-10-12 00:00:00+08:00,2751.8214731585518102,2483.2973996465539005,10.81,Semiconductors,NVIDIA Corporation
NVDA,2 weeks,0.1,2016-02-22 00:00:00+08:00,3196.2071050642479214,2709.8710927408938259,17.95,Semiconductors,NVIDIA Corporation
NVDA,2 weeks,0.1,2016-05-16 00:00:00+08:00,4410.3599056603773585,3609.3672710367271037,22.19,Semiconductors,NVIDIA Corporation
NVDA,2 weeks,0.1,2016-07-11 00:00:00+08:00,5318.2283539486203616,4723.9675060926076361,12.58,Semiconductors,NVIDIA Corporation
NVDA,2 weeks,0.1,2016-11-14 00:00:00+08:00,9108.9941190884587111,7182.1146873090242412,26.83,Semiconductors,NVIDIA Corporation
NVDA,2 weeks,0.1,2017-05-15 00:00:00+08:00,13586.292119565217,11130.358058252427,22.07,Semiconductors,NVIDIA Corporation
NVDA,2 weeks,0.1,2017-07-10 00:00:00+08:00,16190.079184367035,14674.580651649236,10.33,Semiconductors,NVIDIA Corporation
NVDA,2 weeks,0.1,2018-10-15 00:00:00+08:00,22484.677660128450,26676.538207913111,-15.71,Semiconductors,NVIDIA Corporation
NVDA,2 weeks,0.1,2018-11-12 00:00:00+08:00,17065.837650816182,20742.381194409149,-17.72,Semiconductors,NVIDIA Corporation
NVDA,2 weeks,0.1,2019-01-07 00:00:00+08:00,14698.108025247971,13165.348072830456,11.64,Semiconductors,NVIDIA Corporation
NVDA,2 weeks,0.1,2019-03-18 00:00:00+08:00,17641.451708217913,15935.427138531416,10.71,Semiconductors,NVIDIA Corporation
NVDA,2 weeks,0.1,2019-05-13 00:00:00+08:00,15618.973373302768,17695.311647221673,-11.73,Semiconductors,NVIDIA Corporation
NVDA,2 weeks,0.1,2019-08-05 00:00:00+08:00,15341.953606379123,17232.179639532581,-10.97,Semiconductors,NVIDIA Corporation
NVDA,2 weeks,0.1,2020-03-16 00:00:00+08:00,22529.903042724263,25555.337207500387,-11.84,Semiconductors,NVIDIA Corporation
NVDA,2 weeks,0.1,2020-03-30 00:00:00+08:00,25940.643112196955,22529.903042724263,15.14,Semiconductors,NVIDIA Corporation
NVDA,2 weeks,0.1,2020-05-11 00:00:00+08:00,33801.759132063690,29685.257606490872,13.87,Semiconductors,NVIDIA Corporation
NVDA,2 weeks,0.1,2020-08-17 00:00:00+08:00,49953.411556603774,44982.631862647235,11.05,Semiconductors,NVIDIA Corporation
NVDA,2 weeks,0.1,2021-02-08 00:00:00+08:00,59300.884800700832,53424.645365455288,11.00,Semiconductors,NVIDIA Corporation
NVDA,2 weeks,0.1,2021-04-05 00:00:00+08:00,59514.311244979920,52076.551444258773,14.28,Semiconductors,NVIDIA Corporation
NVDA,2 weeks,0.1,2021-05-31 00:00:00+08:00,68726.221816620142,60291.421014882553,13.99,Semiconductors,NVIDIA Corporation
NVDA,2 weeks,0.1,2021-07-12 00:00:00+08:00,51165.712807244502,80586.751132153149,-36.51,Semiconductors,NVIDIA Corporation
NVDA,2 weeks,0.1,2021-07-26 00:00:00+08:00,19727.186865378316,51165.712807244502,-61.44,Semiconductors,NVIDIA Corporation
NVDA,2 weeks,0.1,2021-08-23 00:00:00+08:00,22270.008412878175,19878.297230464886,12.03,Semiconductors,NVIDIA Corporation
NVDA,2 weeks,0.1,2021-10-18 00:00:00+08:00,23524.296672212978,20847.366040140172,12.84,Semiconductors,NVIDIA Corporation
NVDA,2 weeks,0.1,2021-11-01 00:00:00+08:00,29200.141482965932,23524.296672212978,24.13,Semiconductors,NVIDIA Corporation
NVDA,2 weeks,0.1,2022-01-10 00:00:00+08:00,26214.788347549516,29385.051080550098,-10.79,Semiconductors,NVIDIA Corporation
NVDA,2 weeks,0.1,2022-01-24 00:00:00+08:00,23529.582652189826,26214.788347549516,-10.24,Semiconductors,NVIDIA Corporation
NVDA,2 weeks,0.1,2022-03-21 00:00:00+08:00,27343.841515696308,22917.135019936752,19.32,Semiconductors,NVIDIA Corporation
NVDA,2 weeks,0.1,2022-04-04 00:00:00+08:00,23662.895733173077,27343.841515696308,-13.46,Semiconductors,NVIDIA Corporation
NVDA,2 weeks,0.1,2022-04-18 00:00:00+08:00,20158.005559968229,23662.895733173077,-14.81,Semiconductors,NVIDIA Corporation
NVDA,2 weeks,0.1,2022-06-13 00:00:00+08:00,16165.395179978372,18633.374760383387,-13.24,Semiconductors,NVIDIA Corporation
NVDA,2 weeks,0.1,2022-07-25 00:00:00+08:00,18003.586117070181,16257.288773896795,10.74,Semiconductors,NVIDIA Corporation
NVDA,2 weeks,0.1,2022-08-22 00:00:00+08:00,15926.558139534884,18174.582845703727,-12.37,Semiconductors,NVIDIA Corporation
NVDA,2 weeks,0.1,2022-09-05 00:00:00+08:00,13553.477930236403,15926.558139534884,-14.90,Semiconductors,NVIDIA Corporation
NVDA,2 weeks,0.1,2022-10-31 00:00:00+08:00,14252.069712601326,12574.790503189227,13.34,Semiconductors,NVIDIA Corporation
NVDA,2 weeks,0.1,2022-11-14 00:00:00+08:00,16040.223005502063,14252.069712601326,12.55,Semiconductors,NVIDIA Corporation
NVDA,2 weeks,0.1,2022-12-26 00:00:00+08:00,14443.663151728178,16652.598289244416,-13.26,Semiconductors,NVIDIA Corporation
NVDA,2 weeks,0.1,2023-01-09 00:00:00+08:00,16608.501650738488,14443.663151728178,14.99,Semiconductors,NVIDIA Corporation
NVDA,2 weeks,0.1,2023-01-23 00:00:00+08:00,19810.745746818486,16608.501650738488,19.28,Semiconductors,NVIDIA Corporation
NVDA,2 weeks,0.1,2023-02-06 00:00:00+08:00,21975.854197748542,19810.745746818486,10.93,Semiconductors,NVIDIA Corporation
NVDA,2 weeks,0.1,2023-03-20 00:00:00+08:00,26753.873448017951,24156.743649732620,10.75,Semiconductors,NVIDIA Corporation
NVDA,2 weeks,0.1,2023-05-15 00:00:00+08:00,32447.714437367304,28394.705882352941,14.27,Semiconductors,NVIDIA Corporation
NVDA,2 weeks,0.1,2023-05-29 00:00:00+08:00,39075.102287440656,32447.714437367304,20.42,Semiconductors,NVIDIA Corporation
NVDA,2 weeks,0.1,2023-11-13 00:00:00+08:00,49227.869240706186,44429.933977455717,10.80,Semiconductors,NVIDIA Corporation
NVDA,2 weeks,0.1,2024-01-08 00:00:00+08:00,55061.829801684325,48801.944550304878,12.83,Semiconductors,NVIDIA Corporation
NVDA,2 weeks,0.1,2024-01-22 00:00:00+08:00,61833.675874769797,55061.829801684325,12.30,Semiconductors,NVIDIA Corporation
NVDA,2 weeks,0.1,2024-02-05 00:00:00+08:00,71184.249353397602,61833.675874769797,15.12,Semiconductors,NVIDIA Corporation
NVDA,2 weeks,0.1,2024-03-04 00:00:00+08:00,88581.299932900917,76189.322208631836,16.26,Semiconductors,NVIDIA Corporation
NVDA,2 weeks,0.1,2024-05-27 00:00:00+08:00,117102.966937669377,96054.705356001534,21.91,Semiconductors,NVIDIA Corporation
NVDA,2 weeks,0.1,2024-06-10 00:00:00+08:00,12838.887279523420,117102.966937669377,-89.04,Semiconductors,NVIDIA Corporation
NVDA,1 week,0.15,2016-05-16 00:00:00+08:00,4300.8850787766450417,3679.6484848484848485,16.88,Semiconductors,NVIDIA Corporation
NVDA,1 week,0.15,2016-11-14 00:00:00+08:00,8947.8219178082191781,7380.0654440848615606,21.24,Semiconductors,NVIDIA Corporation
NVDA,1 week,0.15,2018-11-19 00:00:00+08:00,14815.404024144869,18840.616312281815,-21.36,Semiconductors,NVIDIA Corporation
NVDA,1 week,0.15,2020-03-23 00:00:00+08:00,24268.924120116242,20870.707640172520,16.28,Semiconductors,NVIDIA Corporation
NVDA,1 week,0.15,2021-07-19 00:00:00+08:00,29854.218364418938,78683.518710633568,-62.06,Semiconductors,NVIDIA Corporation
NVDA,1 week,0.15,2021-07-26 00:00:00+08:00,19363.889383343929,29854.218364418938,-35.14,Semiconductors,NVIDIA Corporation
NVDA,1 week,0.15,2024-06-10 00:00:00+08:00,12527.896573604061,118301.963106353906,-89.41,Semiconductors,NVIDIA Corporation
NVDA,2 weeks,0.15,2016-02-22 00:00:00+08:00,3196.2071050642479214,2709.8710927408938259,17.95,Semiconductors,NVIDIA Corporation
NVDA,2 weeks,0.15,2016-05-16 00:00:00+08:00,4410.3599056603773585,3609.3672710367271037,22.19,Semiconductors,NVIDIA Corporation
NVDA,2 weeks,0.15,2016-11-14 00:00:00+08:00,9108.9941190884587111,7182.1146873090242412,26.83,Semiconductors,NVIDIA Corporation
NVDA,2 weeks,0.15,2017-05-15 00:00:00+08:00,13586.292119565217,11130.358058252427,22.07,Semiconductors,NVIDIA Corporation
NVDA,2 weeks,0.15,2018-10-15 00:00:00+08:00,22484.677660128450,26676.538207913111,-15.71,Semiconductors,NVIDIA Corporation
NVDA,2 weeks,0.15,2018-11-12 00:00:00+08:00,17065.837650816182,20742.381194409149,-17.72,Semiconductors,NVIDIA Corporation
NVDA,2 weeks,0.15,2020-03-30 00:00:00+08:00,25940.643112196955,22529.903042724263,15.14,Semiconductors,NVIDIA Corporation
NVDA,2 weeks,0.15,2021-07-12 00:00:00+08:00,51165.712807244502,80586.751132153149,-36.51,Semiconductors,NVIDIA Corporation
NVDA,2 weeks,0.15,2021-07-26 00:00:00+08:00,19727.186865378316,51165.712807244502,-61.44,Semiconductors,NVIDIA Corporation
NVDA,2 weeks,0.15,2021-11-01 00:00:00+08:00,29200.141482965932,23524.296672212978,24.13,Semiconductors,NVIDIA Corporation
NVDA,2 weeks,0.15,2022-03-21 00:00:00+08:00,27343.841515696308,22917.135019936752,19.32,Semiconductors,NVIDIA Corporation
NVDA,2 weeks,0.15,2023-01-23 00:00:00+08:00,19810.745746818486,16608.501650738488,19.28,Semiconductors,NVIDIA Corporation
NVDA,2 weeks,0.15,2023-05-29 00:00:00+08:00,39075.102287440656,32447.714437367304,20.42,Semiconductors,NVIDIA Corporation
NVDA,2 weeks,0.15,2024-02-05 00:00:00+08:00,71184.249353397602,61833.675874769797,15.12,Semiconductors,NVIDIA Corporation
NVDA,2 weeks,0.15,2024-03-04 00:00:00+08:00,88581.299932900917,76189.322208631836,16.26,Semiconductors,NVIDIA Corporation
NVDA,2 weeks,0.15,2024-05-27 00:00:00+08:00,117102.966937669377,96054.705356001534,21.91,Semiconductors,NVIDIA Corporation
NVDA,2 weeks,0.15,2024-06-10 00:00:00+08:00,12838.887279523420,117102.966937669377,-89.04,Semiconductors,NVIDIA Corporation
ORCL,1 week,0.05,2014-03-31 00:00:00+08:00,4086.9235488437942426,3880.8730864197530864,5.31,Software - Infrastructure,Oracle Corporation
ORCL,1 week,0.05,2014-12-22 00:00:00+08:00,4614.0222822417285618,4285.5084317032040472,7.67,Software - Infrastructure,Oracle Corporation
ORCL,1 week,0.05,2015-08-24 00:00:00+08:00,3664.1901340996168582,3922.2902080162354135,-6.58,Software - Infrastructure,Oracle Corporation
ORCL,1 week,0.05,2017-06-19 00:00:00+08:00,4850.8888036809815951,4479.6221243269701419,8.29,Software - Infrastructure,Oracle Corporation
ORCL,1 week,0.05,2017-09-18 00:00:00+08:00,4817.4853358561967833,5181.7803757828810021,-7.03,Software - Infrastructure,Oracle Corporation
ORCL,1 week,0.05,2018-02-05 00:00:00+08:00,4842.9338842975206612,5144.3010101010101010,-5.86,Software - Infrastructure,Oracle Corporation
ORCL,1 week,0.05,2018-03-19 00:00:00+08:00,4782.2336049670159100,5269.4601256645722571,-9.25,Software - Infrastructure,Oracle Corporation
ORCL,1 week,0.05,2018-06-18 00:00:00+08:00,4454.3182364729458918,4744.6247645951035782,-6.12,Software - Infrastructure,Oracle Corporation
ORCL,1 week,0.05,2018-07-09 00:00:00+08:00,4742.6603396603396603,4516.8012422360248447,5.00,Software - Infrastructure,Oracle Corporation
ORCL,1 week,0.05,2019-01-07 00:00:00+08:00,4784.2631313131313131,4545.1859737006887915,5.26,Software - Infrastructure,Oracle Corporation
ORCL,1 week,0.05,2019-08-05 00:00:00+08:00,5404.5932798395185557,5690.3803098450774613,-5.02,Software - Infrastructure,Oracle Corporation
ORCL,1 week,0.05,2020-02-24 00:00:00+08:00,5164.5528612997090204,5530.4923857868020305,-6.62,Software - Infrastructure,Oracle Corporation
ORCL,1 week,0.05,2020-03-02 00:00:00+08:00,4900.0529179030662710,5164.5528612997090204,-5.12,Software - Infrastructure,Oracle Corporation
ORCL,1 week,0.05,2020-03-09 00:00:00+08:00,4508.1129995406522738,4900.0529179030662710,-8.00,Software - Infrastructure,Oracle Corporation
ORCL,1 week,0.05,2020-04-06 00:00:00+08:00,5194.5523638539796529,4937.2723754233188195,5.21,Software - Infrastructure,Oracle Corporation
ORCL,1 week,0.05,2020-09-14 00:00:00+08:00,6048.7182044887780549,5730.9629263470093920,5.54,Software - Infrastructure,Oracle Corporation
ORCL,1 week,0.05,2020-10-26 00:00:00+08:00,5658.2270347453593527,5980.3881940970485243,-5.39,Software - Infrastructure,Oracle Corporation
ORCL,1 week,0.05,2021-06-14 00:00:00+08:00,7883.9329855537720706,8356.1165142031776601,-5.65,Software - Infrastructure,Oracle Corporation
ORCL,1 week,0.05,2021-07-05 00:00:00+08:00,8546.6255896226415094,7907.8840368753032508,8.08,Software - Infrastructure,Oracle Corporation
ORCL,1 week,0.05,2021-12-13 00:00:00+08:00,10093.083087304935,9287.2267915309446254,8.68,Software - Infrastructure,Oracle Corporation
ORCL,1 week,0.05,2021-12-20 00:00:00+08:00,9099.3609701071630006,10093.083087304935,-9.85,Software - Infrastructure,Oracle Corporation
ORCL,1 week,0.05,2022-09-19 00:00:00+08:00,6840.9781021897810219,7372.9739022369511185,-7.22,Software - Infrastructure,Oracle Corporation
ORCL,1 week,0.05,2022-10-03 00:00:00+08:00,6469.7068371864240039,6840.9781021897810219,-5.43,Software - Infrastructure,Oracle Corporation
ORCL,1 week,0.05,2022-10-17 00:00:00+08:00,6819.1096714484035169,6360.2897384305835010,7.21,Software - Infrastructure,Oracle Corporation
ORCL,1 week,0.05,2022-10-24 00:00:00+08:00,7449.9143416544297602,6819.1096714484035169,9.25,Software - Infrastructure,Oracle Corporation
ORCL,1 week,0.05,2023-06-12 00:00:00+08:00,12108.877198917456,10732.431447746884,12.83,Software - Infrastructure,Oracle Corporation
ORCL,1 week,0.05,2023-09-11 00:00:00+08:00,11504.595813204509,12445.549217002237,-7.56,Software - Infrastructure,Oracle Corporation
ORCL,1 week,0.05,2023-09-25 00:00:00+08:00,10580.487070992008,11184.728967909801,-5.40,Software - Infrastructure,Oracle Corporation
ORCL,1 week,0.05,2023-10-23 00:00:00+08:00,10210.196069031640,10761.137178865730,-5.12,Software - Infrastructure,Oracle Corporation
ORCL,1 week,0.05,2023-11-06 00:00:00+08:00,11066.194417709336,10489.990645002462,5.49,Software - Infrastructure,Oracle Corporation
ORCL,1 week,0.05,2023-12-11 00:00:00+08:00,10419.700099966678,11362.416100872939,-8.30,Software - Infrastructure,Oracle Corporation
ORCL,1 week,0.05,2024-01-22 00:00:00+08:00,11325.788509162952,10754.785153892577,5.31,Software - Infrastructure,Oracle Corporation
ORCL,1 week,0.05,2024-03-11 00:00:00+08:00,12455.741513437058,11280.833488805970,10.42,Software - Infrastructure,Oracle Corporation
ORCL,1 week,0.05,2024-06-10 00:00:00+08:00,13371.491181988743,12158.426841085271,9.98,Software - Infrastructure,Oracle Corporation
ORCL,1 week,0.05,2024-06-17 00:00:00+08:00,14219.066862170088,13371.491181988743,6.34,Software - Infrastructure,Oracle Corporation
ORCL,2 weeks,0.05,2014-03-31 00:00:00+08:00,4041.2148599269183922,3845.7538357400722022,5.08,Software - Infrastructure,Oracle Corporation
ORCL,2 weeks,0.05,2014-12-22 00:00:00+08:00,4567.4351911860012962,4211.5138475623712520,8.45,Software - Infrastructure,Oracle Corporation
ORCL,2 weeks,0.05,2015-01-05 00:00:00+08:00,4333.3629884492504301,4567.4351911860012962,-5.12,Software - Infrastructure,Oracle Corporation
ORCL,2 weeks,0.05,2015-06-22 00:00:00+08:00,4095.4068721025361331,4345.9120603015075377,-5.76,Software - Infrastructure,Oracle Corporation
ORCL,2 weeks,0.05,2015-10-26 00:00:00+08:00,3935.6520974629490078,3741.3154463390170512,5.19,Software - Infrastructure,Oracle Corporation
ORCL,2 weeks,0.05,2016-03-07 00:00:00+08:00,3914.5630630630630631,3719.2406565656565657,5.25,Software - Infrastructure,Oracle Corporation
ORCL,2 weeks,0.05,2017-06-26 00:00:00+08:00,5023.0476057906458797,4687.8060632122124274,7.15,Software - Infrastructure,Oracle Corporation
ORCL,2 weeks,0.05,2017-09-18 00:00:00+08:00,4814.6472154963680387,5159.4305033809166041,-6.68,Software - Infrastructure,Oracle Corporation
ORCL,2 weeks,0.05,2018-02-05 00:00:00+08:00,4884.0719940623453736,5146.8724476934711369,-5.11,Software - Infrastructure,Oracle Corporation
ORCL,2 weeks,0.05,2018-03-19 00:00:00+08:00,4698.5954126270986049,5222.3379107405590976,-10.03,Software - Infrastructure,Oracle Corporation
ORCL,2 weeks,0.05,2018-07-09 00:00:00+08:00,4796.6483846731780616,4453.5719227443067166,7.70,Software - Infrastructure,Oracle Corporation
ORCL,2 weeks,0.05,2019-01-07 00:00:00+08:00,4815.0959659233274868,4478.6235603817045081,7.51,Software - Infrastructure,Oracle Corporation
ORCL,2 weeks,0.05,2019-06-24 00:00:00+08:00,5747.8314154200230150,5425.9338521400778210,5.93,Software - Infrastructure,Oracle Corporation
ORCL,2 weeks,0.05,2019-08-05 00:00:00+08:00,5361.7878330819507290,5744.3559066967644846,-6.66,Software - Infrastructure,Oracle Corporation
ORCL,2 weeks,0.05,2020-03-02 00:00:00+08:00,4696.8490116694451060,5323.0797141286421111,-11.76,Software - Infrastructure,Oracle Corporation
ORCL,2 weeks,0.05,2020-03-30 00:00:00+08:00,5052.2843766720171215,4665.5744530698659139,8.29,Software - Infrastructure,Oracle Corporation
ORCL,2 weeks,0.05,2020-09-14 00:00:00+08:00,6030.5126050420168067,5733.3666184273999035,5.18,Software - Infrastructure,Oracle Corporation
ORCL,2 weeks,0.05,2020-10-26 00:00:00+08:00,5674.5245508982035928,6040.5565711462450593,-6.06,Software - Infrastructure,Oracle Corporation
ORCL,2 weeks,0.05,2021-02-22 00:00:00+08:00,6602.1411113673045884,6260.8050778050778051,5.45,Software - Infrastructure,Oracle Corporation
ORCL,2 weeks,0.05,2021-04-05 00:00:00+08:00,7580.3115027387473208,6909.0615550755939525,9.72,Software - Infrastructure,Oracle Corporation
ORCL,2 weeks,0.05,2021-07-12 00:00:00+08:00,8817.6669900557846228,8196.2273090231567740,7.58,Software - Infrastructure,Oracle Corporation
ORCL,2 weeks,0.05,2021-10-04 00:00:00+08:00,9377.0381791483113069,8921.6312407315867523,5.10,Software - Infrastructure,Oracle Corporation
ORCL,2 weeks,0.05,2021-12-27 00:00:00+08:00,8791.6033785391387104,9667.9215733590733591,-9.06,Software - Infrastructure,Oracle Corporation
ORCL,2 weeks,0.05,2022-01-24 00:00:00+08:00,8112.0961952620244078,8641.5735567970204842,-6.13,Software - Infrastructure,Oracle Corporation
ORCL,2 weeks,0.05,2022-03-21 00:00:00+08:00,8227.2361530715005035,7736.6697579733092061,6.34,Software - Infrastructure,Oracle Corporation
ORCL,2 weeks,0.05,2022-05-02 00:00:00+08:00,7231.2680617837568510,7732.4399200599550337,-6.48,Software - Infrastructure,Oracle Corporation
ORCL,2 weeks,0.05,2022-07-25 00:00:00+08:00,7643.6402408429503261,7151.0173366834170854,6.89,Software - Infrastructure,Oracle Corporation
ORCL,2 weeks,0.05,2022-09-19 00:00:00+08:00,6840.9781021897810219,7399.9615188583078491,-7.55,Software - Infrastructure,Oracle Corporation
ORCL,2 weeks,0.05,2022-10-03 00:00:00+08:00,6415.6105446406366575,6840.9781021897810219,-6.22,Software - Infrastructure,Oracle Corporation
ORCL,2 weeks,0.05,2022-10-17 00:00:00+08:00,7125.6591341579448145,6415.6105446406366575,11.07,Software - Infrastructure,Oracle Corporation
ORCL,2 weeks,0.05,2022-10-31 00:00:00+08:00,7645.6441307578008915,7125.6591341579448145,7.30,Software - Infrastructure,Oracle Corporation
ORCL,2 weeks,0.05,2023-01-09 00:00:00+08:00,8750.6490889011595803,8271.6798505138586110,5.79,Software - Infrastructure,Oracle Corporation
ORCL,2 weeks,0.05,2023-04-03 00:00:00+08:00,9430.6193181818181818,8911.8861131520940485,5.82,Software - Infrastructure,Oracle Corporation
ORCL,2 weeks,0.05,2023-05-29 00:00:00+08:00,10659.617254273504,10068.383300781250,5.87,Software - Infrastructure,Oracle Corporation
ORCL,2 weeks,0.05,2023-06-12 00:00:00+08:00,12116.661998726926,10659.617254273504,13.67,Software - Infrastructure,Oracle Corporation
ORCL,2 weeks,0.05,2023-09-18 00:00:00+08:00,10894.807353936386,11848.438994481913,-8.05,Software - Infrastructure,Oracle Corporation
ORCL,2 weeks,0.05,2023-11-13 00:00:00+08:00,11549.740972419676,10781.387928936481,7.13,Software - Infrastructure,Oracle Corporation
ORCL,2 weeks,0.05,2023-12-11 00:00:00+08:00,10474.733089930822,11492.955409356725,-8.86,Software - Infrastructure,Oracle Corporation
ORCL,2 weeks,0.05,2024-01-22 00:00:00+08:00,11371.079365079365,10576.874899328859,7.51,Software - Infrastructure,Oracle Corporation
ORCL,2 weeks,0.05,2024-03-04 00:00:00+08:00,11949.103781174578,11078.995131187449,7.85,Software - Infrastructure,Oracle Corporation
ORCL,2 weeks,0.05,2024-03-18 00:00:00+08:00,12754.687822497420,11949.103781174578,6.74,Software - Infrastructure,Oracle Corporation
ORCL,2 weeks,0.05,2024-04-15 00:00:00+08:00,11707.453323734101,12396.131984585742,-5.56,Software - Infrastructure,Oracle Corporation
ORCL,2 weeks,0.05,2024-05-13 00:00:00+08:00,12220.358112937813,11625.140087251575,5.12,Software - Infrastructure,Oracle Corporation
ORCL,2 weeks,0.05,2024-06-10 00:00:00+08:00,13702.181464530892,12102.299973593874,13.22,Software - Infrastructure,Oracle Corporation
ORCL,1 week,0.1,2023-06-12 00:00:00+08:00,12108.877198917456,10732.431447746884,12.83,Software - Infrastructure,Oracle Corporation
ORCL,1 week,0.1,2024-03-11 00:00:00+08:00,12455.741513437058,11280.833488805970,10.42,Software - Infrastructure,Oracle Corporation
ORCL,2 weeks,0.1,2018-03-19 00:00:00+08:00,4698.5954126270986049,5222.3379107405590976,-10.03,Software - Infrastructure,Oracle Corporation
ORCL,2 weeks,0.1,2020-03-02 00:00:00+08:00,4696.8490116694451060,5323.0797141286421111,-11.76,Software - Infrastructure,Oracle Corporation
ORCL,2 weeks,0.1,2022-10-17 00:00:00+08:00,7125.6591341579448145,6415.6105446406366575,11.07,Software - Infrastructure,Oracle Corporation
ORCL,2 weeks,0.1,2023-06-12 00:00:00+08:00,12116.661998726926,10659.617254273504,13.67,Software - Infrastructure,Oracle Corporation
ORCL,2 weeks,0.1,2024-06-10 00:00:00+08:00,13702.181464530892,12102.299973593874,13.22,Software - Infrastructure,Oracle Corporation
PG,1 week,0.05,2015-08-24 00:00:00+08:00,7048.2357363998230871,7438.0702781844802343,-5.24,Household & Personal Products,The Procter & Gamble Company
PG,1 week,0.05,2018-02-05 00:00:00+08:00,8153.6690712353471596,8637.4626145682585625,-5.60,Household & Personal Products,The Procter & Gamble Company
PG,1 week,0.05,2018-04-23 00:00:00+08:00,7277.1513718070009461,7687.7767158992180712,-5.34,Household & Personal Products,The Procter & Gamble Company
PG,1 week,0.05,2018-10-22 00:00:00+08:00,8777.9083371718102257,8202.4061922365988909,7.02,Household & Personal Products,The Procter & Gamble Company
PG,1 week,0.05,2020-02-24 00:00:00+08:00,11889.555102040816,12611.607587064677,-5.73,Household & Personal Products,The Procter & Gamble Company
PG,1 week,0.05,2020-03-09 00:00:00+08:00,11215.634267631103,11971.469152854512,-6.31,Household & Personal Products,The Procter & Gamble Company
PG,1 week,0.05,2020-03-23 00:00:00+08:00,10333.188303057156,11293.348984198646,-8.50,Household & Personal Products,The Procter & Gamble Company
PG,1 week,0.05,2020-03-30 00:00:00+08:00,11211.352470588235,10333.188303057156,8.50,Household & Personal Products,The Procter & Gamble Company
PG,1 week,0.05,2022-06-13 00:00:00+08:00,13433.644084437899,14478.613386613387,-7.22,Household & Personal Products,The Procter & Gamble Company
PG,2 weeks,0.05,2015-08-03 00:00:00+08:00,7596.6404856293359762,8012.0421258878275778,-5.18,Household & Personal Products,The Procter & Gamble Company
PG,2 weeks,0.05,2018-02-05 00:00:00+08:00,8154.3130090760996044,8773.7911542100283822,-7.06,Household & Personal Products,The Procter & Gamble Company
PG,2 weeks,0.05,2018-10-29 00:00:00+08:00,9009.6356015779092702,8490.6219146482122261,6.11,Household & Personal Products,The Procter & Gamble Company
PG,2 weeks,0.05,2020-03-16 00:00:00+08:00,10808.759838998211,11590.103558394161,-6.74,Household & Personal Products,The Procter & Gamble Company
PG,2 weeks,0.05,2020-03-30 00:00:00+08:00,11397.116567588524,10808.759838998211,5.44,Household & Personal Products,The Procter & Gamble Company
PG,2 weeks,0.05,2020-04-13 00:00:00+08:00,12005.375758889853,11397.116567588524,5.34,Household & Personal Products,The Procter & Gamble Company
PG,2 weeks,0.05,2021-12-13 00:00:00+08:00,15864.981783578032,15025.911800936191,5.58,Household & Personal Products,The Procter & Gamble Company
PG,2 weeks,0.05,2022-05-16 00:00:00+08:00,14699.273132112815,15491.536023768259,-5.11,Household & Personal Products,The Procter & Gamble Company
PG,2 weeks,0.05,2022-06-13 00:00:00+08:00,13680.664376030786,14539.009972299169,-5.90,Household & Personal Products,The Procter & Gamble Company
PG,2 weeks,0.05,2022-06-27 00:00:00+08:00,14402.808724832215,13680.664376030786,5.28,Household & Personal Products,The Procter & Gamble Company
PG,2 weeks,0.05,2022-10-03 00:00:00+08:00,12632.612045842477,13448.245433496270,-6.06,Household & Personal Products,The Procter & Gamble Company
PG,2 weeks,0.05,2022-11-14 00:00:00+08:00,14319.962368728121,13598.990719839478,5.30,Household & Personal Products,The Procter & Gamble Company
TMUS,1 week,0.05,2014-04-07 00:00:00+08:00,3104.0108921161825726,3307.0032502708559047,-6.14,Telecommunications Services,"T-Mobile US, Inc."
TMUS,1 week,0.05,2014-05-05 00:00:00+08:00,3166.5399579390115668,3002.3943127962085308,5.47,Telecommunications Services,"T-Mobile US, Inc."
TMUS,1 week,0.05,2014-08-11 00:00:00+08:00,2928.3250130005200208,3162.8711716091395236,-7.42,Telecommunications Services,"T-Mobile US, Inc."
TMUS,1 week,0.05,2014-09-22 00:00:00+08:00,2876.0963730569948187,3036.2417218543046358,-5.27,Telecommunications Services,"T-Mobile US, Inc."
TMUS,1 week,0.05,2014-10-13 00:00:00+08:00,2619.1228513650151668,2866.3437660338635198,-8.62,Telecommunications Services,"T-Mobile US, Inc."
TMUS,1 week,0.05,2014-12-08 00:00:00+08:00,2628.3624127617148554,2834.8122994652406417,-7.28,Telecommunications Services,"T-Mobile US, Inc."
TMUS,1 week,0.05,2014-12-22 00:00:00+08:00,2670.6264775413711584,2537.6364107883817427,5.24,Telecommunications Services,"T-Mobile US, Inc."
TMUS,1 week,0.05,2015-04-20 00:00:00+08:00,3368.0263157894736842,3191.2048726467331118,5.54,Telecommunications Services,"T-Mobile US, Inc."
TMUS,1 week,0.05,2015-05-25 00:00:00+08:00,3820.8295019157088123,3544.4014869888475836,7.80,Telecommunications Services,"T-Mobile US, Inc."
TMUS,1 week,0.05,2015-08-03 00:00:00+08:00,4093.3276397515527950,3806.2766599597585513,7.54,Telecommunications Services,"T-Mobile US, Inc."
TMUS,1 week,0.05,2015-08-24 00:00:00+08:00,3913.0812339331619537,4143.7195571955719557,-5.57,Telecommunications Services,"T-Mobile US, Inc."
TMUS,1 week,0.05,2015-09-28 00:00:00+08:00,4005.5976661593099949,4265.1273754494093477,-6.08,Telecommunications Services,"T-Mobile US, Inc."
TMUS,1 week,0.05,2015-11-30 00:00:00+08:00,3556.7548618219037871,3782.5285923753665689,-5.97,Telecommunications Services,"T-Mobile US, Inc."
TMUS,1 week,0.05,2016-02-08 00:00:00+08:00,3423.7848748083801737,3858.4844625573102394,-11.27,Telecommunications Services,"T-Mobile US, Inc."
TMUS,1 week,0.05,2016-02-15 00:00:00+08:00,3632.6008663366336634,3423.7848748083801737,6.10,Telecommunications Services,"T-Mobile US, Inc."
TMUS,1 week,0.05,2016-10-24 00:00:00+08:00,5000.0034773969200199,4688.7523461939520334,6.64,Telecommunications Services,"T-Mobile US, Inc."
TMUS,1 week,0.05,2017-11-06 00:00:00+08:00,5580.4634030418250951,5975.9314115308151093,-6.62,Telecommunications Services,"T-Mobile US, Inc."
TMUS,1 week,0.05,2017-11-20 00:00:00+08:00,6067.7726618705035971,5770.1169888097660224,5.16,Telecommunications Services,"T-Mobile US, Inc."
TMUS,1 week,0.05,2018-02-05 00:00:00+08:00,6106.2658595641646489,6446.8937371663244353,-5.28,Telecommunications Services,"T-Mobile US, Inc."
TMUS,1 week,0.05,2018-04-30 00:00:00+08:00,5847.3602003642987250,6357.8817782120175867,-8.03,Telecommunications Services,"T-Mobile US, Inc."
TMUS,1 week,0.05,2018-08-06 00:00:00+08:00,6519.3223650385604113,6051.6610857432775241,7.73,Telecommunications Services,"T-Mobile US, Inc."
TMUS,1 week,0.05,2020-02-10 00:00:00+08:00,9309.8313776618861365,8194.1201171875000000,13.62,Telecommunications Services,"T-Mobile US, Inc."
TMUS,1 week,0.05,2020-02-17 00:00:00+08:00,9916.4322033898305085,9309.8313776618861365,6.52,Telecommunications Services,"T-Mobile US, Inc."
TMUS,1 week,0.05,2020-02-24 00:00:00+08:00,9374.9166666666666667,9916.4322033898305085,-5.46,Telecommunications Services,"T-Mobile US, Inc."
TMUS,1 week,0.05,2020-03-09 00:00:00+08:00,8193.9342560553633218,9029.3153021442495127,-9.25,Telecommunications Services,"T-Mobile US, Inc."
TMUS,1 week,0.05,2020-03-16 00:00:00+08:00,7669.0698254364089776,8193.9342560553633218,-6.41,Telecommunications Services,"T-Mobile US, Inc."
TMUS,1 week,0.05,2020-03-30 00:00:00+08:00,8414.0610870610870611,7975.9542516161113874,5.49,Telecommunications Services,"T-Mobile US, Inc."
TMUS,1 week,0.05,2020-08-10 00:00:00+08:00,11525.579185520362,10969.186920222635,5.07,Telecommunications Services,"T-Mobile US, Inc."
TMUS,1 week,0.05,2020-11-02 00:00:00+08:00,11642.100450450450,11060.310728744939,5.26,Telecommunications Services,"T-Mobile US, Inc."
TMUS,1 week,0.05,2020-11-09 00:00:00+08:00,12486.652941176471,11642.100450450450,7.25,Telecommunications Services,"T-Mobile US, Inc."
TMUS,1 week,0.05,2022-01-31 00:00:00+08:00,11386.888691796009,10565.767770204479,7.77,Telecommunications Services,"T-Mobile US, Inc."
TMUS,1 week,0.05,2022-02-07 00:00:00+08:00,12507.481000000000,11386.888691796009,9.84,Telecommunications Services,"T-Mobile US, Inc."
TMUS,1 week,0.05,2022-06-13 00:00:00+08:00,12589.435742971888,13546.581549439348,-7.07,Telecommunications Services,"T-Mobile US, Inc."
TMUS,1 week,0.05,2022-06-20 00:00:00+08:00,13408.312977099237,12589.435742971888,6.50,Telecommunications Services,"T-Mobile US, Inc."
TMUS,1 week,0.05,2022-10-24 00:00:00+08:00,14268.643474088292,13555.386916835700,5.26,Telecommunications Services,"T-Mobile US, Inc."
TMUS,1 week,0.05,2022-10-31 00:00:00+08:00,15031.536487166583,14268.643474088292,5.35,Telecommunications Services,"T-Mobile US, Inc."
TMUS,1 week,0.05,2024-06-03 00:00:00+08:00,17821.725352112676,16927.317027863777,5.28,Telecommunications Services,"T-Mobile US, Inc."
TMUS,2 weeks,0.05,2014-02-03 00:00:00+08:00,3027.7063369397217929,3188.5002868617326449,-5.04,Telecommunications Services,"T-Mobile US, Inc."
TMUS,2 weeks,0.05,2014-04-14 00:00:00+08:00,2994.2037956204379562,3203.3018018018018018,-6.53,Telecommunications Services,"T-Mobile US, Inc."
TMUS,2 weeks,0.05,2014-05-12 00:00:00+08:00,3324.0757734661772417,3080.2121136590229312,7.92,Telecommunications Services,"T-Mobile US, Inc."
TMUS,2 weeks,0.05,2014-10-13 00:00:00+08:00,2676.3709090909090909,2868.9864653826132223,-6.71,Telecommunications Services,"T-Mobile US, Inc."
TMUS,2 weeks,0.05,2014-10-27 00:00:00+08:00,2851.9149318941146235,2676.3709090909090909,6.56,Telecommunications Services,"T-Mobile US, Inc."
TMUS,2 weeks,0.05,2014-12-08 00:00:00+08:00,2583.8988307066598882,2861.9238483234095895,-9.71,Telecommunications Services,"T-Mobile US, Inc."
TMUS,2 weeks,0.05,2015-01-05 00:00:00+08:00,2855.0939820742637644,2695.9160000000000000,5.90,Telecommunications Services,"T-Mobile US, Inc."
TMUS,2 weeks,0.05,2015-01-19 00:00:00+08:00,3008.4190988948710683,2855.0939820742637644,5.37,Telecommunications Services,"T-Mobile US, Inc."
TMUS,2 weeks,0.05,2015-05-25 00:00:00+08:00,3885.6959913909066451,3479.5810381355932203,11.67,Telecommunications Services,"T-Mobile US, Inc."
TMUS,2 weeks,0.05,2015-08-03 00:00:00+08:00,4104.5794047932578351,3791.5972767740246138,8.25,Telecommunications Services,"T-Mobile US, Inc."
TMUS,2 weeks,0.05,2015-09-14 00:00:00+08:00,4190.5841302662186612,3955.3652326602282704,5.95,Telecommunications Services,"T-Mobile US, Inc."
TMUS,2 weeks,0.05,2015-12-21 00:00:00+08:00,3944.8938761308281141,3728.1851663703327407,5.81,Telecommunications Services,"T-Mobile US, Inc."
TMUS,2 weeks,0.05,2016-02-08 00:00:00+08:00,3518.2283795130142737,3876.5856410256410256,-9.24,Telecommunications Services,"T-Mobile US, Inc."
TMUS,2 weeks,0.05,2016-02-22 00:00:00+08:00,3752.5121204388874713,3518.2283795130142737,6.66,Telecommunications Services,"T-Mobile US, Inc."
TMUS,2 weeks,0.05,2016-10-17 00:00:00+08:00,4848.1388959552276774,4605.8639068564036223,5.26,Telecommunications Services,"T-Mobile US, Inc."
TMUS,2 weeks,0.05,2016-11-14 00:00:00+08:00,5350.5919040479760120,5048.7516607051609607,5.98,Telecommunications Services,"T-Mobile US, Inc."
TMUS,2 weeks,0.05,2017-01-23 00:00:00+08:00,6151.4599542334096110,5804.6662866913650613,5.97,Telecommunications Services,"T-Mobile US, Inc."
TMUS,2 weeks,0.05,2017-10-30 00:00:00+08:00,5773.7776967930029155,6141.0564986065366101,-5.98,Telecommunications Services,"T-Mobile US, Inc."
TMUS,2 weeks,0.05,2018-02-05 00:00:00+08:00,5991.6855314960629921,6451.9063974829575249,-7.13,Telecommunications Services,"T-Mobile US, Inc."
TMUS,2 weeks,0.05,2018-03-05 00:00:00+08:00,6449.5314401622718053,6056.3970588235294118,6.49,Telecommunications Services,"T-Mobile US, Inc."
TMUS,2 weeks,0.05,2018-04-30 00:00:00+08:00,5749.4035842293906810,6332.7921489682939104,-9.21,Telecommunications Services,"T-Mobile US, Inc."
TMUS,2 weeks,0.05,2018-08-06 00:00:00+08:00,6547.1493775933609959,5980.6139582796806593,9.47,Telecommunications Services,"T-Mobile US, Inc."
TMUS,2 weeks,0.05,2019-01-07 00:00:00+08:00,6761.7142131979695431,6345.8012008005336891,6.55,Telecommunications Services,"T-Mobile US, Inc."
TMUS,2 weeks,0.05,2019-02-18 00:00:00+08:00,7267.2562625971782321,6877.7803261977573904,5.66,Telecommunications Services,"T-Mobile US, Inc."
TMUS,2 weeks,0.05,2020-02-03 00:00:00+08:00,8784.4286042768452518,8140.0488505747126437,7.92,Telecommunications Services,"T-Mobile US, Inc."
TMUS,2 weeks,0.05,2020-02-17 00:00:00+08:00,9624.9121022430881586,8784.4286042768452518,9.57,Telecommunications Services,"T-Mobile US, Inc."
TMUS,2 weeks,0.05,2020-03-02 00:00:00+08:00,8614.5973006134969325,9624.9121022430881586,-10.50,Telecommunications Services,"T-Mobile US, Inc."
TMUS,2 weeks,0.05,2020-03-16 00:00:00+08:00,7822.7412848605577689,8614.5973006134969325,-9.19,Telecommunications Services,"T-Mobile US, Inc."
TMUS,2 weeks,0.05,2020-03-30 00:00:00+08:00,8495.2088299024918743,7822.7412848605577689,8.60,Telecommunications Services,"T-Mobile US, Inc."
TMUS,2 weeks,0.05,2020-05-11 00:00:00+08:00,9668.0877365446055542,8984.0307881773399015,7.61,Telecommunications Services,"T-Mobile US, Inc."
TMUS,2 weeks,0.05,2020-08-03 00:00:00+08:00,11236.174668275030,10538.960978019264,6.62,Telecommunications Services,"T-Mobile US, Inc."
TMUS,2 weeks,0.05,2020-11-09 00:00:00+08:00,12717.271536034943,11368.121306005720,11.87,Telecommunications Services,"T-Mobile US, Inc."
TMUS,2 weeks,0.05,2021-03-08 00:00:00+08:00,12647.250983284169,12042.170207320195,5.02,Telecommunications Services,"T-Mobile US, Inc."
TMUS,2 weeks,0.05,2021-09-06 00:00:00+08:00,13062.959100758397,13873.357142857143,-5.84,Telecommunications Services,"T-Mobile US, Inc."
TMUS,2 weeks,0.05,2021-10-04 00:00:00+08:00,12122.644059281588,12773.087675969375,-5.09,Telecommunications Services,"T-Mobile US, Inc."
TMUS,2 weeks,0.05,2021-12-13 00:00:00+08:00,11895.577010192525,11261.782673637043,5.63,Telecommunications Services,"T-Mobile US, Inc."
TMUS,2 weeks,0.05,2022-01-10 00:00:00+08:00,10740.730737592542,11589.684657671164,-7.33,Telecommunications Services,"T-Mobile US, Inc."
TMUS,2 weeks,0.05,2022-02-07 00:00:00+08:00,12528.864530776993,10995.479461592017,13.95,Telecommunications Services,"T-Mobile US, Inc."
TMUS,2 weeks,0.05,2022-09-19 00:00:00+08:00,13555.213017751479,14280.417184850198,-5.08,Telecommunications Services,"T-Mobile US, Inc."
TMUS,2 weeks,0.05,2022-10-31 00:00:00+08:00,14968.612708018154,13921.862919132150,7.52,Telecommunications Services,"T-Mobile US, Inc."
TMUS,2 weeks,0.05,2022-12-12 00:00:00+08:00,14124.117869762746,14899.591722023505,-5.20,Telecommunications Services,"T-Mobile US, Inc."
TMUS,2 weeks,0.05,2023-05-29 00:00:00+08:00,13181.762396694215,13985.552426452100,-5.75,Telecommunications Services,"T-Mobile US, Inc."
TMUS,2 weeks,0.05,2024-05-27 00:00:00+08:00,17420.817929503192,16396.225102669405,6.25,Telecommunications Services,"T-Mobile US, Inc."
TMUS,1 week,0.1,2016-02-08 00:00:00+08:00,3423.7848748083801737,3858.4844625573102394,-11.27,Telecommunications Services,"T-Mobile US, Inc."
TMUS,1 week,0.1,2020-02-10 00:00:00+08:00,9309.8313776618861365,8194.1201171875000000,13.62,Telecommunications Services,"T-Mobile US, Inc."
TMUS,2 weeks,0.1,2015-05-25 00:00:00+08:00,3885.6959913909066451,3479.5810381355932203,11.67,Telecommunications Services,"T-Mobile US, Inc."
TMUS,2 weeks,0.1,2020-03-02 00:00:00+08:00,8614.5973006134969325,9624.9121022430881586,-10.50,Telecommunications Services,"T-Mobile US, Inc."
TMUS,2 weeks,0.1,2020-11-09 00:00:00+08:00,12717.271536034943,11368.121306005720,11.87,Telecommunications Services,"T-Mobile US, Inc."
TMUS,2 weeks,0.1,2022-02-07 00:00:00+08:00,12528.864530776993,10995.479461592017,13.95,Telecommunications Services,"T-Mobile US, Inc."
TSLA,1 week,0.05,2014-01-13 00:00:00+08:00,16053.320282186949,14844.633455210238,8.14,Auto - Manufacturers,"Tesla, Inc."
TSLA,1 week,0.05,2014-01-20 00:00:00+08:00,17696.185043144775,16053.320282186949,10.23,Auto - Manufacturers,"Tesla, Inc."
TSLA,1 week,0.05,2014-02-10 00:00:00+08:00,19720.435750179469,17926.070520705207,10.01,Auto - Manufacturers,"Tesla, Inc."
TSLA,1 week,0.05,2014-02-17 00:00:00+08:00,20752.365778292777,19720.435750179469,5.23,Auto - Manufacturers,"Tesla, Inc."
TSLA,1 week,0.05,2014-02-24 00:00:00+08:00,24591.374928612222,20752.365778292777,18.50,Auto - Manufacturers,"Tesla, Inc."
TSLA,1 week,0.05,2014-03-10 00:00:00+08:00,23721.825414364641,25063.367527173913,-5.35,Auto - Manufacturers,"Tesla, Inc."
TSLA,1 week,0.05,2014-03-24 00:00:00+08:00,21554.369815668203,23552.852373290426,-8.49,Auto - Manufacturers,"Tesla, Inc."
TSLA,1 week,0.05,2014-04-14 00:00:00+08:00,19768.403365384615,20931.613816534541,-5.56,Auto - Manufacturers,"Tesla, Inc."
TSLA,1 week,0.05,2014-05-19 00:00:00+08:00,19976.916985951469,18811.099459009571,6.20,Auto - Manufacturers,"Tesla, Inc."
TSLA,1 week,0.05,2014-05-26 00:00:00+08:00,21021.784748512710,19976.916985951469,5.23,Auto - Manufacturers,"Tesla, Inc."
TSLA,1 week,0.05,2014-06-16 00:00:00+08:00,22699.344288577154,20452.640017474880,10.98,Auto - Manufacturers,"Tesla, Inc."
TSLA,1 week,0.05,2014-07-07 00:00:00+08:00,22068.789321192053,23689.842683632157,-6.84,Auto - Manufacturers,"Tesla, Inc."
TSLA,1 week,0.05,2014-08-04 00:00:00+08:00,24505.853923541247,22686.311111111111,8.02,Auto - Manufacturers,"Tesla, Inc."
TSLA,1 week,0.05,2014-08-11 00:00:00+08:00,26033.372592592593,24505.853923541247,6.23,Auto - Manufacturers,"Tesla, Inc."
TSLA,1 week,0.05,2014-09-01 00:00:00+08:00,28173.207419898820,26433.799836934366,6.58,Auto - Manufacturers,"Tesla, Inc."
TSLA,1 week,0.05,2014-09-15 00:00:00+08:00,26043.094067135051,28088.505882352941,-7.28,Auto - Manufacturers,"Tesla, Inc."
TSLA,1 week,0.05,2014-10-13 00:00:00+08:00,22688.151335311573,25522.957057505601,-11.11,Auto - Manufacturers,"Tesla, Inc."
TSLA,1 week,0.05,2014-12-01 00:00:00+08:00,22961.639684516397,24643.975947083584,-6.83,Auto - Manufacturers,"Tesla, Inc."
TSLA,1 week,0.05,2014-12-08 00:00:00+08:00,21194.194932570494,22961.639684516397,-7.70,Auto - Manufacturers,"Tesla, Inc."
TSLA,1 week,0.05,2014-12-22 00:00:00+08:00,22283.238218205294,20777.220238095238,7.25,Auto - Manufacturers,"Tesla, Inc."
TSLA,1 week,0.05,2015-01-05 00:00:00+08:00,20989.926418439716,22266.705848291836,-5.73,Auto - Manufacturers,"Tesla, Inc."
TSLA,1 week,0.05,2015-01-12 00:00:00+08:00,19533.515769230769,20989.926418439716,-6.94,Auto - Manufacturers,"Tesla, Inc."
TSLA,1 week,0.05,2015-02-02 00:00:00+08:00,21696.373621526246,20434.226587482869,6.18,Auto - Manufacturers,"Tesla, Inc."
TSLA,1 week,0.05,2015-04-06 00:00:00+08:00,20639.492454328832,18958.450932286555,8.87,Auto - Manufacturers,"Tesla, Inc."
TSLA,1 week,0.05,2015-04-27 00:00:00+08:00,22961.755002041650,21430.290522586360,7.15,Auto - Manufacturers,"Tesla, Inc."
TSLA,1 week,0.05,2015-08-10 00:00:00+08:00,24014.187044534413,25526.209032773781,-5.92,Auto - Manufacturers,"Tesla, Inc."
TSLA,1 week,0.05,2015-08-24 00:00:00+08:00,23038.863373214975,25025.284736206202,-7.94,Auto - Manufacturers,"Tesla, Inc."
TSLA,1 week,0.05,2015-08-31 00:00:00+08:00,24514.684086444008,23038.863373214975,6.41,Auto - Manufacturers,"Tesla, Inc."
TSLA,1 week,0.05,2015-09-28 00:00:00+08:00,24676.129966887417,26138.345501955671,-5.59,Auto - Manufacturers,"Tesla, Inc."
TSLA,1 week,0.05,2015-10-05 00:00:00+08:00,23338.675090252708,24676.129966887417,-5.42,Auto - Manufacturers,"Tesla, Inc."
TSLA,1 week,0.05,2015-10-12 00:00:00+08:00,22013.102909248806,23338.675090252708,-5.68,Auto - Manufacturers,"Tesla, Inc."
TSLA,1 week,0.05,2015-11-02 00:00:00+08:00,22399.495125913891,21116.936397400186,6.07,Auto - Manufacturers,"Tesla, Inc."
TSLA,1 week,0.05,2016-01-04 00:00:00+08:00,21941.651448639157,23586.619571865443,-6.97,Auto - Manufacturers,"Tesla, Inc."
TSLA,1 week,0.05,2016-01-11 00:00:00+08:00,20503.727314814815,21941.651448639157,-6.55,Auto - Manufacturers,"Tesla, Inc."
TSLA,1 week,0.05,2016-02-01 00:00:00+08:00,17843.834188034188,19189.337754618664,-7.01,Auto - Manufacturers,"Tesla, Inc."
TSLA,1 week,0.05,2016-02-08 00:00:00+08:00,15060.450181818182,17843.834188034188,-15.60,Auto - Manufacturers,"Tesla, Inc."
TSLA,1 week,0.05,2016-02-15 00:00:00+08:00,16350.912715517241,15060.450181818182,8.57,Auto - Manufacturers,"Tesla, Inc."
TSLA,1 week,0.05,2016-02-22 00:00:00+08:00,17978.215126811594,16350.912715517241,9.95,Auto - Manufacturers,"Tesla, Inc."
TSLA,1 week,0.05,2016-02-29 00:00:00+08:00,19244.749107142857,17978.215126811594,7.04,Auto - Manufacturers,"Tesla, Inc."
TSLA,1 week,0.05,2016-03-07 00:00:00+08:00,20596.848430493274,19244.749107142857,7.03,Auto - Manufacturers,"Tesla, Inc."
TSLA,1 week,0.05,2016-03-14 00:00:00+08:00,22109.151256923732,20596.848430493274,7.34,Auto - Manufacturers,"Tesla, Inc."
TSLA,1 week,0.05,2016-04-04 00:00:00+08:00,25354.061581525542,23299.484227129338,8.82,Auto - Manufacturers,"Tesla, Inc."
TSLA,1 week,0.05,2016-05-02 00:00:00+08:00,22583.566706972995,25012.548639926233,-9.71,Auto - Manufacturers,"Tesla, Inc."
TSLA,1 week,0.05,2016-05-09 00:00:00+08:00,20907.783302919708,22583.566706972995,-7.42,Auto - Manufacturers,"Tesla, Inc."
TSLA,1 week,0.05,2016-06-20 00:00:00+08:00,20268.929625815311,21811.437908496732,-7.07,Auto - Manufacturers,"Tesla, Inc."
TSLA,1 week,0.05,2016-08-29 00:00:00+08:00,20795.290117860381,22340.031691857630,-6.91,Auto - Manufacturers,"Tesla, Inc."
TSLA,1 week,0.05,2016-10-31 00:00:00+08:00,19170.442359249330,20419.296787148594,-6.12,Auto - Manufacturers,"Tesla, Inc."
TSLA,1 week,0.05,2016-12-12 00:00:00+08:00,19835.546577946768,18874.086956521739,5.09,Auto - Manufacturers,"Tesla, Inc."
TSLA,1 week,0.05,2017-02-13 00:00:00+08:00,27639.141962421712,26297.199478487614,5.10,Auto - Manufacturers,"Tesla, Inc."
TSLA,1 week,0.05,2017-02-27 00:00:00+08:00,24928.468220338983,26800.134913793103,-6.98,Auto - Manufacturers,"Tesla, Inc."
TSLA,1 week,0.05,2017-03-27 00:00:00+08:00,27556.041101694915,25729.657361548852,7.10,Auto - Manufacturers,"Tesla, Inc."
TSLA,1 week,0.05,2017-04-03 00:00:00+08:00,29834.878709198813,27556.041101694915,8.27,Auto - Manufacturers,"Tesla, Inc."
TSLA,1 week,0.05,2017-05-29 00:00:00+08:00,33815.188746803069,31192.449477351916,8.41,Auto - Manufacturers,"Tesla, Inc."
TSLA,1 week,0.05,2017-06-05 00:00:00+08:00,35768.581864904552,33815.188746803069,5.78,Auto - Manufacturers,"Tesla, Inc."
TSLA,1 week,0.05,2017-07-03 00:00:00+08:00,32862.596669374492,36879.307352941176,-10.89,Auto - Manufacturers,"Tesla, Inc."
TSLA,1 week,0.05,2017-08-07 00:00:00+08:00,36051.882397286091,33577.353059177533,7.37,Auto - Manufacturers,"Tesla, Inc."
TSLA,1 week,0.05,2017-09-11 00:00:00+08:00,36727.919196062346,34783.879290617849,5.59,Auto - Manufacturers,"Tesla, Inc."
TSLA,1 week,0.05,2017-09-25 00:00:00+08:00,34399.170978172999,37278.816843826656,-7.72,Auto - Manufacturers,"Tesla, Inc."
TSLA,1 week,0.05,2017-10-23 00:00:00+08:00,33195.092659446450,35288.735151781786,-5.93,Auto - Manufacturers,"Tesla, Inc."
TSLA,1 week,0.05,2017-10-30 00:00:00+08:00,31296.226865671642,33195.092659446450,-5.72,Auto - Manufacturers,"Tesla, Inc."
TSLA,1 week,0.05,2017-12-11 00:00:00+08:00,33703.661494487546,30929.555702333774,8.97,Auto - Manufacturers,"Tesla, Inc."
TSLA,1 week,0.05,2017-12-25 00:00:00+08:00,31452.783661971831,33340.868223887175,-5.66,Auto - Manufacturers,"Tesla, Inc."
TSLA,1 week,0.05,2018-01-08 00:00:00+08:00,33540.348735832607,31588.305624688900,6.18,Auto - Manufacturers,"Tesla, Inc."
TSLA,1 week,0.05,2018-02-05 00:00:00+08:00,33015.729815864023,34829.029229406554,-5.21,Auto - Manufacturers,"Tesla, Inc."
TSLA,1 week,0.05,2018-02-19 00:00:00+08:00,34249.341597796143,32455.013185878350,5.53,Auto - Manufacturers,"Tesla, Inc."
TSLA,1 week,0.05,2018-03-19 00:00:00+08:00,31190.297854438368,33272.105923043666,-6.26,Auto - Manufacturers,"Tesla, Inc."
TSLA,1 week,0.05,2018-03-26 00:00:00+08:00,27591.872570194384,31190.297854438368,-11.54,Auto - Manufacturers,"Tesla, Inc."
TSLA,1 week,0.05,2018-04-09 00:00:00+08:00,30073.310995927434,27640.797385620915,8.80,Auto - Manufacturers,"Tesla, Inc."
TSLA,1 week,0.05,2018-05-14 00:00:00+08:00,28677.128164556962,30312.223996723997,-5.39,Auto - Manufacturers,"Tesla, Inc."
TSLA,1 week,0.05,2018-06-04 00:00:00+08:00,30741.313063063063,28652.407172995781,7.29,Auto - Manufacturers,"Tesla, Inc."
TSLA,1 week,0.05,2018-06-11 00:00:00+08:00,34593.989768076398,30741.313063063063,12.53,Auto - Manufacturers,"Tesla, Inc."
TSLA,1 week,0.05,2018-07-02 00:00:00+08:00,32310.319712617872,34244.712987504733,-5.65,Auto - Manufacturers,"Tesla, Inc."
TSLA,1 week,0.05,2018-07-30 00:00:00+08:00,31694.562732499155,30160.312838360402,5.09,Auto - Manufacturers,"Tesla, Inc."
TSLA,1 week,0.05,2018-08-06 00:00:00+08:00,35944.328276307295,31694.562732499155,13.41,Auto - Manufacturers,"Tesla, Inc."
TSLA,1 week,0.05,2018-08-13 00:00:00+08:00,33905.484660461910,35944.328276307295,-5.67,Auto - Manufacturers,"Tesla, Inc."
TSLA,1 week,0.05,2018-08-20 00:00:00+08:00,31461.073853039910,33905.484660461910,-7.21,Auto - Manufacturers,"Tesla, Inc."
TSLA,1 week,0.05,2018-09-03 00:00:00+08:00,28032.390467861828,30823.589902912621,-9.06,Auto - Manufacturers,"Tesla, Inc."
TSLA,1 week,0.05,2018-10-08 00:00:00+08:00,25683.999661475965,29193.301953250080,-12.02,Auto - Manufacturers,"Tesla, Inc."
TSLA,1 week,0.05,2018-10-22 00:00:00+08:00,29804.135537682455,26622.722136222910,11.95,Auto - Manufacturers,"Tesla, Inc."
TSLA,1 week,0.05,2018-10-29 00:00:00+08:00,33867.195068089805,29804.135537682455,13.63,Auto - Manufacturers,"Tesla, Inc."
TSLA,1 week,0.05,2018-12-03 00:00:00+08:00,36260.080087527352,34313.573529411765,5.67,Auto - Manufacturers,"Tesla, Inc."
TSLA,1 week,0.05,2018-12-17 00:00:00+08:00,33589.795291300878,36823.216285924834,-8.78,Auto - Manufacturers,"Tesla, Inc."
TSLA,1 week,0.05,2018-12-24 00:00:00+08:00,31344.348955680082,33589.795291300878,-6.68,Auto - Manufacturers,"Tesla, Inc."
TSLA,1 week,0.05,2019-01-07 00:00:00+08:00,33782.584354010273,31360.350136239782,7.72,Auto - Manufacturers,"Tesla, Inc."
TSLA,1 week,0.05,2019-01-21 00:00:00+08:00,29344.169794849411,33543.044598231449,-12.52,Auto - Manufacturers,"Tesla, Inc."
TSLA,1 week,0.05,2019-03-04 00:00:00+08:00,28125.133061778683,30381.602634115002,-7.43,Auto - Manufacturers,"Tesla, Inc."
TSLA,1 week,0.05,2019-03-18 00:00:00+08:00,26989.688069908815,28546.389374579691,-5.45,Auto - Manufacturers,"Tesla, Inc."
TSLA,1 week,0.05,2019-04-22 00:00:00+08:00,25552.204379562044,27014.721084953941,-5.41,Auto - Manufacturers,"Tesla, Inc."
TSLA,1 week,0.05,2019-04-29 00:00:00+08:00,24198.547579298831,25552.204379562044,-5.30,Auto - Manufacturers,"Tesla, Inc."
TSLA,1 week,0.05,2019-05-13 00:00:00+08:00,22691.906647293861,24635.493492004463,-7.89,Auto - Manufacturers,"Tesla, Inc."
TSLA,1 week,0.05,2019-05-20 00:00:00+08:00,19755.729325430426,22691.906647293861,-12.94,Auto - Manufacturers,"Tesla, Inc."
TSLA,1 week,0.05,2019-06-10 00:00:00+08:00,21459.041032428855,19548.759418374091,9.77,Auto - Manufacturers,"Tesla, Inc."
TSLA,1 week,0.05,2019-07-15 00:00:00+08:00,25333.287574404762,23562.714627341570,7.51,Auto - Manufacturers,"Tesla, Inc."
TSLA,1 week,0.05,2019-09-09 00:00:00+08:00,24058.513816925734,22595.169334021683,6.48,Auto - Manufacturers,"Tesla, Inc."
TSLA,1 week,0.05,2019-10-14 00:00:00+08:00,25849.385047536733,24263.176445396146,6.54,Auto - Manufacturers,"Tesla, Inc."
TSLA,1 week,0.05,2019-10-21 00:00:00+08:00,28119.098399727613,25849.385047536733,8.78,Auto - Manufacturers,"Tesla, Inc."
TSLA,1 week,0.05,2019-10-28 00:00:00+08:00,31824.152071931196,28119.098399727613,13.18,Auto - Manufacturers,"Tesla, Inc."
TSLA,1 week,0.05,2019-11-11 00:00:00+08:00,34856.863412788498,32589.954055133839,6.96,Auto - Manufacturers,"Tesla, Inc."
TSLA,1 week,0.05,2019-12-09 00:00:00+08:00,35228.877941763063,33452.527272727273,5.31,Auto - Manufacturers,"Tesla, Inc."
TSLA,1 week,0.05,2019-12-16 00:00:00+08:00,39073.818213416754,35228.877941763063,10.91,Auto - Manufacturers,"Tesla, Inc."
TSLA,1 week,0.05,2019-12-23 00:00:00+08:00,42522.154751131222,39073.818213416754,8.83,Auto - Manufacturers,"Tesla, Inc."
TSLA,1 week,0.05,2020-01-06 00:00:00+08:00,47219.831830985915,42646.052276559865,10.72,Auto - Manufacturers,"Tesla, Inc."
TSLA,1 week,0.05,2020-01-13 00:00:00+08:00,51838.392309760688,47219.831830985915,9.78,Auto - Manufacturers,"Tesla, Inc."
TSLA,1 week,0.05,2020-01-20 00:00:00+08:00,56113.296984572230,51838.392309760688,8.25,Auto - Manufacturers,"Tesla, Inc."
TSLA,1 week,0.05,2020-01-27 00:00:00+08:00,59963.162087149598,56113.296984572230,6.86,Auto - Manufacturers,"Tesla, Inc."
TSLA,1 week,0.05,2020-02-03 00:00:00+08:00,78026.100971370143,59963.162087149598,30.12,Auto - Manufacturers,"Tesla, Inc."
TSLA,1 week,0.05,2020-02-17 00:00:00+08:00,89078.889075067024,78116.433122847302,14.03,Auto - Manufacturers,"Tesla, Inc."
TSLA,1 week,0.05,2020-02-24 00:00:00+08:00,75854.880471821756,89078.889075067024,-14.85,Auto - Manufacturers,"Tesla, Inc."
TSLA,1 week,0.05,2020-03-09 00:00:00+08:00,60177.913659793814,73070.457585644372,-17.64,Auto - Manufacturers,"Tesla, Inc."
TSLA,1 week,0.05,2020-03-16 00:00:00+08:00,42309.388226527571,60177.913659793814,-29.69,Auto - Manufacturers,"Tesla, Inc."
TSLA,1 week,0.05,2020-03-23 00:00:00+08:00,50064.975738396624,42309.388226527571,18.33,Auto - Manufacturers,"Tesla, Inc."
TSLA,1 week,0.05,2020-04-06 00:00:00+08:00,54245.844273743017,50048.518166573505,8.39,Auto - Manufacturers,"Tesla, Inc."
TSLA,1 week,0.05,2020-04-13 00:00:00+08:00,71424.150244404425,54245.844273743017,31.67,Auto - Manufacturers,"Tesla, Inc."
TSLA,1 week,0.05,2020-04-27 00:00:00+08:00,78433.438601560243,71937.294852269266,9.03,Auto - Manufacturers,"Tesla, Inc."
TSLA,1 week,0.05,2020-06-01 00:00:00+08:00,88216.943245125348,81736.138712601995,7.93,Auto - Manufacturers,"Tesla, Inc."
TSLA,1 week,0.05,2020-06-08 00:00:00+08:00,96373.551087280310,88216.943245125348,9.25,Auto - Manufacturers,"Tesla, Inc."
TSLA,1 week,0.05,2020-06-29 00:00:00+08:00,109771.280805687204,98167.012145748988,11.82,Auto - Manufacturers,"Tesla, Inc."
TSLA,1 week,0.05,2020-07-06 00:00:00+08:00,138678.053793884485,109771.280805687204,26.33,Auto - Manufacturers,"Tesla, Inc."
TSLA,1 week,0.05,2020-07-13 00:00:00+08:00,153945.375634517766,138678.053793884485,11.01,Auto - Manufacturers,"Tesla, Inc."
TSLA,1 week,0.05,2020-08-17 00:00:00+08:00,191599.002460781298,152995.595899053628,25.23,Auto - Manufacturers,"Tesla, Inc."
TSLA,1 week,0.05,2020-08-24 00:00:00+08:00,212778.782285537318,191599.002460781298,11.05,Auto - Manufacturers,"Tesla, Inc."
TSLA,1 week,0.05,2020-08-31 00:00:00+08:00,44744.421921921922,212778.782285537318,-78.97,Auto - Manufacturers,"Tesla, Inc."
TSLA,1 week,0.05,2020-09-07 00:00:00+08:00,36453.804353668369,44744.421921921922,-18.53,Auto - Manufacturers,"Tesla, Inc."
TSLA,1 week,0.05,2020-09-14 00:00:00+08:00,43190.121361397223,36453.804353668369,18.48,Auto - Manufacturers,"Tesla, Inc."
TSLA,1 week,0.05,2020-09-21 00:00:00+08:00,40815.183005089622,43190.121361397223,-5.50,Auto - Manufacturers,"Tesla, Inc."
TSLA,1 week,0.05,2020-10-12 00:00:00+08:00,44818.931823899371,42569.723780641900,5.28,Auto - Manufacturers,"Tesla, Inc."
TSLA,1 week,0.05,2020-11-16 00:00:00+08:00,46608.835853658537,41716.265278158400,11.73,Auto - Manufacturers,"Tesla, Inc."
TSLA,1 week,0.05,2020-11-23 00:00:00+08:00,55142.143878185208,46608.835853658537,18.31,Auto - Manufacturers,"Tesla, Inc."
TSLA,1 week,0.05,2020-11-30 00:00:00+08:00,58525.287707481357,55142.143878185208,6.14,Auto - Manufacturers,"Tesla, Inc."
TSLA,1 week,0.05,2020-12-07 00:00:00+08:00,62307.777960913586,58525.287707481357,6.46,Auto - Manufacturers,"Tesla, Inc."
TSLA,1 week,0.05,2021-01-04 00:00:00+08:00,77959.664952069207,62963.475589910496,23.82,Auto - Manufacturers,"Tesla, Inc."
TSLA,1 week,0.05,2021-01-11 00:00:00+08:00,84329.834162108404,77959.664952069207,8.17,Auto - Manufacturers,"Tesla, Inc."
TSLA,1 week,0.05,2021-02-22 00:00:00+08:00,70646.484046324746,79083.073108939558,-10.67,Auto - Manufacturers,"Tesla, Inc."
TSLA,1 week,0.05,2021-03-01 00:00:00+08:00,65677.704123996679,70646.484046324746,-7.03,Auto - Manufacturers,"Tesla, Inc."
TSLA,1 week,0.05,2021-04-05 00:00:00+08:00,68695.300204618533,64035.072107505736,7.28,Auto - Manufacturers,"Tesla, Inc."
TSLA,1 week,0.05,2021-04-12 00:00:00+08:00,73374.505335157319,68695.300204618533,6.81,Auto - Manufacturers,"Tesla, Inc."
TSLA,1 week,0.05,2021-05-10 00:00:00+08:00,60253.007832898172,67483.230860183269,-10.71,Auto - Manufacturers,"Tesla, Inc."
TSLA,1 week,0.05,2021-05-24 00:00:00+08:00,61374.722255729795,57606.029765013055,6.54,Auto - Manufacturers,"Tesla, Inc."
TSLA,1 week,0.05,2021-06-21 00:00:00+08:00,65344.977639399943,61089.758839226151,6.97,Auto - Manufacturers,"Tesla, Inc."
TSLA,1 week,0.05,2021-08-02 00:00:00+08:00,71122.493930905696,66165.686687842911,7.49,Auto - Manufacturers,"Tesla, Inc."
TSLA,1 week,0.05,2021-10-18 00:00:00+08:00,87597.845505617978,81269.508571428571,7.79,Auto - Manufacturers,"Tesla, Inc."
TSLA,1 week,0.05,2021-10-25 00:00:00+08:00,104388.084741423451,87597.845505617978,19.17,Auto - Manufacturers,"Tesla, Inc."
TSLA,1 week,0.05,2021-11-01 00:00:00+08:00,119495.766250318634,104388.084741423451,14.47,Auto - Manufacturers,"Tesla, Inc."
TSLA,1 week,0.05,2021-11-08 00:00:00+08:00,108657.213199278164,119495.766250318634,-9.07,Auto - Manufacturers,"Tesla, Inc."
TSLA,1 week,0.05,2021-11-22 00:00:00+08:00,112723.122585438336,106548.123310810811,5.80,Auto - Manufacturers,"Tesla, Inc."
TSLA,1 week,0.05,2021-12-06 00:00:00+08:00,102604.090251663292,110480.562750716332,-7.13,Auto - Manufacturers,"Tesla, Inc."
TSLA,1 week,0.05,2021-12-13 00:00:00+08:00,95221.743854748603,102604.090251663292,-7.19,Auto - Manufacturers,"Tesla, Inc."
TSLA,1 week,0.05,2021-12-27 00:00:00+08:00,108552.163934426230,96775.578612135434,12.17,Auto - Manufacturers,"Tesla, Inc."
TSLA,1 week,0.05,2022-01-10 00:00:00+08:00,105633.444905869324,111669.938589643508,-5.41,Auto - Manufacturers,"Tesla, Inc."
TSLA,1 week,0.05,2022-01-24 00:00:00+08:00,89603.241634799235,100659.177336528586,-10.98,Auto - Manufacturers,"Tesla, Inc."
TSLA,1 week,0.05,2022-02-21 00:00:00+08:00,79097.765564202335,88952.223759398496,-11.08,Auto - Manufacturers,"Tesla, Inc."
TSLA,1 week,0.05,2022-02-28 00:00:00+08:00,85455.011897852583,79097.765564202335,8.04,Auto - Manufacturers,"Tesla, Inc."
TSLA,1 week,0.05,2022-03-21 00:00:00+08:00,97886.632340425532,82494.923255813953,18.66,Auto - Manufacturers,"Tesla, Inc."
TSLA,1 week,0.05,2022-03-28 00:00:00+08:00,108962.156929156082,97886.632340425532,11.31,Auto - Manufacturers,"Tesla, Inc."
TSLA,1 week,0.05,2022-04-11 00:00:00+08:00,99337.918730380188,107606.021276595745,-7.68,Auto - Manufacturers,"Tesla, Inc."
TSLA,1 week,0.05,2022-04-25 00:00:00+08:00,91076.822252374491,101573.633561643836,-10.33,Auto - Manufacturers,"Tesla, Inc."
TSLA,1 week,0.05,2022-05-09 00:00:00+08:00,77451.484174731886,89292.682627378760,-13.26,Auto - Manufacturers,"Tesla, Inc."
TSLA,1 week,0.05,2022-05-16 00:00:00+08:00,71968.836297943302,77451.484174731886,-7.08,Auto - Manufacturers,"Tesla, Inc."
TSLA,1 week,0.05,2022-05-23 00:00:00+08:00,67833.157838701091,71968.836297943302,-5.75,Auto - Manufacturers,"Tesla, Inc."
TSLA,1 week,0.05,2022-05-30 00:00:00+08:00,74917.968270214944,67833.157838701091,10.44,Auto - Manufacturers,"Tesla, Inc."
TSLA,1 week,0.05,2022-06-13 00:00:00+08:00,66062.104712041885,72000.800487276665,-8.25,Auto - Manufacturers,"Tesla, Inc."
TSLA,1 week,0.05,2022-06-20 00:00:00+08:00,71114.379275988044,66062.104712041885,7.65,Auto - Manufacturers,"Tesla, Inc."
TSLA,1 week,0.05,2022-07-18 00:00:00+08:00,76593.426171769168,71121.555201390901,7.69,Auto - Manufacturers,"Tesla, Inc."
TSLA,1 week,0.05,2022-07-25 00:00:00+08:00,82237.846043987432,76593.426171769168,7.37,Auto - Manufacturers,"Tesla, Inc."
TSLA,1 week,0.05,2022-08-01 00:00:00+08:00,90733.298426323319,82237.846043987432,10.33,Auto - Manufacturers,"Tesla, Inc."
TSLA,1 week,0.05,2022-08-22 00:00:00+08:00,60585.838218714769,91167.560747663551,-33.54,Auto - Manufacturers,"Tesla, Inc."
TSLA,1 week,0.05,2022-08-29 00:00:00+08:00,27798.271688942892,60585.838218714769,-54.12,Auto - Manufacturers,"Tesla, Inc."
TSLA,1 week,0.05,2022-09-12 00:00:00+08:00,30043.084366062917,28328.762621196924,6.05,Auto - Manufacturers,"Tesla, Inc."
TSLA,1 week,0.05,2022-09-26 00:00:00+08:00,28004.994361865710,29831.254017013233,-6.12,Auto - Manufacturers,"Tesla, Inc."
TSLA,1 week,0.05,2022-10-03 00:00:00+08:00,24108.247912801484,28004.994361865710,-13.91,Auto - Manufacturers,"Tesla, Inc."
TSLA,1 week,0.05,2022-10-10 00:00:00+08:00,21780.016196205460,24108.247912801484,-9.66,Auto - Manufacturers,"Tesla, Inc."
TSLA,1 week,0.05,2022-11-07 00:00:00+08:00,19176.952273750563,22131.333746898263,-13.35,Auto - Manufacturers,"Tesla, Inc."
TSLA,1 week,0.05,2022-11-21 00:00:00+08:00,17565.662515566625,18859.261371841155,-6.86,Auto - Manufacturers,"Tesla, Inc."
TSLA,1 week,0.05,2022-11-28 00:00:00+08:00,18816.712258380230,17565.662515566625,7.12,Auto - Manufacturers,"Tesla, Inc."
TSLA,1 week,0.05,2022-12-05 00:00:00+08:00,17827.932116788321,18816.712258380230,-5.25,Auto - Manufacturers,"Tesla, Inc."
TSLA,1 week,0.05,2022-12-12 00:00:00+08:00,16086.200178731010,17827.932116788321,-9.77,Auto - Manufacturers,"Tesla, Inc."
TSLA,1 week,0.05,2022-12-19 00:00:00+08:00,13788.120593293207,16086.200178731010,-14.29,Auto - Manufacturers,"Tesla, Inc."
TSLA,1 week,0.05,2022-12-26 00:00:00+08:00,11677.748688352571,13788.120593293207,-15.31,Auto - Manufacturers,"Tesla, Inc."
TSLA,1 week,0.05,2023-01-02 00:00:00+08:00,11076.848032564450,11677.748688352571,-5.15,Auto - Manufacturers,"Tesla, Inc."
TSLA,1 week,0.05,2023-01-09 00:00:00+08:00,12027.697316322041,11076.848032564450,8.58,Auto - Manufacturers,"Tesla, Inc."
TSLA,1 week,0.05,2023-01-16 00:00:00+08:00,12937.780252213577,12027.697316322041,7.57,Auto - Manufacturers,"Tesla, Inc."
TSLA,1 week,0.05,2023-01-23 00:00:00+08:00,15102.763594373294,12937.780252213577,16.73,Auto - Manufacturers,"Tesla, Inc."
TSLA,1 week,0.05,2023-01-30 00:00:00+08:00,17936.444090136054,15102.763594373294,18.76,Auto - Manufacturers,"Tesla, Inc."
TSLA,1 week,0.05,2023-02-06 00:00:00+08:00,19929.679605263158,17936.444090136054,11.11,Auto - Manufacturers,"Tesla, Inc."
TSLA,1 week,0.05,2023-03-06 00:00:00+08:00,18436.170074349442,20063.818517713541,-8.11,Auto - Manufacturers,"Tesla, Inc."
TSLA,1 week,0.05,2023-03-20 00:00:00+08:00,19099.765434782609,18071.746461151305,5.69,Auto - Manufacturers,"Tesla, Inc."
TSLA,1 week,0.05,2023-04-24 00:00:00+08:00,15990.295934236836,17576.137802197802,-9.02,Auto - Manufacturers,"Tesla, Inc."
TSLA,1 week,0.05,2023-05-22 00:00:00+08:00,18625.934556710148,17225.774485410541,8.13,Auto - Manufacturers,"Tesla, Inc."
TSLA,1 week,0.05,2023-05-29 00:00:00+08:00,20453.904369332234,18625.934556710148,9.81,Auto - Manufacturers,"Tesla, Inc."
TSLA,1 week,0.05,2023-06-05 00:00:00+08:00,22824.188578734285,20453.904369332234,11.59,Auto - Manufacturers,"Tesla, Inc."
TSLA,1 week,0.05,2023-06-12 00:00:00+08:00,25527.972944184065,22824.188578734285,11.85,Auto - Manufacturers,"Tesla, Inc."
TSLA,1 week,0.05,2023-07-03 00:00:00+08:00,27815.508900819441,25335.988970588235,9.79,Auto - Manufacturers,"Tesla, Inc."
TSLA,1 week,0.05,2023-07-24 00:00:00+08:00,26481.149227373068,28090.348654945986,-5.73,Auto - Manufacturers,"Tesla, Inc."
TSLA,1 week,0.05,2023-08-14 00:00:00+08:00,22773.228047182176,24664.130537229029,-7.67,Auto - Manufacturers,"Tesla, Inc."
TSLA,1 week,0.05,2023-08-28 00:00:00+08:00,25035.186694290976,23336.423996490458,7.28,Auto - Manufacturers,"Tesla, Inc."
TSLA,1 week,0.05,2023-09-11 00:00:00+08:00,27174.326888888889,25061.578358208955,8.43,Auto - Manufacturers,"Tesla, Inc."
TSLA,1 week,0.05,2023-09-25 00:00:00+08:00,24510.966772151899,26171.737981316929,-6.35,Auto - Manufacturers,"Tesla, Inc."
TSLA,1 week,0.05,2023-10-16 00:00:00+08:00,23715.688332204920,25969.026121128063,-8.68,Auto - Manufacturers,"Tesla, Inc."
TSLA,1 week,0.05,2023-10-23 00:00:00+08:00,21176.644895229603,23715.688332204920,-10.71,Auto - Manufacturers,"Tesla, Inc."
TSLA,1 week,0.05,2023-11-13 00:00:00+08:00,23341.212094653812,21707.576637407157,7.53,Auto - Manufacturers,"Tesla, Inc."
TSLA,1 week,0.05,2024-01-01 00:00:00+08:00,24177.965846599132,25668.465773376056,-5.81,Auto - Manufacturers,"Tesla, Inc."
TSLA,1 week,0.05,2024-01-15 00:00:00+08:00,21434.004178272981,23128.565025545750,-7.33,Auto - Manufacturers,"Tesla, Inc."
TSLA,1 week,0.05,2024-01-22 00:00:00+08:00,19934.851315789474,21434.004178272981,-6.99,Auto - Manufacturers,"Tesla, Inc."
TSLA,1 week,0.05,2024-01-29 00:00:00+08:00,18875.490209020902,19934.851315789474,-5.31,Auto - Manufacturers,"Tesla, Inc."
TSLA,1 week,0.05,2024-03-04 00:00:00+08:00,18143.100858841665,19960.919624217119,-9.11,Auto - Manufacturers,"Tesla, Inc."
TSLA,1 week,0.05,2024-03-11 00:00:00+08:00,17089.767373646209,18143.100858841665,-5.81,Auto - Manufacturers,"Tesla, Inc."
TSLA,1 week,0.05,2024-04-15 00:00:00+08:00,15566.343481138319,17297.673483616082,-10.01,Auto - Manufacturers,"Tesla, Inc."
TSLA,1 week,0.05,2024-04-29 00:00:00+08:00,18381.509751773050,15735.323006932409,16.82,Auto - Manufacturers,"Tesla, Inc."
TSLA,1 week,0.05,2024-07-01 00:00:00+08:00,22946.155524475524,19138.707441634241,19.89,Auto - Manufacturers,"Tesla, Inc."
TSLA,1 week,0.05,2024-07-08 00:00:00+08:00,25383.119140625000,22946.155524475524,10.62,Auto - Manufacturers,"Tesla, Inc."
TSLA,1 week,0.05,2024-07-22 00:00:00+08:00,23106.215639294271,25166.320543740408,-8.19,Auto - Manufacturers,"Tesla, Inc."
TSLA,2 weeks,0.05,2014-01-20 00:00:00+08:00,17711.907264957265,15526.820824208640,14.07,Auto - Manufacturers,"Tesla, Inc."
TSLA,2 weeks,0.05,2014-02-03 00:00:00+08:00,18882.836363636364,17711.907264957265,6.61,Auto - Manufacturers,"Tesla, Inc."
TSLA,2 weeks,0.05,2014-02-17 00:00:00+08:00,22959.591200131341,18882.836363636364,21.59,Auto - Manufacturers,"Tesla, Inc."
TSLA,2 weeks,0.05,2014-03-03 00:00:00+08:00,24419.740236790952,22959.591200131341,6.36,Auto - Manufacturers,"Tesla, Inc."
TSLA,2 weeks,0.05,2014-03-17 00:00:00+08:00,22530.445972495088,24419.740236790952,-7.74,Auto - Manufacturers,"Tesla, Inc."
TSLA,2 weeks,0.05,2014-04-14 00:00:00+08:00,20283.259020618557,21433.236303871439,-5.37,Auto - Manufacturers,"Tesla, Inc."
TSLA,2 weeks,0.05,2014-05-26 00:00:00+08:00,20780.657637872133,19387.384259259259,7.19,Auto - Manufacturers,"Tesla, Inc."
TSLA,2 weeks,0.05,2014-06-23 00:00:00+08:00,23655.612184976756,21624.363921404682,9.39,Auto - Manufacturers,"Tesla, Inc."
TSLA,2 weeks,0.05,2014-07-07 00:00:00+08:00,22051.581653640477,23655.612184976756,-6.78,Auto - Manufacturers,"Tesla, Inc."
TSLA,2 weeks,0.05,2014-08-04 00:00:00+08:00,25301.283124397300,22480.605521472393,12.55,Auto - Manufacturers,"Tesla, Inc."
TSLA,2 weeks,0.05,2014-09-01 00:00:00+08:00,28130.785353535354,26079.461763476807,7.87,Auto - Manufacturers,"Tesla, Inc."
TSLA,2 weeks,0.05,2014-09-15 00:00:00+08:00,25496.848289738431,28130.785353535354,-9.36,Auto - Manufacturers,"Tesla, Inc."
TSLA,2 weeks,0.05,2014-10-13 00:00:00+08:00,22971.544812708374,25096.729158588600,-8.47,Auto - Manufacturers,"Tesla, Inc."
TSLA,2 weeks,0.05,2014-11-10 00:00:00+08:00,25003.784221748401,23806.386231476271,5.03,Auto - Manufacturers,"Tesla, Inc."
TSLA,2 weeks,0.05,2014-11-24 00:00:00+08:00,23648.703831041257,25003.784221748401,-5.42,Auto - Manufacturers,"Tesla, Inc."
TSLA,2 weeks,0.05,2014-12-08 00:00:00+08:00,20982.643446748540,23648.703831041257,-11.27,Auto - Manufacturers,"Tesla, Inc."
TSLA,2 weeks,0.05,2014-12-22 00:00:00+08:00,22274.522893772894,20982.643446748540,6.16,Auto - Manufacturers,"Tesla, Inc."
TSLA,2 weeks,0.05,2015-01-05 00:00:00+08:00,20210.134884678748,22274.522893772894,-9.27,Auto - Manufacturers,"Tesla, Inc."
TSLA,2 weeks,0.05,2015-02-02 00:00:00+08:00,21213.530680258773,20088.350777585781,5.60,Auto - Manufacturers,"Tesla, Inc."
TSLA,2 weeks,0.05,2015-03-02 00:00:00+08:00,19498.120167881599,20727.087748741309,-5.93,Auto - Manufacturers,"Tesla, Inc."
TSLA,2 weeks,0.05,2015-04-13 00:00:00+08:00,21103.358120437956,19887.525241439860,6.11,Auto - Manufacturers,"Tesla, Inc."
TSLA,2 weeks,0.05,2015-04-27 00:00:00+08:00,23104.539931218953,21103.358120437956,9.48,Auto - Manufacturers,"Tesla, Inc."
TSLA,2 weeks,0.05,2015-05-11 00:00:00+08:00,24506.864559819413,23104.539931218953,6.07,Auto - Manufacturers,"Tesla, Inc."
TSLA,2 weeks,0.05,2015-08-03 00:00:00+08:00,24775.063757039421,26667.515057573074,-7.10,Auto - Manufacturers,"Tesla, Inc."
TSLA,2 weeks,0.05,2015-09-14 00:00:00+08:00,25955.177340989399,24662.573875313999,5.24,Auto - Manufacturers,"Tesla, Inc."
TSLA,2 weeks,0.05,2015-09-28 00:00:00+08:00,23996.913220615197,25955.177340989399,-7.54,Auto - Manufacturers,"Tesla, Inc."
TSLA,2 weeks,0.05,2015-10-12 00:00:00+08:00,21792.770774263904,23996.913220615197,-9.19,Auto - Manufacturers,"Tesla, Inc."
TSLA,2 weeks,0.05,2015-11-23 00:00:00+08:00,22868.412309368192,21747.765967475843,5.15,Auto - Manufacturers,"Tesla, Inc."
TSLA,2 weeks,0.05,2015-12-28 00:00:00+08:00,21941.651448639157,23393.373757455268,-6.21,Auto - Manufacturers,"Tesla, Inc."
TSLA,2 weeks,0.05,2016-01-11 00:00:00+08:00,20330.272283585923,21941.651448639157,-7.34,Auto - Manufacturers,"Tesla, Inc."
TSLA,2 weeks,0.05,2016-01-25 00:00:00+08:00,18481.973489103572,20330.272283585923,-9.09,Auto - Manufacturers,"Tesla, Inc."
TSLA,2 weeks,0.05,2016-02-08 00:00:00+08:00,15580.445505861919,18481.973489103572,-15.70,Auto - Manufacturers,"Tesla, Inc."
TSLA,2 weeks,0.05,2016-02-22 00:00:00+08:00,18616.037994604317,15580.445505861919,19.48,Auto - Manufacturers,"Tesla, Inc."
TSLA,2 weeks,0.05,2016-03-07 00:00:00+08:00,21372.329036486782,18616.037994604317,14.81,Auto - Manufacturers,"Tesla, Inc."
TSLA,2 weeks,0.05,2016-03-21 00:00:00+08:00,23222.536465324385,21372.329036486782,8.66,Auto - Manufacturers,"Tesla, Inc."
TSLA,2 weeks,0.05,2016-04-04 00:00:00+08:00,25267.934778363601,23222.536465324385,8.81,Auto - Manufacturers,"Tesla, Inc."
TSLA,2 weeks,0.05,2016-05-02 00:00:00+08:00,21797.494115129467,25014.929030776298,-12.86,Auto - Manufacturers,"Tesla, Inc."
TSLA,2 weeks,0.05,2016-06-13 00:00:00+08:00,20922.550346191889,22474.798034398034,-6.91,Auto - Manufacturers,"Tesla, Inc."
TSLA,2 weeks,0.05,2016-07-11 00:00:00+08:00,22383.921235175655,20881.405920610002,7.20,Auto - Manufacturers,"Tesla, Inc."
TSLA,2 weeks,0.05,2016-09-05 00:00:00+08:00,19914.423222868707,21539.538407329105,-7.54,Auto - Manufacturers,"Tesla, Inc."
TSLA,2 weeks,0.05,2016-10-31 00:00:00+08:00,19058.273755164166,20155.357022708158,-5.44,Auto - Manufacturers,"Tesla, Inc."
TSLA,2 weeks,0.05,2016-12-12 00:00:00+08:00,20317.479569892473,18884.813057773603,7.59,Auto - Manufacturers,"Tesla, Inc."
TSLA,2 weeks,0.05,2016-12-26 00:00:00+08:00,21989.607988980716,20317.479569892473,8.23,Auto - Manufacturers,"Tesla, Inc."
TSLA,2 weeks,0.05,2017-01-09 00:00:00+08:00,23551.171638018200,21989.607988980716,7.10,Auto - Manufacturers,"Tesla, Inc."
TSLA,2 weeks,0.05,2017-01-23 00:00:00+08:00,25162.899336536262,23551.171638018200,6.84,Auto - Manufacturers,"Tesla, Inc."
TSLA,2 weeks,0.05,2017-02-06 00:00:00+08:00,26981.601575809199,25162.899336536262,7.23,Auto - Manufacturers,"Tesla, Inc."
TSLA,2 weeks,0.05,2017-03-20 00:00:00+08:00,26670.557956777996,25274.525059152506,5.52,Auto - Manufacturers,"Tesla, Inc."
TSLA,2 weeks,0.05,2017-04-03 00:00:00+08:00,30169.068673166596,26670.557956777996,13.12,Auto - Manufacturers,"Tesla, Inc."
TSLA,2 weeks,0.05,2017-05-29 00:00:00+08:00,34952.406710835649,31267.561239342899,11.78,Auto - Manufacturers,"Tesla, Inc."
TSLA,2 weeks,0.05,2017-06-12 00:00:00+08:00,37368.709558823529,34952.406710835649,6.91,Auto - Manufacturers,"Tesla, Inc."
TSLA,2 weeks,0.05,2017-06-26 00:00:00+08:00,34970.943458124276,37368.709558823529,-6.42,Auto - Manufacturers,"Tesla, Inc."
TSLA,2 weeks,0.05,2017-07-10 00:00:00+08:00,32423.812927756654,34970.943458124276,-7.28,Auto - Manufacturers,"Tesla, Inc."
TSLA,2 weeks,0.05,2017-08-07 00:00:00+08:00,35999.135762915499,33757.754692910516,6.64,Auto - Manufacturers,"Tesla, Inc."
TSLA,2 weeks,0.05,2017-10-30 00:00:00+08:00,30815.044710578842,34193.592320604280,-9.88,Auto - Manufacturers,"Tesla, Inc."
TSLA,2 weeks,0.05,2017-12-11 00:00:00+08:00,33529.185459940653,31016.055798687090,8.10,Auto - Manufacturers,"Tesla, Inc."
TSLA,2 weeks,0.05,2017-12-25 00:00:00+08:00,31524.734936575053,33529.185459940653,-5.98,Auto - Manufacturers,"Tesla, Inc."
TSLA,2 weeks,0.05,2018-01-08 00:00:00+08:00,33976.141536964981,31524.734936575053,7.78,Auto - Manufacturers,"Tesla, Inc."
TSLA,2 weeks,0.05,2018-02-05 00:00:00+08:00,32760.996521739130,34836.379236379236,-5.96,Auto - Manufacturers,"Tesla, Inc."
TSLA,2 weeks,0.05,2018-03-19 00:00:00+08:00,29414.859974424552,33075.656953074780,-11.07,Auto - Manufacturers,"Tesla, Inc."
TSLA,2 weeks,0.05,2018-05-28 00:00:00+08:00,29872.767982456140,28290.664370078740,5.59,Auto - Manufacturers,"Tesla, Inc."
TSLA,2 weeks,0.05,2018-06-11 00:00:00+08:00,35023.812835149628,29872.767982456140,17.24,Auto - Manufacturers,"Tesla, Inc."
TSLA,2 weeks,0.05,2018-08-06 00:00:00+08:00,34958.383063843974,30978.782428287931,12.85,Auto - Manufacturers,"Tesla, Inc."
TSLA,2 weeks,0.05,2018-08-20 00:00:00+08:00,31148.760083713851,34958.383063843974,-10.90,Auto - Manufacturers,"Tesla, Inc."
TSLA,2 weeks,0.05,2018-09-03 00:00:00+08:00,28236.433014354067,31148.760083713851,-9.35,Auto - Manufacturers,"Tesla, Inc."
TSLA,2 weeks,0.05,2018-10-01 00:00:00+08:00,27487.447260161264,29286.347662849634,-6.14,Auto - Manufacturers,"Tesla, Inc."
TSLA,2 weeks,0.05,2018-10-29 00:00:00+08:00,34245.173043645453,28420.400100993099,20.50,Auto - Manufacturers,"Tesla, Inc."
TSLA,2 weeks,0.05,2018-12-24 00:00:00+08:00,31352.808643457383,35270.926436781609,-11.11,Auto - Manufacturers,"Tesla, Inc."
TSLA,2 weeks,0.05,2019-01-07 00:00:00+08:00,33661.180826188620,31352.808643457383,7.36,Auto - Manufacturers,"Tesla, Inc."
TSLA,2 weeks,0.05,2019-01-21 00:00:00+08:00,29776.870330530022,33661.180826188620,-11.54,Auto - Manufacturers,"Tesla, Inc."
TSLA,2 weeks,0.05,2019-03-04 00:00:00+08:00,28336.757432432432,30240.399149922720,-6.30,Auto - Manufacturers,"Tesla, Inc."
TSLA,2 weeks,0.05,2019-04-15 00:00:00+08:00,26097.369896985883,27588.894977168950,-5.41,Auto - Manufacturers,"Tesla, Inc."
TSLA,2 weeks,0.05,2019-04-29 00:00:00+08:00,24405.258972554539,26097.369896985883,-6.48,Auto - Manufacturers,"Tesla, Inc."
TSLA,2 weeks,0.05,2019-05-13 00:00:00+08:00,21039.607369758577,24405.258972554539,-13.79,Auto - Manufacturers,"Tesla, Inc."
TSLA,2 weeks,0.05,2019-05-27 00:00:00+08:00,19235.376611246030,21039.607369758577,-8.58,Auto - Manufacturers,"Tesla, Inc."
TSLA,2 weeks,0.05,2019-06-10 00:00:00+08:00,21895.248197734295,19235.376611246030,13.83,Auto - Manufacturers,"Tesla, Inc."
TSLA,2 weeks,0.05,2019-07-08 00:00:00+08:00,24478.492976717337,22655.167042426727,8.05,Auto - Manufacturers,"Tesla, Inc."
TSLA,2 weeks,0.05,2019-08-05 00:00:00+08:00,22810.062266745237,24114.611867885800,-5.41,Auto - Manufacturers,"Tesla, Inc."
TSLA,2 weeks,0.05,2019-09-02 00:00:00+08:00,23392.043498706795,22049.237802535536,6.09,Auto - Manufacturers,"Tesla, Inc."
TSLA,2 weeks,0.05,2019-10-14 00:00:00+08:00,27118.885736050276,23953.976971673120,13.21,Auto - Manufacturers,"Tesla, Inc."
TSLA,2 weeks,0.05,2019-10-28 00:00:00+08:00,32202.891918593163,27118.885736050276,18.75,Auto - Manufacturers,"Tesla, Inc."
TSLA,2 weeks,0.05,2019-11-11 00:00:00+08:00,34933.401155207751,32202.891918593163,8.48,Auto - Manufacturers,"Tesla, Inc."
TSLA,2 weeks,0.05,2019-12-09 00:00:00+08:00,37283.464338781575,33430.368432971014,11.53,Auto - Manufacturers,"Tesla, Inc."
TSLA,2 weeks,0.05,2019-12-23 00:00:00+08:00,42586.293758184199,37283.464338781575,14.22,Auto - Manufacturers,"Tesla, Inc."
TSLA,2 weeks,0.05,2020-01-06 00:00:00+08:00,49582.801485761453,42586.293758184199,16.43,Auto - Manufacturers,"Tesla, Inc."
TSLA,2 weeks,0.05,2020-01-20 00:00:00+08:00,58262.183733539892,49582.801485761453,17.50,Auto - Manufacturers,"Tesla, Inc."
TSLA,2 weeks,0.05,2020-02-03 00:00:00+08:00,78068.653326122228,58262.183733539892,34.00,Auto - Manufacturers,"Tesla, Inc."
TSLA,2 weeks,0.05,2020-03-02 00:00:00+08:00,66451.898385816354,81658.740108839535,-18.62,Auto - Manufacturers,"Tesla, Inc."
TSLA,2 weeks,0.05,2020-03-16 00:00:00+08:00,46071.116014325915,66451.898385816354,-30.67,Auto - Manufacturers,"Tesla, Inc."
TSLA,2 weeks,0.05,2020-03-30 00:00:00+08:00,51914.575597640484,46071.116014325915,12.68,Auto - Manufacturers,"Tesla, Inc."
TSLA,2 weeks,0.05,2020-04-13 00:00:00+08:00,71659.108926080893,51914.575597640484,38.03,Auto - Manufacturers,"Tesla, Inc."
TSLA,2 weeks,0.05,2020-04-27 00:00:00+08:00,78027.934646510918,71659.108926080893,8.89,Auto - Manufacturers,"Tesla, Inc."
TSLA,2 weeks,0.05,2020-05-25 00:00:00+08:00,85401.532690035447,80946.688331117021,5.50,Auto - Manufacturers,"Tesla, Inc."
TSLA,2 weeks,0.05,2020-06-08 00:00:00+08:00,97471.911899133176,85401.532690035447,14.13,Auto - Manufacturers,"Tesla, Inc."
TSLA,2 weeks,0.05,2020-06-22 00:00:00+08:00,103764.651362164222,97471.911899133176,6.46,Auto - Manufacturers,"Tesla, Inc."
TSLA,2 weeks,0.05,2020-07-06 00:00:00+08:00,146326.813789205990,103764.651362164222,41.02,Auto - Manufacturers,"Tesla, Inc."
TSLA,2 weeks,0.05,2020-08-17 00:00:00+08:00,202152.939043209877,150802.524471830986,34.05,Auto - Manufacturers,"Tesla, Inc."
TSLA,2 weeks,0.05,2020-08-31 00:00:00+08:00,41064.428128355004,202152.939043209877,-79.69,Auto - Manufacturers,"Tesla, Inc."
TSLA,2 weeks,0.05,2020-10-26 00:00:00+08:00,41593.789893257668,43875.094211123723,-5.20,Auto - Manufacturers,"Tesla, Inc."
TSLA,2 weeks,0.05,2020-11-09 00:00:00+08:00,44304.926958317202,41593.789893257668,6.52,Auto - Manufacturers,"Tesla, Inc."
TSLA,2 weeks,0.05,2020-11-23 00:00:00+08:00,57049.090169491525,44304.926958317202,28.76,Auto - Manufacturers,"Tesla, Inc."
TSLA,2 weeks,0.05,2020-12-07 00:00:00+08:00,62548.151528709918,57049.090169491525,9.64,Auto - Manufacturers,"Tesla, Inc."
TSLA,2 weeks,0.05,2020-12-28 00:00:00+08:00,77959.664952069207,62548.151528709918,24.64,Auto - Manufacturers,"Tesla, Inc."
TSLA,2 weeks,0.05,2021-01-11 00:00:00+08:00,84371.833284500439,77959.664952069207,8.22,Auto - Manufacturers,"Tesla, Inc."
TSLA,2 weeks,0.05,2021-02-22 00:00:00+08:00,68357.830061193269,81199.029011637436,-15.81,Auto - Manufacturers,"Tesla, Inc."
TSLA,2 weeks,0.05,2021-04-05 00:00:00+08:00,71112.272328999435,64691.635103589145,9.92,Auto - Manufacturers,"Tesla, Inc."
TSLA,2 weeks,0.05,2021-05-03 00:00:00+08:00,63644.085678635796,71398.526279581728,-10.86,Auto - Manufacturers,"Tesla, Inc."
TSLA,2 weeks,0.05,2021-05-17 00:00:00+08:00,59354.838091239854,63644.085678635796,-6.74,Auto - Manufacturers,"Tesla, Inc."
TSLA,2 weeks,0.05,2021-06-28 00:00:00+08:00,66781.356476498027,63391.655642321237,5.35,Auto - Manufacturers,"Tesla, Inc."
TSLA,2 weeks,0.05,2021-10-18 00:00:00+08:00,96382.023707473882,79892.691643539932,20.64,Auto - Manufacturers,"Tesla, Inc."
TSLA,2 weeks,0.05,2021-11-01 00:00:00+08:00,114107.052166111254,96382.023707473882,18.39,Auto - Manufacturers,"Tesla, Inc."
TSLA,2 weeks,0.05,2021-12-13 00:00:00+08:00,95927.989334145970,106561.034115445516,-9.98,Auto - Manufacturers,"Tesla, Inc."
TSLA,2 weeks,0.05,2021-12-27 00:00:00+08:00,110202.750516600083,95927.989334145970,14.88,Auto - Manufacturers,"Tesla, Inc."
TSLA,2 weeks,0.05,2022-01-10 00:00:00+08:00,103409.377009031073,110202.750516600083,-6.16,Auto - Manufacturers,"Tesla, Inc."
TSLA,2 weeks,0.05,2022-01-24 00:00:00+08:00,90374.266496490108,103409.377009031073,-12.61,Auto - Manufacturers,"Tesla, Inc."
TSLA,2 weeks,0.05,2022-02-21 00:00:00+08:00,82452.600306278714,90093.690439356436,-8.48,Auto - Manufacturers,"Tesla, Inc."
TSLA,2 weeks,0.05,2022-03-21 00:00:00+08:00,103438.497594793435,82683.683085367615,25.10,Auto - Manufacturers,"Tesla, Inc."
TSLA,2 weeks,0.05,2022-04-18 00:00:00+08:00,96193.086938378078,103897.534105131414,-7.42,Auto - Manufacturers,"Tesla, Inc."
TSLA,2 weeks,0.05,2022-05-02 00:00:00+08:00,82899.672927552606,96193.086938378078,-13.82,Auto - Manufacturers,"Tesla, Inc."
TSLA,2 weeks,0.05,2022-05-16 00:00:00+08:00,69856.294629503739,82899.672927552606,-15.73,Auto - Manufacturers,"Tesla, Inc."
TSLA,2 weeks,0.05,2022-06-13 00:00:00+08:00,68289.069828722003,73291.399547169811,-6.83,Auto - Manufacturers,"Tesla, Inc."
TSLA,2 weeks,0.05,2022-07-11 00:00:00+08:00,73949.429151498180,70402.432574430823,5.04,Auto - Manufacturers,"Tesla, Inc."
TSLA,2 weeks,0.05,2022-07-25 00:00:00+08:00,86481.929245283019,73949.429151498180,16.95,Auto - Manufacturers,"Tesla, Inc."
TSLA,2 weeks,0.05,2022-08-22 00:00:00+08:00,42979.047631475923,89295.957006603081,-51.87,Auto - Manufacturers,"Tesla, Inc."
TSLA,2 weeks,0.05,2022-09-05 00:00:00+08:00,29329.638374843467,42979.047631475923,-31.76,Auto - Manufacturers,"Tesla, Inc."
TSLA,2 weeks,0.05,2022-10-03 00:00:00+08:00,22942.783761871670,29254.991266375546,-21.58,Auto - Manufacturers,"Tesla, Inc."
TSLA,2 weeks,0.05,2022-10-17 00:00:00+08:00,21745.378527262507,22942.783761871670,-5.22,Auto - Manufacturers,"Tesla, Inc."
TSLA,2 weeks,0.05,2022-10-31 00:00:00+08:00,20582.306067044381,21745.378527262507,-5.35,Auto - Manufacturers,"Tesla, Inc."
TSLA,2 weeks,0.05,2022-11-14 00:00:00+08:00,18295.254377629971,20582.306067044381,-11.11,Auto - Manufacturers,"Tesla, Inc."
TSLA,2 weeks,0.05,2022-12-12 00:00:00+08:00,14915.005368098160,18320.934976210809,-18.59,Auto - Manufacturers,"Tesla, Inc."
TSLA,2 weeks,0.05,2022-12-26 00:00:00+08:00,11382.388021875417,14915.005368098160,-23.68,Auto - Manufacturers,"Tesla, Inc."
TSLA,2 weeks,0.05,2023-01-09 00:00:00+08:00,12437.691164027560,11382.388021875417,9.27,Auto - Manufacturers,"Tesla, Inc."
TSLA,2 weeks,0.05,2023-01-23 00:00:00+08:00,16510.773845991338,12437.691164027560,32.75,Auto - Manufacturers,"Tesla, Inc."
TSLA,2 weeks,0.05,2023-02-06 00:00:00+08:00,20207.391725639630,16510.773845991338,22.39,Auto - Manufacturers,"Tesla, Inc."
TSLA,2 weeks,0.05,2023-03-06 00:00:00+08:00,18281.352131498062,20023.208805790109,-8.70,Auto - Manufacturers,"Tesla, Inc."
TSLA,2 weeks,0.05,2023-03-20 00:00:00+08:00,19277.233198471567,18281.352131498062,5.45,Auto - Manufacturers,"Tesla, Inc."
TSLA,2 weeks,0.05,2023-04-17 00:00:00+08:00,16787.509556955033,18738.828949008852,-10.41,Auto - Manufacturers,"Tesla, Inc."
TSLA,2 weeks,0.05,2023-05-15 00:00:00+08:00,17933.838439177102,16662.152117340904,7.63,Auto - Manufacturers,"Tesla, Inc."
TSLA,2 weeks,0.05,2023-05-29 00:00:00+08:00,21788.967234757561,17933.838439177102,21.50,Auto - Manufacturers,"Tesla, Inc."
TSLA,2 weeks,0.05,2023-06-12 00:00:00+08:00,25872.048157306017,21788.967234757561,18.74,Auto - Manufacturers,"Tesla, Inc."
TSLA,2 weeks,0.05,2023-07-10 00:00:00+08:00,27737.459806374415,26410.963983829474,5.02,Auto - Manufacturers,"Tesla, Inc."
TSLA,2 weeks,0.05,2023-07-24 00:00:00+08:00,26224.171636771300,27737.459806374415,-5.46,Auto - Manufacturers,"Tesla, Inc."
TSLA,2 weeks,0.05,2023-08-07 00:00:00+08:00,23682.884606665155,26224.171636771300,-9.69,Auto - Manufacturers,"Tesla, Inc."
TSLA,2 weeks,0.05,2023-09-04 00:00:00+08:00,26252.381012024048,24165.293496574188,8.64,Auto - Manufacturers,"Tesla, Inc."
TSLA,2 weeks,0.05,2023-10-16 00:00:00+08:00,22438.336211730403,25685.369946168824,-12.64,Auto - Manufacturers,"Tesla, Inc."
TSLA,2 weeks,0.05,2023-10-30 00:00:00+08:00,21230.123522853958,22438.336211730403,-5.38,Auto - Manufacturers,"Tesla, Inc."
TSLA,2 weeks,0.05,2023-11-13 00:00:00+08:00,23476.785096642930,21230.123522853958,10.58,Auto - Manufacturers,"Tesla, Inc."
TSLA,2 weeks,0.05,2024-01-08 00:00:00+08:00,22358.114994934144,24920.835511033682,-10.28,Auto - Manufacturers,"Tesla, Inc."
TSLA,2 weeks,0.05,2024-01-22 00:00:00+08:00,19406.043382756727,22358.114994934144,-13.20,Auto - Manufacturers,"Tesla, Inc."
TSLA,2 weeks,0.05,2024-03-04 00:00:00+08:00,17622.831828819793,19628.956318835169,-10.22,Auto - Manufacturers,"Tesla, Inc."
TSLA,2 weeks,0.05,2024-04-15 00:00:00+08:00,15651.599737676249,17147.387249250634,-8.72,Auto - Manufacturers,"Tesla, Inc."
TSLA,2 weeks,0.05,2024-04-29 00:00:00+08:00,18008.118598078010,15651.599737676249,15.06,Auto - Manufacturers,"Tesla, Inc."
TSLA,2 weeks,0.05,2024-06-24 00:00:00+08:00,20909.440744113438,18043.942146526088,15.88,Auto - Manufacturers,"Tesla, Inc."
TSLA,2 weeks,0.05,2024-07-08 00:00:00+08:00,25275.275493510743,20909.440744113438,20.88,Auto - Manufacturers,"Tesla, Inc."
TSLA,2 weeks,0.05,2024-07-22 00:00:00+08:00,23012.034449497037,25275.275493510743,-8.95,Auto - Manufacturers,"Tesla, Inc."
TSLA,1 week,0.1,2014-01-20 00:00:00+08:00,17696.185043144775,16053.320282186949,10.23,Auto - Manufacturers,"Tesla, Inc."
TSLA,1 week,0.1,2014-02-10 00:00:00+08:00,19720.435750179469,17926.070520705207,10.01,Auto - Manufacturers,"Tesla, Inc."
TSLA,1 week,0.1,2014-02-24 00:00:00+08:00,24591.374928612222,20752.365778292777,18.50,Auto - Manufacturers,"Tesla, Inc."
TSLA,1 week,0.1,2014-06-16 00:00:00+08:00,22699.344288577154,20452.640017474880,10.98,Auto - Manufacturers,"Tesla, Inc."
TSLA,1 week,0.1,2014-10-13 00:00:00+08:00,22688.151335311573,25522.957057505601,-11.11,Auto - Manufacturers,"Tesla, Inc."
TSLA,1 week,0.1,2016-02-08 00:00:00+08:00,15060.450181818182,17843.834188034188,-15.60,Auto - Manufacturers,"Tesla, Inc."
TSLA,1 week,0.1,2017-07-03 00:00:00+08:00,32862.596669374492,36879.307352941176,-10.89,Auto - Manufacturers,"Tesla, Inc."
TSLA,1 week,0.1,2018-03-26 00:00:00+08:00,27591.872570194384,31190.297854438368,-11.54,Auto - Manufacturers,"Tesla, Inc."
TSLA,1 week,0.1,2018-06-11 00:00:00+08:00,34593.989768076398,30741.313063063063,12.53,Auto - Manufacturers,"Tesla, Inc."
TSLA,1 week,0.1,2018-08-06 00:00:00+08:00,35944.328276307295,31694.562732499155,13.41,Auto - Manufacturers,"Tesla, Inc."
TSLA,1 week,0.1,2018-10-08 00:00:00+08:00,25683.999661475965,29193.301953250080,-12.02,Auto - Manufacturers,"Tesla, Inc."
TSLA,1 week,0.1,2018-10-22 00:00:00+08:00,29804.135537682455,26622.722136222910,11.95,Auto - Manufacturers,"Tesla, Inc."
TSLA,1 week,0.1,2018-10-29 00:00:00+08:00,33867.195068089805,29804.135537682455,13.63,Auto - Manufacturers,"Tesla, Inc."
TSLA,1 week,0.1,2019-01-21 00:00:00+08:00,29344.169794849411,33543.044598231449,-12.52,Auto - Manufacturers,"Tesla, Inc."
TSLA,1 week,0.1,2019-05-20 00:00:00+08:00,19755.729325430426,22691.906647293861,-12.94,Auto - Manufacturers,"Tesla, Inc."
TSLA,1 week,0.1,2019-10-28 00:00:00+08:00,31824.152071931196,28119.098399727613,13.18,Auto - Manufacturers,"Tesla, Inc."
TSLA,1 week,0.1,2019-12-16 00:00:00+08:00,39073.818213416754,35228.877941763063,10.91,Auto - Manufacturers,"Tesla, Inc."
TSLA,1 week,0.1,2020-01-06 00:00:00+08:00,47219.831830985915,42646.052276559865,10.72,Auto - Manufacturers,"Tesla, Inc."
TSLA,1 week,0.1,2020-02-03 00:00:00+08:00,78026.100971370143,59963.162087149598,30.12,Auto - Manufacturers,"Tesla, Inc."
TSLA,1 week,0.1,2020-02-17 00:00:00+08:00,89078.889075067024,78116.433122847302,14.03,Auto - Manufacturers,"Tesla, Inc."
TSLA,1 week,0.1,2020-02-24 00:00:00+08:00,75854.880471821756,89078.889075067024,-14.85,Auto - Manufacturers,"Tesla, Inc."
TSLA,1 week,0.1,2020-03-09 00:00:00+08:00,60177.913659793814,73070.457585644372,-17.64,Auto - Manufacturers,"Tesla, Inc."
TSLA,1 week,0.1,2020-03-16 00:00:00+08:00,42309.388226527571,60177.913659793814,-29.69,Auto - Manufacturers,"Tesla, Inc."
TSLA,1 week,0.1,2020-03-23 00:00:00+08:00,50064.975738396624,42309.388226527571,18.33,Auto - Manufacturers,"Tesla, Inc."
TSLA,1 week,0.1,2020-04-13 00:00:00+08:00,71424.150244404425,54245.844273743017,31.67,Auto - Manufacturers,"Tesla, Inc."
TSLA,1 week,0.1,2020-06-29 00:00:00+08:00,109771.280805687204,98167.012145748988,11.82,Auto - Manufacturers,"Tesla, Inc."
TSLA,1 week,0.1,2020-07-06 00:00:00+08:00,138678.053793884485,109771.280805687204,26.33,Auto - Manufacturers,"Tesla, Inc."
TSLA,1 week,0.1,2020-07-13 00:00:00+08:00,153945.375634517766,138678.053793884485,11.01,Auto - Manufacturers,"Tesla, Inc."
TSLA,1 week,0.1,2020-08-17 00:00:00+08:00,191599.002460781298,152995.595899053628,25.23,Auto - Manufacturers,"Tesla, Inc."
TSLA,1 week,0.1,2020-08-24 00:00:00+08:00,212778.782285537318,191599.002460781298,11.05,Auto - Manufacturers,"Tesla, Inc."
TSLA,1 week,0.1,2020-08-31 00:00:00+08:00,44744.421921921922,212778.782285537318,-78.97,Auto - Manufacturers,"Tesla, Inc."
TSLA,1 week,0.1,2020-09-07 00:00:00+08:00,36453.804353668369,44744.421921921922,-18.53,Auto - Manufacturers,"Tesla, Inc."
TSLA,1 week,0.1,2020-09-14 00:00:00+08:00,43190.121361397223,36453.804353668369,18.48,Auto - Manufacturers,"Tesla, Inc."
TSLA,1 week,0.1,2020-11-16 00:00:00+08:00,46608.835853658537,41716.265278158400,11.73,Auto - Manufacturers,"Tesla, Inc."
TSLA,1 week,0.1,2020-11-23 00:00:00+08:00,55142.143878185208,46608.835853658537,18.31,Auto - Manufacturers,"Tesla, Inc."
TSLA,1 week,0.1,2021-01-04 00:00:00+08:00,77959.664952069207,62963.475589910496,23.82,Auto - Manufacturers,"Tesla, Inc."
TSLA,1 week,0.1,2021-02-22 00:00:00+08:00,70646.484046324746,79083.073108939558,-10.67,Auto - Manufacturers,"Tesla, Inc."
TSLA,1 week,0.1,2021-05-10 00:00:00+08:00,60253.007832898172,67483.230860183269,-10.71,Auto - Manufacturers,"Tesla, Inc."
TSLA,1 week,0.1,2021-10-25 00:00:00+08:00,104388.084741423451,87597.845505617978,19.17,Auto - Manufacturers,"Tesla, Inc."
TSLA,1 week,0.1,2021-11-01 00:00:00+08:00,119495.766250318634,104388.084741423451,14.47,Auto - Manufacturers,"Tesla, Inc."
TSLA,1 week,0.1,2021-12-27 00:00:00+08:00,108552.163934426230,96775.578612135434,12.17,Auto - Manufacturers,"Tesla, Inc."
TSLA,1 week,0.1,2022-01-24 00:00:00+08:00,89603.241634799235,100659.177336528586,-10.98,Auto - Manufacturers,"Tesla, Inc."
TSLA,1 week,0.1,2022-02-21 00:00:00+08:00,79097.765564202335,88952.223759398496,-11.08,Auto - Manufacturers,"Tesla, Inc."
TSLA,1 week,0.1,2022-03-21 00:00:00+08:00,97886.632340425532,82494.923255813953,18.66,Auto - Manufacturers,"Tesla, Inc."
TSLA,1 week,0.1,2022-03-28 00:00:00+08:00,108962.156929156082,97886.632340425532,11.31,Auto - Manufacturers,"Tesla, Inc."
TSLA,1 week,0.1,2022-04-25 00:00:00+08:00,91076.822252374491,101573.633561643836,-10.33,Auto - Manufacturers,"Tesla, Inc."
TSLA,1 week,0.1,2022-05-09 00:00:00+08:00,77451.484174731886,89292.682627378760,-13.26,Auto - Manufacturers,"Tesla, Inc."
TSLA,1 week,0.1,2022-05-30 00:00:00+08:00,74917.968270214944,67833.157838701091,10.44,Auto - Manufacturers,"Tesla, Inc."
TSLA,1 week,0.1,2022-08-01 00:00:00+08:00,90733.298426323319,82237.846043987432,10.33,Auto - Manufacturers,"Tesla, Inc."
TSLA,1 week,0.1,2022-08-22 00:00:00+08:00,60585.838218714769,91167.560747663551,-33.54,Auto - Manufacturers,"Tesla, Inc."
TSLA,1 week,0.1,2022-08-29 00:00:00+08:00,27798.271688942892,60585.838218714769,-54.12,Auto - Manufacturers,"Tesla, Inc."
TSLA,1 week,0.1,2022-10-03 00:00:00+08:00,24108.247912801484,28004.994361865710,-13.91,Auto - Manufacturers,"Tesla, Inc."
TSLA,1 week,0.1,2022-11-07 00:00:00+08:00,19176.952273750563,22131.333746898263,-13.35,Auto - Manufacturers,"Tesla, Inc."
TSLA,1 week,0.1,2022-12-19 00:00:00+08:00,13788.120593293207,16086.200178731010,-14.29,Auto - Manufacturers,"Tesla, Inc."
TSLA,1 week,0.1,2022-12-26 00:00:00+08:00,11677.748688352571,13788.120593293207,-15.31,Auto - Manufacturers,"Tesla, Inc."
TSLA,1 week,0.1,2023-01-23 00:00:00+08:00,15102.763594373294,12937.780252213577,16.73,Auto - Manufacturers,"Tesla, Inc."
TSLA,1 week,0.1,2023-01-30 00:00:00+08:00,17936.444090136054,15102.763594373294,18.76,Auto - Manufacturers,"Tesla, Inc."
TSLA,1 week,0.1,2023-02-06 00:00:00+08:00,19929.679605263158,17936.444090136054,11.11,Auto - Manufacturers,"Tesla, Inc."
TSLA,1 week,0.1,2023-06-05 00:00:00+08:00,22824.188578734285,20453.904369332234,11.59,Auto - Manufacturers,"Tesla, Inc."
TSLA,1 week,0.1,2023-06-12 00:00:00+08:00,25527.972944184065,22824.188578734285,11.85,Auto - Manufacturers,"Tesla, Inc."
TSLA,1 week,0.1,2023-10-23 00:00:00+08:00,21176.644895229603,23715.688332204920,-10.71,Auto - Manufacturers,"Tesla, Inc."
TSLA,1 week,0.1,2024-04-15 00:00:00+08:00,15566.343481138319,17297.673483616082,-10.01,Auto - Manufacturers,"Tesla, Inc."
TSLA,1 week,0.1,2024-04-29 00:00:00+08:00,18381.509751773050,15735.323006932409,16.82,Auto - Manufacturers,"Tesla, Inc."
TSLA,1 week,0.1,2024-07-01 00:00:00+08:00,22946.155524475524,19138.707441634241,19.89,Auto - Manufacturers,"Tesla, Inc."
TSLA,1 week,0.1,2024-07-08 00:00:00+08:00,25383.119140625000,22946.155524475524,10.62,Auto - Manufacturers,"Tesla, Inc."
TSLA,2 weeks,0.1,2014-01-20 00:00:00+08:00,17711.907264957265,15526.820824208640,14.07,Auto - Manufacturers,"Tesla, Inc."
TSLA,2 weeks,0.1,2014-02-17 00:00:00+08:00,22959.591200131341,18882.836363636364,21.59,Auto - Manufacturers,"Tesla, Inc."
TSLA,2 weeks,0.1,2014-08-04 00:00:00+08:00,25301.283124397300,22480.605521472393,12.55,Auto - Manufacturers,"Tesla, Inc."
TSLA,2 weeks,0.1,2014-12-08 00:00:00+08:00,20982.643446748540,23648.703831041257,-11.27,Auto - Manufacturers,"Tesla, Inc."
TSLA,2 weeks,0.1,2016-02-08 00:00:00+08:00,15580.445505861919,18481.973489103572,-15.70,Auto - Manufacturers,"Tesla, Inc."
TSLA,2 weeks,0.1,2016-02-22 00:00:00+08:00,18616.037994604317,15580.445505861919,19.48,Auto - Manufacturers,"Tesla, Inc."
TSLA,2 weeks,0.1,2016-03-07 00:00:00+08:00,21372.329036486782,18616.037994604317,14.81,Auto - Manufacturers,"Tesla, Inc."
TSLA,2 weeks,0.1,2016-05-02 00:00:00+08:00,21797.494115129467,25014.929030776298,-12.86,Auto - Manufacturers,"Tesla, Inc."
TSLA,2 weeks,0.1,2017-04-03 00:00:00+08:00,30169.068673166596,26670.557956777996,13.12,Auto - Manufacturers,"Tesla, Inc."
TSLA,2 weeks,0.1,2017-05-29 00:00:00+08:00,34952.406710835649,31267.561239342899,11.78,Auto - Manufacturers,"Tesla, Inc."
TSLA,2 weeks,0.1,2018-03-19 00:00:00+08:00,29414.859974424552,33075.656953074780,-11.07,Auto - Manufacturers,"Tesla, Inc."
TSLA,2 weeks,0.1,2018-06-11 00:00:00+08:00,35023.812835149628,29872.767982456140,17.24,Auto - Manufacturers,"Tesla, Inc."
TSLA,2 weeks,0.1,2018-08-06 00:00:00+08:00,34958.383063843974,30978.782428287931,12.85,Auto - Manufacturers,"Tesla, Inc."
TSLA,2 weeks,0.1,2018-08-20 00:00:00+08:00,31148.760083713851,34958.383063843974,-10.90,Auto - Manufacturers,"Tesla, Inc."
TSLA,2 weeks,0.1,2018-10-29 00:00:00+08:00,34245.173043645453,28420.400100993099,20.50,Auto - Manufacturers,"Tesla, Inc."
TSLA,2 weeks,0.1,2018-12-24 00:00:00+08:00,31352.808643457383,35270.926436781609,-11.11,Auto - Manufacturers,"Tesla, Inc."
TSLA,2 weeks,0.1,2019-01-21 00:00:00+08:00,29776.870330530022,33661.180826188620,-11.54,Auto - Manufacturers,"Tesla, Inc."
TSLA,2 weeks,0.1,2019-05-13 00:00:00+08:00,21039.607369758577,24405.258972554539,-13.79,Auto - Manufacturers,"Tesla, Inc."
TSLA,2 weeks,0.1,2019-06-10 00:00:00+08:00,21895.248197734295,19235.376611246030,13.83,Auto - Manufacturers,"Tesla, Inc."
TSLA,2 weeks,0.1,2019-10-14 00:00:00+08:00,27118.885736050276,23953.976971673120,13.21,Auto - Manufacturers,"Tesla, Inc."
TSLA,2 weeks,0.1,2019-10-28 00:00:00+08:00,32202.891918593163,27118.885736050276,18.75,Auto - Manufacturers,"Tesla, Inc."
TSLA,2 weeks,0.1,2019-12-09 00:00:00+08:00,37283.464338781575,33430.368432971014,11.53,Auto - Manufacturers,"Tesla, Inc."
TSLA,2 weeks,0.1,2019-12-23 00:00:00+08:00,42586.293758184199,37283.464338781575,14.22,Auto - Manufacturers,"Tesla, Inc."
TSLA,2 weeks,0.1,2020-01-06 00:00:00+08:00,49582.801485761453,42586.293758184199,16.43,Auto - Manufacturers,"Tesla, Inc."
TSLA,2 weeks,0.1,2020-01-20 00:00:00+08:00,58262.183733539892,49582.801485761453,17.50,Auto - Manufacturers,"Tesla, Inc."
TSLA,2 weeks,0.1,2020-02-03 00:00:00+08:00,78068.653326122228,58262.183733539892,34.00,Auto - Manufacturers,"Tesla, Inc."
TSLA,2 weeks,0.1,2020-03-02 00:00:00+08:00,66451.898385816354,81658.740108839535,-18.62,Auto - Manufacturers,"Tesla, Inc."
TSLA,2 weeks,0.1,2020-03-16 00:00:00+08:00,46071.116014325915,66451.898385816354,-30.67,Auto - Manufacturers,"Tesla, Inc."
TSLA,2 weeks,0.1,2020-03-30 00:00:00+08:00,51914.575597640484,46071.116014325915,12.68,Auto - Manufacturers,"Tesla, Inc."
TSLA,2 weeks,0.1,2020-04-13 00:00:00+08:00,71659.108926080893,51914.575597640484,38.03,Auto - Manufacturers,"Tesla, Inc."
TSLA,2 weeks,0.1,2020-06-08 00:00:00+08:00,97471.911899133176,85401.532690035447,14.13,Auto - Manufacturers,"Tesla, Inc."
TSLA,2 weeks,0.1,2020-07-06 00:00:00+08:00,146326.813789205990,103764.651362164222,41.02,Auto - Manufacturers,"Tesla, Inc."
TSLA,2 weeks,0.1,2020-08-17 00:00:00+08:00,202152.939043209877,150802.524471830986,34.05,Auto - Manufacturers,"Tesla, Inc."
TSLA,2 weeks,0.1,2020-08-31 00:00:00+08:00,41064.428128355004,202152.939043209877,-79.69,Auto - Manufacturers,"Tesla, Inc."
TSLA,2 weeks,0.1,2020-11-23 00:00:00+08:00,57049.090169491525,44304.926958317202,28.76,Auto - Manufacturers,"Tesla, Inc."
TSLA,2 weeks,0.1,2020-12-28 00:00:00+08:00,77959.664952069207,62548.151528709918,24.64,Auto - Manufacturers,"Tesla, Inc."
TSLA,2 weeks,0.1,2021-02-22 00:00:00+08:00,68357.830061193269,81199.029011637436,-15.81,Auto - Manufacturers,"Tesla, Inc."
TSLA,2 weeks,0.1,2021-05-03 00:00:00+08:00,63644.085678635796,71398.526279581728,-10.86,Auto - Manufacturers,"Tesla, Inc."
TSLA,2 weeks,0.1,2021-10-18 00:00:00+08:00,96382.023707473882,79892.691643539932,20.64,Auto - Manufacturers,"Tesla, Inc."
TSLA,2 weeks,0.1,2021-11-01 00:00:00+08:00,114107.052166111254,96382.023707473882,18.39,Auto - Manufacturers,"Tesla, Inc."
TSLA,2 weeks,0.1,2021-12-27 00:00:00+08:00,110202.750516600083,95927.989334145970,14.88,Auto - Manufacturers,"Tesla, Inc."
TSLA,2 weeks,0.1,2022-01-24 00:00:00+08:00,90374.266496490108,103409.377009031073,-12.61,Auto - Manufacturers,"Tesla, Inc."
TSLA,2 weeks,0.1,2022-03-21 00:00:00+08:00,103438.497594793435,82683.683085367615,25.10,Auto - Manufacturers,"Tesla, Inc."
TSLA,2 weeks,0.1,2022-05-02 00:00:00+08:00,82899.672927552606,96193.086938378078,-13.82,Auto - Manufacturers,"Tesla, Inc."
TSLA,2 weeks,0.1,2022-05-16 00:00:00+08:00,69856.294629503739,82899.672927552606,-15.73,Auto - Manufacturers,"Tesla, Inc."
TSLA,2 weeks,0.1,2022-07-25 00:00:00+08:00,86481.929245283019,73949.429151498180,16.95,Auto - Manufacturers,"Tesla, Inc."
TSLA,2 weeks,0.1,2022-08-22 00:00:00+08:00,42979.047631475923,89295.957006603081,-51.87,Auto - Manufacturers,"Tesla, Inc."
TSLA,2 weeks,0.1,2022-09-05 00:00:00+08:00,29329.638374843467,42979.047631475923,-31.76,Auto - Manufacturers,"Tesla, Inc."
TSLA,2 weeks,0.1,2022-10-03 00:00:00+08:00,22942.783761871670,29254.991266375546,-21.58,Auto - Manufacturers,"Tesla, Inc."
TSLA,2 weeks,0.1,2022-11-14 00:00:00+08:00,18295.254377629971,20582.306067044381,-11.11,Auto - Manufacturers,"Tesla, Inc."
TSLA,2 weeks,0.1,2022-12-12 00:00:00+08:00,14915.005368098160,18320.934976210809,-18.59,Auto - Manufacturers,"Tesla, Inc."
TSLA,2 weeks,0.1,2022-12-26 00:00:00+08:00,11382.388021875417,14915.005368098160,-23.68,Auto - Manufacturers,"Tesla, Inc."
TSLA,2 weeks,0.1,2023-01-23 00:00:00+08:00,16510.773845991338,12437.691164027560,32.75,Auto - Manufacturers,"Tesla, Inc."
TSLA,2 weeks,0.1,2023-02-06 00:00:00+08:00,20207.391725639630,16510.773845991338,22.39,Auto - Manufacturers,"Tesla, Inc."
TSLA,2 weeks,0.1,2023-04-17 00:00:00+08:00,16787.509556955033,18738.828949008852,-10.41,Auto - Manufacturers,"Tesla, Inc."
TSLA,2 weeks,0.1,2023-05-29 00:00:00+08:00,21788.967234757561,17933.838439177102,21.50,Auto - Manufacturers,"Tesla, Inc."
TSLA,2 weeks,0.1,2023-06-12 00:00:00+08:00,25872.048157306017,21788.967234757561,18.74,Auto - Manufacturers,"Tesla, Inc."
TSLA,2 weeks,0.1,2023-10-16 00:00:00+08:00,22438.336211730403,25685.369946168824,-12.64,Auto - Manufacturers,"Tesla, Inc."
TSLA,2 weeks,0.1,2023-11-13 00:00:00+08:00,23476.785096642930,21230.123522853958,10.58,Auto - Manufacturers,"Tesla, Inc."
TSLA,2 weeks,0.1,2024-01-08 00:00:00+08:00,22358.114994934144,24920.835511033682,-10.28,Auto - Manufacturers,"Tesla, Inc."
TSLA,2 weeks,0.1,2024-01-22 00:00:00+08:00,19406.043382756727,22358.114994934144,-13.20,Auto - Manufacturers,"Tesla, Inc."
TSLA,2 weeks,0.1,2024-03-04 00:00:00+08:00,17622.831828819793,19628.956318835169,-10.22,Auto - Manufacturers,"Tesla, Inc."
TSLA,2 weeks,0.1,2024-04-29 00:00:00+08:00,18008.118598078010,15651.599737676249,15.06,Auto - Manufacturers,"Tesla, Inc."
TSLA,2 weeks,0.1,2024-06-24 00:00:00+08:00,20909.440744113438,18043.942146526088,15.88,Auto - Manufacturers,"Tesla, Inc."
TSLA,2 weeks,0.1,2024-07-08 00:00:00+08:00,25275.275493510743,20909.440744113438,20.88,Auto - Manufacturers,"Tesla, Inc."
TSLA,1 week,0.15,2014-02-24 00:00:00+08:00,24591.374928612222,20752.365778292777,18.50,Auto - Manufacturers,"Tesla, Inc."
TSLA,1 week,0.15,2016-02-08 00:00:00+08:00,15060.450181818182,17843.834188034188,-15.60,Auto - Manufacturers,"Tesla, Inc."
TSLA,1 week,0.15,2020-02-03 00:00:00+08:00,78026.100971370143,59963.162087149598,30.12,Auto - Manufacturers,"Tesla, Inc."
TSLA,1 week,0.15,2020-03-09 00:00:00+08:00,60177.913659793814,73070.457585644372,-17.64,Auto - Manufacturers,"Tesla, Inc."
TSLA,1 week,0.15,2020-03-16 00:00:00+08:00,42309.388226527571,60177.913659793814,-29.69,Auto - Manufacturers,"Tesla, Inc."
TSLA,1 week,0.15,2020-03-23 00:00:00+08:00,50064.975738396624,42309.388226527571,18.33,Auto - Manufacturers,"Tesla, Inc."
TSLA,1 week,0.15,2020-04-13 00:00:00+08:00,71424.150244404425,54245.844273743017,31.67,Auto - Manufacturers,"Tesla, Inc."
TSLA,1 week,0.15,2020-07-06 00:00:00+08:00,138678.053793884485,109771.280805687204,26.33,Auto - Manufacturers,"Tesla, Inc."
TSLA,1 week,0.15,2020-08-17 00:00:00+08:00,191599.002460781298,152995.595899053628,25.23,Auto - Manufacturers,"Tesla, Inc."
TSLA,1 week,0.15,2020-08-31 00:00:00+08:00,44744.421921921922,212778.782285537318,-78.97,Auto - Manufacturers,"Tesla, Inc."
TSLA,1 week,0.15,2020-09-07 00:00:00+08:00,36453.804353668369,44744.421921921922,-18.53,Auto - Manufacturers,"Tesla, Inc."
TSLA,1 week,0.15,2020-09-14 00:00:00+08:00,43190.121361397223,36453.804353668369,18.48,Auto - Manufacturers,"Tesla, Inc."
TSLA,1 week,0.15,2020-11-23 00:00:00+08:00,55142.143878185208,46608.835853658537,18.31,Auto - Manufacturers,"Tesla, Inc."
TSLA,1 week,0.15,2021-01-04 00:00:00+08:00,77959.664952069207,62963.475589910496,23.82,Auto - Manufacturers,"Tesla, Inc."
TSLA,1 week,0.15,2021-10-25 00:00:00+08:00,104388.084741423451,87597.845505617978,19.17,Auto - Manufacturers,"Tesla, Inc."
TSLA,1 week,0.15,2022-03-21 00:00:00+08:00,97886.632340425532,82494.923255813953,18.66,Auto - Manufacturers,"Tesla, Inc."
TSLA,1 week,0.15,2022-08-22 00:00:00+08:00,60585.838218714769,91167.560747663551,-33.54,Auto - Manufacturers,"Tesla, Inc."
TSLA,1 week,0.15,2022-08-29 00:00:00+08:00,27798.271688942892,60585.838218714769,-54.12,Auto - Manufacturers,"Tesla, Inc."
TSLA,1 week,0.15,2022-12-26 00:00:00+08:00,11677.748688352571,13788.120593293207,-15.31,Auto - Manufacturers,"Tesla, Inc."
TSLA,1 week,0.15,2023-01-23 00:00:00+08:00,15102.763594373294,12937.780252213577,16.73,Auto - Manufacturers,"Tesla, Inc."
TSLA,1 week,0.15,2023-01-30 00:00:00+08:00,17936.444090136054,15102.763594373294,18.76,Auto - Manufacturers,"Tesla, Inc."
TSLA,1 week,0.15,2024-04-29 00:00:00+08:00,18381.509751773050,15735.323006932409,16.82,Auto - Manufacturers,"Tesla, Inc."
TSLA,1 week,0.15,2024-07-01 00:00:00+08:00,22946.155524475524,19138.707441634241,19.89,Auto - Manufacturers,"Tesla, Inc."
TSLA,2 weeks,0.15,2014-02-17 00:00:00+08:00,22959.591200131341,18882.836363636364,21.59,Auto - Manufacturers,"Tesla, Inc."
TSLA,2 weeks,0.15,2016-02-08 00:00:00+08:00,15580.445505861919,18481.973489103572,-15.70,Auto - Manufacturers,"Tesla, Inc."
TSLA,2 weeks,0.15,2016-02-22 00:00:00+08:00,18616.037994604317,15580.445505861919,19.48,Auto - Manufacturers,"Tesla, Inc."
TSLA,2 weeks,0.15,2018-06-11 00:00:00+08:00,35023.812835149628,29872.767982456140,17.24,Auto - Manufacturers,"Tesla, Inc."
TSLA,2 weeks,0.15,2018-10-29 00:00:00+08:00,34245.173043645453,28420.400100993099,20.50,Auto - Manufacturers,"Tesla, Inc."
TSLA,2 weeks,0.15,2019-10-28 00:00:00+08:00,32202.891918593163,27118.885736050276,18.75,Auto - Manufacturers,"Tesla, Inc."
TSLA,2 weeks,0.15,2020-01-06 00:00:00+08:00,49582.801485761453,42586.293758184199,16.43,Auto - Manufacturers,"Tesla, Inc."
TSLA,2 weeks,0.15,2020-01-20 00:00:00+08:00,58262.183733539892,49582.801485761453,17.50,Auto - Manufacturers,"Tesla, Inc."
TSLA,2 weeks,0.15,2020-02-03 00:00:00+08:00,78068.653326122228,58262.183733539892,34.00,Auto - Manufacturers,"Tesla, Inc."
TSLA,2 weeks,0.15,2020-03-02 00:00:00+08:00,66451.898385816354,81658.740108839535,-18.62,Auto - Manufacturers,"Tesla, Inc."
TSLA,2 weeks,0.15,2020-03-16 00:00:00+08:00,46071.116014325915,66451.898385816354,-30.67,Auto - Manufacturers,"Tesla, Inc."
TSLA,2 weeks,0.15,2020-04-13 00:00:00+08:00,71659.108926080893,51914.575597640484,38.03,Auto - Manufacturers,"Tesla, Inc."
TSLA,2 weeks,0.15,2020-07-06 00:00:00+08:00,146326.813789205990,103764.651362164222,41.02,Auto - Manufacturers,"Tesla, Inc."
TSLA,2 weeks,0.15,2020-08-17 00:00:00+08:00,202152.939043209877,150802.524471830986,34.05,Auto - Manufacturers,"Tesla, Inc."
TSLA,2 weeks,0.15,2020-08-31 00:00:00+08:00,41064.428128355004,202152.939043209877,-79.69,Auto - Manufacturers,"Tesla, Inc."
TSLA,2 weeks,0.15,2020-11-23 00:00:00+08:00,57049.090169491525,44304.926958317202,28.76,Auto - Manufacturers,"Tesla, Inc."
TSLA,2 weeks,0.15,2020-12-28 00:00:00+08:00,77959.664952069207,62548.151528709918,24.64,Auto - Manufacturers,"Tesla, Inc."
TSLA,2 weeks,0.15,2021-02-22 00:00:00+08:00,68357.830061193269,81199.029011637436,-15.81,Auto - Manufacturers,"Tesla, Inc."
TSLA,2 weeks,0.15,2021-10-18 00:00:00+08:00,96382.023707473882,79892.691643539932,20.64,Auto - Manufacturers,"Tesla, Inc."
TSLA,2 weeks,0.15,2021-11-01 00:00:00+08:00,114107.052166111254,96382.023707473882,18.39,Auto - Manufacturers,"Tesla, Inc."
TSLA,2 weeks,0.15,2022-03-21 00:00:00+08:00,103438.497594793435,82683.683085367615,25.10,Auto - Manufacturers,"Tesla, Inc."
TSLA,2 weeks,0.15,2022-05-16 00:00:00+08:00,69856.294629503739,82899.672927552606,-15.73,Auto - Manufacturers,"Tesla, Inc."
TSLA,2 weeks,0.15,2022-07-25 00:00:00+08:00,86481.929245283019,73949.429151498180,16.95,Auto - Manufacturers,"Tesla, Inc."
TSLA,2 weeks,0.15,2022-08-22 00:00:00+08:00,42979.047631475923,89295.957006603081,-51.87,Auto - Manufacturers,"Tesla, Inc."
TSLA,2 weeks,0.15,2022-09-05 00:00:00+08:00,29329.638374843467,42979.047631475923,-31.76,Auto - Manufacturers,"Tesla, Inc."
TSLA,2 weeks,0.15,2022-10-03 00:00:00+08:00,22942.783761871670,29254.991266375546,-21.58,Auto - Manufacturers,"Tesla, Inc."
TSLA,2 weeks,0.15,2022-12-12 00:00:00+08:00,14915.005368098160,18320.934976210809,-18.59,Auto - Manufacturers,"Tesla, Inc."
TSLA,2 weeks,0.15,2022-12-26 00:00:00+08:00,11382.388021875417,14915.005368098160,-23.68,Auto - Manufacturers,"Tesla, Inc."
TSLA,2 weeks,0.15,2023-01-23 00:00:00+08:00,16510.773845991338,12437.691164027560,32.75,Auto - Manufacturers,"Tesla, Inc."
TSLA,2 weeks,0.15,2023-02-06 00:00:00+08:00,20207.391725639630,16510.773845991338,22.39,Auto - Manufacturers,"Tesla, Inc."
TSLA,2 weeks,0.15,2023-05-29 00:00:00+08:00,21788.967234757561,17933.838439177102,21.50,Auto - Manufacturers,"Tesla, Inc."
TSLA,2 weeks,0.15,2023-06-12 00:00:00+08:00,25872.048157306017,21788.967234757561,18.74,Auto - Manufacturers,"Tesla, Inc."
TSLA,2 weeks,0.15,2024-04-29 00:00:00+08:00,18008.118598078010,15651.599737676249,15.06,Auto - Manufacturers,"Tesla, Inc."
TSLA,2 weeks,0.15,2024-06-24 00:00:00+08:00,20909.440744113438,18043.942146526088,15.88,Auto - Manufacturers,"Tesla, Inc."
TSLA,2 weeks,0.15,2024-07-08 00:00:00+08:00,25275.275493510743,20909.440744113438,20.88,Auto - Manufacturers,"Tesla, Inc."
UNH,1 week,0.05,2014-10-20 00:00:00+08:00,9021.7350253807106599,8474.4696215139442231,6.46,Medical - Healthcare Plans,UnitedHealth Group Incorporated
UNH,1 week,0.05,2015-01-19 00:00:00+08:00,10950.323943661972,10346.219979818365,5.84,Medical - Healthcare Plans,UnitedHealth Group Incorporated
UNH,1 week,0.05,2015-08-24 00:00:00+08:00,11402.603746397695,12198.384345208229,-6.52,Medical - Healthcare Plans,UnitedHealth Group Incorporated
UNH,1 week,0.05,2015-09-28 00:00:00+08:00,11502.330482897384,12171.806549118388,-5.50,Medical - Healthcare Plans,UnitedHealth Group Incorporated
UNH,1 week,0.05,2016-02-15 00:00:00+08:00,11682.720578980491,11121.906584992343,5.04,Medical - Healthcare Plans,UnitedHealth Group Incorporated
UNH,1 week,0.05,2016-10-17 00:00:00+08:00,14239.372881355932,13542.265232974910,5.15,Medical - Healthcare Plans,UnitedHealth Group Incorporated
UNH,1 week,0.05,2016-11-14 00:00:00+08:00,15108.451547437849,14312.399026763990,5.56,Medical - Healthcare Plans,UnitedHealth Group Incorporated
UNH,1 week,0.05,2018-01-15 00:00:00+08:00,23823.636259323006,22562.675716440422,5.59,Medical - Healthcare Plans,UnitedHealth Group Incorporated
UNH,1 week,0.05,2018-02-05 00:00:00+08:00,22317.863942307692,23846.163048498845,-6.41,Medical - Healthcare Plans,UnitedHealth Group Incorporated
UNH,1 week,0.05,2018-12-17 00:00:00+08:00,25087.749265426053,26853.073872087258,-6.57,Medical - Healthcare Plans,UnitedHealth Group Incorporated
UNH,1 week,0.05,2019-01-14 00:00:00+08:00,25669.146260123869,24313.904977375566,5.57,Medical - Healthcare Plans,UnitedHealth Group Incorporated
UNH,1 week,0.05,2019-02-25 00:00:00+08:00,25449.186920449000,26855.413071065990,-5.24,Medical - Healthcare Plans,UnitedHealth Group Incorporated
UNH,1 week,0.05,2019-03-04 00:00:00+08:00,23830.858565737052,25449.186920449000,-6.36,Medical - Healthcare Plans,UnitedHealth Group Incorporated
UNH,1 week,0.05,2019-04-15 00:00:00+08:00,22234.645194805195,24160.603057199211,-7.97,Medical - Healthcare Plans,UnitedHealth Group Incorporated
UNH,1 week,0.05,2019-10-14 00:00:00+08:00,23559.825842696629,22234.735792622134,5.96,Medical - Healthcare Plans,UnitedHealth Group Incorporated
UNH,1 week,0.05,2019-11-18 00:00:00+08:00,27456.417258883249,25616.296106557377,7.18,Medical - Healthcare Plans,UnitedHealth Group Incorporated
UNH,1 week,0.05,2020-01-27 00:00:00+08:00,28148.800794833582,29814.845620667927,-5.59,Medical - Healthcare Plans,UnitedHealth Group Incorporated
UNH,1 week,0.05,2020-02-24 00:00:00+08:00,26528.305914972274,30212.697511167837,-12.19,Medical - Healthcare Plans,UnitedHealth Group Incorporated
UNH,1 week,0.05,2020-03-16 00:00:00+08:00,22631.611425873466,26881.290566037736,-15.81,Medical - Healthcare Plans,UnitedHealth Group Incorporated
UNH,1 week,0.05,2020-03-30 00:00:00+08:00,24119.084261501211,22619.337327188940,6.63,Medical - Healthcare Plans,UnitedHealth Group Incorporated
UNH,1 week,0.05,2020-04-06 00:00:00+08:00,25484.508949880668,24119.084261501211,5.66,Medical - Healthcare Plans,UnitedHealth Group Incorporated
UNH,1 week,0.05,2020-04-13 00:00:00+08:00,27875.474677716390,25484.508949880668,9.38,Medical - Healthcare Plans,UnitedHealth Group Incorporated
UNH,1 week,0.05,2020-11-02 00:00:00+08:00,33755.425424506654,31243.852483692925,8.04,Medical - Healthcare Plans,UnitedHealth Group Incorporated
UNH,1 week,0.05,2020-11-09 00:00:00+08:00,35540.308582449373,33755.425424506654,5.29,Medical - Healthcare Plans,UnitedHealth Group Incorporated
UNH,1 week,0.05,2022-06-13 00:00:00+08:00,46141.652784746613,49113.015731515469,-6.05,Medical - Healthcare Plans,UnitedHealth Group Incorporated
UNH,1 week,0.05,2022-06-20 00:00:00+08:00,48836.013801756587,46141.652784746613,5.84,Medical - Healthcare Plans,UnitedHealth Group Incorporated
UNH,1 week,0.05,2023-01-02 00:00:00+08:00,50121.869456589631,53107.131471389646,-5.62,Medical - Healthcare Plans,UnitedHealth Group Incorporated
UNH,1 week,0.05,2023-04-03 00:00:00+08:00,50100.415879017013,47336.705069124424,5.84,Medical - Healthcare Plans,UnitedHealth Group Incorporated
UNH,1 week,0.05,2023-07-17 00:00:00+08:00,50041.135893648449,46194.238095238095,8.33,Medical - Healthcare Plans,UnitedHealth Group Incorporated
UNH,1 week,0.05,2024-03-04 00:00:00+08:00,47768.933830845771,50368.544865403789,-5.16,Medical - Healthcare Plans,UnitedHealth Group Incorporated
UNH,1 week,0.05,2024-04-01 00:00:00+08:00,46381.782978723404,49086.572888283379,-5.51,Medical - Healthcare Plans,UnitedHealth Group Incorporated
UNH,1 week,0.05,2024-04-15 00:00:00+08:00,47874.595041322314,44957.344377510040,6.49,Medical - Healthcare Plans,UnitedHealth Group Incorporated
UNH,1 week,0.05,2024-05-27 00:00:00+08:00,49032.128287363695,51894.206084959816,-5.52,Medical - Healthcare Plans,UnitedHealth Group Incorporated
UNH,1 week,0.05,2024-07-15 00:00:00+08:00,55061.728929384966,49885.581627296588,10.38,Medical - Healthcare Plans,UnitedHealth Group Incorporated
UNH,2 weeks,0.05,2014-02-17 00:00:00+08:00,7503.4098634717191418,7091.1316455696202532,5.81,Medical - Healthcare Plans,UnitedHealth Group Incorporated
UNH,2 weeks,0.05,2014-04-14 00:00:00+08:00,7675.2530555555555556,8124.2323746500381777,-5.53,Medical - Healthcare Plans,UnitedHealth Group Incorporated
UNH,2 weeks,0.05,2014-10-27 00:00:00+08:00,9409.4912458766810454,8745.4884364002011061,7.59,Medical - Healthcare Plans,UnitedHealth Group Incorporated
UNH,2 weeks,0.05,2015-01-19 00:00:00+08:00,10948.732192159028,10235.154833836858,6.97,Medical - Healthcare Plans,UnitedHealth Group Incorporated
UNH,2 weeks,0.05,2015-09-14 00:00:00+08:00,12120.762025316456,11497.834175084175,5.42,Medical - Healthcare Plans,UnitedHealth Group Incorporated
UNH,2 weeks,0.05,2016-02-22 00:00:00+08:00,12091.154218710171,11373.071589627959,6.31,Medical - Healthcare Plans,UnitedHealth Group Incorporated
UNH,2 weeks,0.05,2016-11-14 00:00:00+08:00,15137.288140643623,14141.860349127182,7.04,Medical - Healthcare Plans,UnitedHealth Group Incorporated
UNH,2 weeks,0.05,2018-02-05 00:00:00+08:00,22453.553175775480,24162.237484885127,-7.07,Medical - Healthcare Plans,UnitedHealth Group Incorporated
UNH,2 weeks,0.05,2018-12-10 00:00:00+08:00,25964.975117023898,27636.680144004431,-6.05,Medical - Healthcare Plans,UnitedHealth Group Incorporated
UNH,2 weeks,0.05,2018-12-24 00:00:00+08:00,24166.471560846561,25964.975117023898,-6.93,Medical - Healthcare Plans,UnitedHealth Group Incorporated
UNH,2 weeks,0.05,2019-01-21 00:00:00+08:00,26742.370758620690,25009.759050880626,6.93,Medical - Healthcare Plans,UnitedHealth Group Incorporated
UNH,2 weeks,0.05,2019-03-04 00:00:00+08:00,24337.068768619662,26060.555862068966,-6.61,Medical - Healthcare Plans,UnitedHealth Group Incorporated
UNH,2 weeks,0.05,2019-04-15 00:00:00+08:00,22628.823676323676,24367.310000000000,-7.13,Medical - Healthcare Plans,UnitedHealth Group Incorporated
UNH,2 weeks,0.05,2019-07-08 00:00:00+08:00,25818.527193618564,24552.492787753901,5.16,Medical - Healthcare Plans,UnitedHealth Group Incorporated
UNH,2 weeks,0.05,2019-10-14 00:00:00+08:00,24075.521908471276,21929.085016205435,9.79,Medical - Healthcare Plans,UnitedHealth Group Incorporated
UNH,2 weeks,0.05,2019-11-11 00:00:00+08:00,26540.579296277409,25240.578279624461,5.15,Medical - Healthcare Plans,UnitedHealth Group Incorporated
UNH,2 weeks,0.05,2019-11-25 00:00:00+08:00,27990.965476541753,26540.579296277409,5.46,Medical - Healthcare Plans,UnitedHealth Group Incorporated
UNH,2 weeks,0.05,2020-03-16 00:00:00+08:00,22625.399953358209,27226.200409929401,-16.90,Medical - Healthcare Plans,UnitedHealth Group Incorporated
UNH,2 weeks,0.05,2020-03-30 00:00:00+08:00,24730.806201550388,22625.399953358209,9.31,Medical - Healthcare Plans,UnitedHealth Group Incorporated
UNH,2 weeks,0.05,2020-04-13 00:00:00+08:00,28080.817168603272,24730.806201550388,13.55,Medical - Healthcare Plans,UnitedHealth Group Incorporated
UNH,2 weeks,0.05,2020-11-09 00:00:00+08:00,35057.852783203125,32555.625599232982,7.69,Medical - Healthcare Plans,UnitedHealth Group Incorporated
UNH,2 weeks,0.05,2021-03-08 00:00:00+08:00,35565.073454913880,33367.469070874030,6.59,Medical - Healthcare Plans,UnitedHealth Group Incorporated
UNH,2 weeks,0.05,2021-04-19 00:00:00+08:00,39661.626977950713,37477.148157496214,5.83,Medical - Healthcare Plans,UnitedHealth Group Incorporated
UNH,2 weeks,0.05,2021-10-18 00:00:00+08:00,44433.516477857878,40506.605229753745,9.69,Medical - Healthcare Plans,UnitedHealth Group Incorporated
UNH,2 weeks,0.05,2021-12-13 00:00:00+08:00,48681.005626295529,45712.325991189427,6.49,Medical - Healthcare Plans,UnitedHealth Group Incorporated
UNH,2 weeks,0.05,2022-01-10 00:00:00+08:00,46665.384850166482,49311.297560975610,-5.37,Medical - Healthcare Plans,UnitedHealth Group Incorporated
UNH,2 weeks,0.05,2022-05-02 00:00:00+08:00,49204.818089944416,52733.691742654509,-6.69,Medical - Healthcare Plans,UnitedHealth Group Incorporated
UNH,2 weeks,0.05,2022-06-27 00:00:00+08:00,51127.173888416879,47338.979648731531,8.00,Medical - Healthcare Plans,UnitedHealth Group Incorporated
UNH,2 weeks,0.05,2023-01-09 00:00:00+08:00,48866.162325198794,51549.814923427827,-5.21,Medical - Healthcare Plans,UnitedHealth Group Incorporated
UNH,2 weeks,0.05,2023-04-03 00:00:00+08:00,51135.824736550194,47527.797030970054,7.59,Medical - Healthcare Plans,UnitedHealth Group Incorporated
UNH,2 weeks,0.05,2023-07-24 00:00:00+08:00,50653.991433021807,48066.524083393242,5.38,Medical - Healthcare Plans,UnitedHealth Group Incorporated
UNH,2 weeks,0.05,2024-03-04 00:00:00+08:00,48323.775577557756,51175.313160148444,-5.57,Medical - Healthcare Plans,UnitedHealth Group Incorporated
UNH,2 weeks,0.05,2024-04-01 00:00:00+08:00,45690.893839785732,49120.607271634615,-6.98,Medical - Healthcare Plans,UnitedHealth Group Incorporated
UNH,2 weeks,0.05,2024-04-15 00:00:00+08:00,48486.609685230024,45690.893839785732,6.12,Medical - Healthcare Plans,UnitedHealth Group Incorporated
UNH,2 weeks,0.05,2024-07-08 00:00:00+08:00,52656.714146341463,49086.003893381252,7.27,Medical - Healthcare Plans,UnitedHealth Group Incorporated
UNH,2 weeks,0.05,2024-07-22 00:00:00+08:00,56605.317009467842,52656.714146341463,7.50,Medical - Healthcare Plans,UnitedHealth Group Incorporated
UNH,1 week,0.1,2020-02-24 00:00:00+08:00,26528.305914972274,30212.697511167837,-12.19,Medical - Healthcare Plans,UnitedHealth Group Incorporated
UNH,1 week,0.1,2020-03-16 00:00:00+08:00,22631.611425873466,26881.290566037736,-15.81,Medical - Healthcare Plans,UnitedHealth Group Incorporated
UNH,1 week,0.1,2024-07-15 00:00:00+08:00,55061.728929384966,49885.581627296588,10.38,Medical - Healthcare Plans,UnitedHealth Group Incorporated
UNH,2 weeks,0.1,2020-03-16 00:00:00+08:00,22625.399953358209,27226.200409929401,-16.90,Medical - Healthcare Plans,UnitedHealth Group Incorporated
UNH,2 weeks,0.1,2020-04-13 00:00:00+08:00,28080.817168603272,24730.806201550388,13.55,Medical - Healthcare Plans,UnitedHealth Group Incorporated
UNH,1 week,0.15,2020-03-16 00:00:00+08:00,22631.611425873466,26881.290566037736,-15.81,Medical - Healthcare Plans,UnitedHealth Group Incorporated
UNH,2 weeks,0.15,2020-03-16 00:00:00+08:00,22625.399953358209,27226.200409929401,-16.90,Medical - Healthcare Plans,UnitedHealth Group Incorporated
V,1 week,0.05,2014-04-07 00:00:00+08:00,20251.965551181102,21376.974006116208,-5.26,Financial - Credit Services,Visa Inc.
V,1 week,0.05,2014-10-27 00:00:00+08:00,22444.022028453419,21185.638385928608,5.94,Financial - Credit Services,Visa Inc.
V,1 week,0.05,2014-11-03 00:00:00+08:00,24674.524114173228,22444.022028453419,9.94,Financial - Credit Services,Visa Inc.
V,1 week,0.05,2015-03-16 00:00:00+08:00,17666.772927689594,26757.363591269841,-33.97,Financial - Credit Services,Visa Inc.
V,1 week,0.05,2015-03-23 00:00:00+08:00,6651.5683419445749178,17666.772927689594,-62.35,Financial - Credit Services,Visa Inc.
V,1 week,0.05,2015-10-05 00:00:00+08:00,7277.8924082453494218,6894.1340155945419103,5.57,Financial - Credit Services,Visa Inc.
V,1 week,0.05,2016-02-08 00:00:00+08:00,6887.1176192725555031,7321.9927149101505585,-5.94,Financial - Credit Services,Visa Inc.
V,1 week,0.05,2018-02-05 00:00:00+08:00,11762.401618398637,12408.456747404844,-5.21,Financial - Credit Services,Visa Inc.
V,1 week,0.05,2018-10-08 00:00:00+08:00,13913.381596752368,14873.152035311427,-6.45,Financial - Credit Services,Visa Inc.
V,1 week,0.05,2020-02-24 00:00:00+08:00,18863.133658197007,21117.595657276995,-10.68,Financial - Credit Services,Visa Inc.
V,1 week,0.05,2020-03-09 00:00:00+08:00,17069.685093404499,18771.384737050217,-9.07,Financial - Credit Services,Visa Inc.
V,1 week,0.05,2020-03-16 00:00:00+08:00,15267.001219512195,17069.685093404499,-10.56,Financial - Credit Services,Visa Inc.
V,1 week,0.05,2020-04-06 00:00:00+08:00,17101.046650124069,15855.122673434856,7.86,Financial - Credit Services,Visa Inc.
V,1 week,0.05,2020-04-27 00:00:00+08:00,17615.155029585799,16507.762447257384,6.71,Financial - Credit Services,Visa Inc.
V,1 week,0.05,2020-05-18 00:00:00+08:00,19171.566681838871,18053.513009540330,6.19,Financial - Credit Services,Visa Inc.
V,1 week,0.05,2020-10-26 00:00:00+08:00,18577.856840321898,19819.364688856729,-6.26,Financial - Credit Services,Visa Inc.
V,1 week,0.05,2020-11-09 00:00:00+08:00,21164.126311188811,19300.209612817089,9.66,Financial - Credit Services,Visa Inc.
V,1 week,0.05,2021-03-22 00:00:00+08:00,20913.019643672910,22028.728876508821,-5.06,Financial - Credit Services,Visa Inc.
V,1 week,0.05,2021-12-06 00:00:00+08:00,20812.650991240203,19565.227896995708,6.38,Financial - Credit Services,Visa Inc.
V,1 week,0.05,2022-01-31 00:00:00+08:00,22974.950424296561,20846.409927942354,10.21,Financial - Credit Services,Visa Inc.
V,1 week,0.05,2022-03-07 00:00:00+08:00,19579.023685457129,20859.373945641987,-6.14,Financial - Credit Services,Visa Inc.
V,1 week,0.05,2022-03-14 00:00:00+08:00,20845.599518072289,19579.023685457129,6.47,Financial - Credit Services,Visa Inc.
V,1 week,0.05,2022-05-09 00:00:00+08:00,19545.091861018563,20734.959016393443,-5.74,Financial - Credit Services,Visa Inc.
V,1 week,0.05,2022-06-13 00:00:00+08:00,19205.872909698997,21051.595765632693,-8.77,Financial - Credit Services,Visa Inc.
V,1 week,0.05,2022-09-19 00:00:00+08:00,18872.949879518072,19927.051616015437,-5.29,Financial - Credit Services,Visa Inc.
V,1 week,0.05,2022-10-24 00:00:00+08:00,19996.714984437528,18730.708029197080,6.76,Financial - Credit Services,Visa Inc.
V,2 weeks,0.05,2014-03-31 00:00:00+08:00,20804.611166750125,22091.330077635863,-5.82,Financial - Credit Services,Visa Inc.
V,2 weeks,0.05,2014-10-27 00:00:00+08:00,23520.341249109475,20742.572619348320,13.39,Financial - Credit Services,Visa Inc.
V,2 weeks,0.05,2014-11-10 00:00:00+08:00,25051.929067077872,23520.341249109475,6.51,Financial - Credit Services,Visa Inc.
V,2 weeks,0.05,2015-03-16 00:00:00+08:00,12333.279508755970,27092.528800988875,-54.48,Financial - Credit Services,Visa Inc.
V,2 weeks,0.05,2015-03-30 00:00:00+08:00,6579.0130932896890344,12333.279508755970,-46.66,Financial - Credit Services,Visa Inc.
V,2 weeks,0.05,2015-07-20 00:00:00+08:00,7409.7422962793882675,6881.2816621050012441,7.68,Financial - Credit Services,Visa Inc.
V,2 weeks,0.05,2015-10-12 00:00:00+08:00,7574.2031172686788718,7083.0217767879237812,6.93,Financial - Credit Services,Visa Inc.
V,2 weeks,0.05,2019-01-07 00:00:00+08:00,13748.150347139095,12972.615361714796,5.98,Financial - Credit Services,Visa Inc.
V,2 weeks,0.05,2020-01-20 00:00:00+08:00,20475.314053426249,19489.679583050079,5.06,Financial - Credit Services,Visa Inc.
V,2 weeks,0.05,2020-03-02 00:00:00+08:00,17905.010869565217,19702.461437622897,-9.12,Financial - Credit Services,Visa Inc.
V,2 weeks,0.05,2020-03-16 00:00:00+08:00,15417.036666666667,17905.010869565217,-13.90,Financial - Credit Services,Visa Inc.
V,2 weeks,0.05,2020-03-30 00:00:00+08:00,16428.435487554236,15417.036666666667,6.56,Financial - Credit Services,Visa Inc.
V,2 weeks,0.05,2020-04-27 00:00:00+08:00,17821.006876432590,16662.357313670785,6.95,Financial - Credit Services,Visa Inc.
V,2 weeks,0.05,2020-10-26 00:00:00+08:00,18930.097873263889,20072.113488372093,-5.69,Financial - Credit Services,Visa Inc.
V,2 weeks,0.05,2020-11-09 00:00:00+08:00,21059.547263681592,18930.097873263889,11.25,Financial - Credit Services,Visa Inc.
V,2 weeks,0.05,2021-11-01 00:00:00+08:00,21289.838822246456,22603.562888888889,-5.81,Financial - Credit Services,Visa Inc.
V,2 weeks,0.05,2021-12-13 00:00:00+08:00,21263.270144628099,20166.619470993554,5.44,Financial - Credit Services,Visa Inc.
V,2 weeks,0.05,2022-02-21 00:00:00+08:00,21260.045935483871,22701.173150816523,-6.35,Financial - Credit Services,Visa Inc.
V,2 weeks,0.05,2022-03-21 00:00:00+08:00,22028.502690802348,20206.865265169613,9.01,Financial - Credit Services,Visa Inc.
V,2 weeks,0.05,2022-05-02 00:00:00+08:00,20136.177964071856,21426.326451905626,-6.02,Financial - Credit Services,Visa Inc.
V,2 weeks,0.05,2022-06-13 00:00:00+08:00,19425.740182894029,21140.180608365019,-8.11,Financial - Credit Services,Visa Inc.
V,2 weeks,0.05,2022-09-19 00:00:00+08:00,18475.617487748259,19970.931468531469,-7.49,Financial - Credit Services,Visa Inc.
V,2 weeks,0.05,2022-10-17 00:00:00+08:00,19392.243726765799,18314.710964268233,5.88,Financial - Credit Services,Visa Inc.
V,2 weeks,0.05,2023-01-09 00:00:00+08:00,22147.384928164814,20939.757275541796,5.77,Financial - Credit Services,Visa Inc.
V,1 week,0.1,2015-03-16 00:00:00+08:00,17666.772927689594,26757.363591269841,-33.97,Financial - Credit Services,Visa Inc.
V,1 week,0.1,2015-03-23 00:00:00+08:00,6651.5683419445749178,17666.772927689594,-62.35,Financial - Credit Services,Visa Inc.
V,1 week,0.1,2020-02-24 00:00:00+08:00,18863.133658197007,21117.595657276995,-10.68,Financial - Credit Services,Visa Inc.
V,1 week,0.1,2020-03-16 00:00:00+08:00,15267.001219512195,17069.685093404499,-10.56,Financial - Credit Services,Visa Inc.
V,1 week,0.1,2022-01-31 00:00:00+08:00,22974.950424296561,20846.409927942354,10.21,Financial - Credit Services,Visa Inc.
V,2 weeks,0.1,2014-10-27 00:00:00+08:00,23520.341249109475,20742.572619348320,13.39,Financial - Credit Services,Visa Inc.
V,2 weeks,0.1,2015-03-16 00:00:00+08:00,12333.279508755970,27092.528800988875,-54.48,Financial - Credit Services,Visa Inc.
V,2 weeks,0.1,2015-03-30 00:00:00+08:00,6579.0130932896890344,12333.279508755970,-46.66,Financial - Credit Services,Visa Inc.
V,2 weeks,0.1,2020-03-16 00:00:00+08:00,15417.036666666667,17905.010869565217,-13.90,Financial - Credit Services,Visa Inc.
V,2 weeks,0.1,2020-11-09 00:00:00+08:00,21059.547263681592,18930.097873263889,11.25,Financial - Credit Services,Visa Inc.
V,1 week,0.15,2015-03-16 00:00:00+08:00,17666.772927689594,26757.363591269841,-33.97,Financial - Credit Services,Visa Inc.
V,1 week,0.15,2015-03-23 00:00:00+08:00,6651.5683419445749178,17666.772927689594,-62.35,Financial - Credit Services,Visa Inc.
V,2 weeks,0.15,2015-03-16 00:00:00+08:00,12333.279508755970,27092.528800988875,-54.48,Financial - Credit Services,Visa Inc.
V,2 weeks,0.15,2015-03-30 00:00:00+08:00,6579.0130932896890344,12333.279508755970,-46.66,Financial - Credit Services,Visa Inc.
WMT,1 week,0.05,2015-08-24 00:00:00+08:00,6485.7996298010180472,6928.3260772989782319,-6.39,Discount Stores,Walmart Inc.
WMT,1 week,0.05,2015-10-12 00:00:00+08:00,6218.4951619688683214,6613.9275653923541247,-5.98,Discount Stores,Walmart Inc.
WMT,1 week,0.05,2015-10-19 00:00:00+08:00,5874.7823446987389071,6218.4951619688683214,-5.53,Discount Stores,Walmart Inc.
WMT,1 week,0.05,2016-05-23 00:00:00+08:00,7044.7845691382765531,6659.3862456747404844,5.79,Discount Stores,Walmart Inc.
WMT,1 week,0.05,2017-10-09 00:00:00+08:00,8446.9634361233480176,7913.2146414342629482,6.75,Discount Stores,Walmart Inc.
WMT,1 week,0.05,2018-02-05 00:00:00+08:00,10113.260463045414,10719.560716013546,-5.66,Discount Stores,Walmart Inc.
WMT,1 week,0.05,2018-02-19 00:00:00+08:00,9368.2154185022026432,10167.244944852941,-7.86,Discount Stores,Walmart Inc.
WMT,1 week,0.05,2018-11-19 00:00:00+08:00,9509.0834419817470665,10147.803718115002,-6.29,Discount Stores,Walmart Inc.
WMT,1 week,0.05,2020-04-06 00:00:00+08:00,12291.344608879493,11517.261545293073,6.72,Discount Stores,Walmart Inc.
WMT,1 week,0.05,2020-07-13 00:00:00+08:00,13179.368972746331,12533.310488451344,5.15,Discount Stores,Walmart Inc.
WMT,1 week,0.05,2020-08-31 00:00:00+08:00,14361.078093306288,13410.944140625000,7.08,Discount Stores,Walmart Inc.
WMT,1 week,0.05,2021-02-22 00:00:00+08:00,13407.202646815550,14222.090589270009,-5.73,Discount Stores,Walmart Inc.
WMT,1 week,0.05,2022-05-16 00:00:00+08:00,12867.159686755192,14907.126126126126,-13.68,Discount Stores,Walmart Inc.
WMT,1 week,0.05,2022-08-15 00:00:00+08:00,13773.284373725010,12897.726351351351,6.79,Discount Stores,Walmart Inc.
WMT,1 week,0.05,2024-02-26 00:00:00+08:00,5920.0328618968386023,17527.092666005946,-66.22,Discount Stores,Walmart Inc.
WMT,1 week,0.05,2024-05-20 00:00:00+08:00,6497.3577348066298343,6173.8296209456819070,5.24,Discount Stores,Walmart Inc.
WMT,2 weeks,0.05,2014-11-10 00:00:00+08:00,8239.4130589070262598,7688.6061368209255533,7.16,Discount Stores,Walmart Inc.
WMT,2 weeks,0.05,2015-08-17 00:00:00+08:00,6711.5763825929283772,7219.9152795031055901,-7.04,Discount Stores,Walmart Inc.
WMT,2 weeks,0.05,2015-10-12 00:00:00+08:00,6055.6157591854803010,6508.2324649298597194,-6.95,Discount Stores,Walmart Inc.
WMT,2 weeks,0.05,2017-07-24 00:00:00+08:00,7956.3547179231153270,7535.5483636363636364,5.58,Discount Stores,Walmart Inc.
WMT,2 weeks,0.05,2017-10-16 00:00:00+08:00,8721.5415641908509592,8196.4333800841514727,6.41,Discount Stores,Walmart Inc.
WMT,2 weeks,0.05,2017-11-13 00:00:00+08:00,9496.3673264845903282,8893.3118172790466733,6.78,Discount Stores,Walmart Inc.
WMT,2 weeks,0.05,2018-02-19 00:00:00+08:00,9216.3171049771788742,10139.825418362732,-9.11,Discount Stores,Walmart Inc.
WMT,2 weeks,0.05,2018-10-29 00:00:00+08:00,10235.823657474601,9685.3342149555181534,5.68,Discount Stores,Walmart Inc.
WMT,2 weeks,0.05,2019-06-10 00:00:00+08:00,10911.508132084771,10309.600875992335,5.84,Discount Stores,Walmart Inc.
WMT,2 weeks,0.05,2020-04-13 00:00:00+08:00,12937.789014821273,11870.679777992278,8.99,Discount Stores,Walmart Inc.
WMT,2 weeks,0.05,2020-07-06 00:00:00+08:00,12839.886191802626,12005.232066448528,6.95,Discount Stores,Walmart Inc.
WMT,2 weeks,0.05,2020-08-31 00:00:00+08:00,14186.386759581882,13383.102530703387,6.00,Discount Stores,Walmart Inc.
WMT,2 weeks,0.05,2020-11-09 00:00:00+08:00,14959.438537549407,14191.341645885287,5.41,Discount Stores,Walmart Inc.
WMT,2 weeks,0.05,2021-02-22 00:00:00+08:00,13178.713348369900,14341.417292377702,-8.11,Discount Stores,Walmart Inc.
WMT,2 weeks,0.05,2021-10-18 00:00:00+08:00,14704.795177902622,13873.236873651403,5.99,Discount Stores,Walmart Inc.
WMT,2 weeks,0.05,2022-04-04 00:00:00+08:00,15489.874900609594,14575.010837438424,6.28,Discount Stores,Walmart Inc.
WMT,2 weeks,0.05,2022-05-16 00:00:00+08:00,12677.453106908530,15066.363264323544,-15.86,Discount Stores,Walmart Inc.
WMT,2 weeks,0.05,2024-02-19 00:00:00+08:00,11216.967887833559,16945.132249454016,-33.80,Discount Stores,Walmart Inc.
WMT,2 weeks,0.05,2024-03-04 00:00:00+08:00,6046.8056989006057886,11216.967887833559,-46.09,Discount Stores,Walmart Inc.
WMT,2 weeks,0.05,2024-05-13 00:00:00+08:00,6322.3612344113295286,5991.2766008666345691,5.53,Discount Stores,Walmart Inc.
WMT,1 week,0.1,2022-05-16 00:00:00+08:00,12867.159686755192,14907.126126126126,-13.68,Discount Stores,Walmart Inc.
WMT,1 week,0.1,2024-02-26 00:00:00+08:00,5920.0328618968386023,17527.092666005946,-66.22,Discount Stores,Walmart Inc.
WMT,2 weeks,0.1,2022-05-16 00:00:00+08:00,12677.453106908530,15066.363264323544,-15.86,Discount Stores,Walmart Inc.
WMT,2 weeks,0.1,2024-02-19 00:00:00+08:00,11216.967887833559,16945.132249454016,-33.80,Discount Stores,Walmart Inc.
WMT,2 weeks,0.1,2024-03-04 00:00:00+08:00,6046.8056989006057886,11216.967887833559,-46.09,Discount Stores,Walmart Inc.
WMT,1 week,0.15,2024-02-26 00:00:00+08:00,5920.0328618968386023,17527.092666005946,-66.22,Discount Stores,Walmart Inc.
WMT,2 weeks,0.15,2022-05-16 00:00:00+08:00,12677.453106908530,15066.363264323544,-15.86,Discount Stores,Walmart Inc.
WMT,2 weeks,0.15,2024-02-19 00:00:00+08:00,11216.967887833559,16945.132249454016,-33.80,Discount Stores,Walmart Inc.
WMT,2 weeks,0.15,2024-03-04 00:00:00+08:00,6046.8056989006057886,11216.967887833559,-46.09,Discount Stores,Walmart Inc.
XOM,1 week,0.05,2014-12-22 00:00:00+08:00,9364.9789002557544757,8910.1198396793587174,5.10,Oil & Gas Integrated,Exxon Mobil Corporation
XOM,1 week,0.05,2015-08-24 00:00:00+08:00,7195.0905511811023622,7626.9671448403516890,-5.66,Oil & Gas Integrated,Exxon Mobil Corporation
XOM,1 week,0.05,2015-10-05 00:00:00+08:00,7835.8235025148605396,7357.8594322344322344,6.50,Oil & Gas Integrated,Exxon Mobil Corporation
XOM,1 week,0.05,2015-11-09 00:00:00+08:00,8094.7796373779637378,8525.8979118329466357,-5.06,Oil & Gas Integrated,Exxon Mobil Corporation
XOM,1 week,0.05,2015-12-07 00:00:00+08:00,7572.8622994652406417,8021.8180094786729858,-5.60,Oil & Gas Integrated,Exxon Mobil Corporation
XOM,1 week,0.05,2018-02-05 00:00:00+08:00,7796.8996108949416342,8699.5946918578497526,-10.38,Oil & Gas Integrated,Exxon Mobil Corporation
XOM,1 week,0.05,2018-12-17 00:00:00+08:00,7153.6388634280476627,7645.3678852383155946,-6.43,Oil & Gas Integrated,Exxon Mobil Corporation
XOM,1 week,0.05,2018-12-24 00:00:00+08:00,6722.2642947903430750,7153.6388634280476627,-6.03,Oil & Gas Integrated,Exxon Mobil Corporation
XOM,1 week,0.05,2019-11-04 00:00:00+08:00,7183.4144186046511628,6835.5108444854637748,5.09,Oil & Gas Integrated,Exxon Mobil Corporation
XOM,1 week,0.05,2020-02-24 00:00:00+08:00,5329.9774627408215194,5981.2996020466173962,-10.89,Oil & Gas Integrated,Exxon Mobil Corporation
XOM,1 week,0.05,2020-03-09 00:00:00+08:00,4080.9280404400832590,5096.6955882352941176,-19.93,Oil & Gas Integrated,Exxon Mobil Corporation
XOM,1 week,0.05,2020-03-16 00:00:00+08:00,3442.9672667757774141,4080.9280404400832590,-15.63,Oil & Gas Integrated,Exxon Mobil Corporation
XOM,1 week,0.05,2020-03-30 00:00:00+08:00,3865.1230432060112711,3551.1047055157369897,8.84,Oil & Gas Integrated,Exxon Mobil Corporation
XOM,1 week,0.05,2020-04-06 00:00:00+08:00,4247.6763815291445874,3865.1230432060112711,9.90,Oil & Gas Integrated,Exxon Mobil Corporation
XOM,1 week,0.05,2020-04-27 00:00:00+08:00,4540.6103086014445174,4222.8511904761904762,7.52,Oil & Gas Integrated,Exxon Mobil Corporation
XOM,1 week,0.05,2020-06-01 00:00:00+08:00,4878.5377428998505232,4565.3738916256157635,6.86,Oil & Gas Integrated,Exxon Mobil Corporation
XOM,1 week,0.05,2020-06-15 00:00:00+08:00,4721.6176470588235294,5085.7127143319314138,-7.16,Oil & Gas Integrated,Exxon Mobil Corporation
XOM,1 week,0.05,2020-09-21 00:00:00+08:00,3516.3714739769566945,3710.3079652996845426,-5.23,Oil & Gas Integrated,Exxon Mobil Corporation
XOM,1 week,0.05,2020-11-09 00:00:00+08:00,3633.2729419703103914,3352.0010555946516538,8.39,Oil & Gas Integrated,Exxon Mobil Corporation
XOM,1 week,0.05,2020-11-23 00:00:00+08:00,4033.6141042487954446,3773.7048730267673301,6.89,Oil & Gas Integrated,Exxon Mobil Corporation
XOM,1 week,0.05,2020-12-07 00:00:00+08:00,4264.9567835635848388,3977.0952047602380119,7.24,Oil & Gas Integrated,Exxon Mobil Corporation
XOM,1 week,0.05,2021-01-11 00:00:00+08:00,4809.8794688457609806,4398.6495211067754523,9.35,Oil & Gas Integrated,Exxon Mobil Corporation
XOM,1 week,0.05,2021-01-25 00:00:00+08:00,4595.8489001081860801,4844.6217712177121771,-5.14,Oil & Gas Integrated,Exxon Mobil Corporation
XOM,1 week,0.05,2021-02-08 00:00:00+08:00,5069.5859235441229010,4706.0746319753509072,7.72,Oil & Gas Integrated,Exxon Mobil Corporation
XOM,1 week,0.05,2021-02-22 00:00:00+08:00,5518.5558202859087815,5223.3377956269522535,5.65,Oil & Gas Integrated,Exxon Mobil Corporation
XOM,1 week,0.05,2021-03-08 00:00:00+08:00,6122.4956491472328576,5779.9610747502583534,5.93,Oil & Gas Integrated,Exxon Mobil Corporation
XOM,1 week,0.05,2021-07-19 00:00:00+08:00,5656.7703703703703704,5981.8042675420599097,-5.43,Oil & Gas Integrated,Exxon Mobil Corporation
XOM,1 week,0.05,2021-08-16 00:00:00+08:00,5438.6972624798711755,5751.3346566097657801,-5.44,Oil & Gas Integrated,Exxon Mobil Corporation
XOM,1 week,0.05,2021-09-27 00:00:00+08:00,5971.7183745583038869,5526.6610751048417842,8.05,Oil & Gas Integrated,Exxon Mobil Corporation
XOM,1 week,0.05,2022-01-03 00:00:00+08:00,6650.2219101123595506,6133.1849557522123894,8.43,Oil & Gas Integrated,Exxon Mobil Corporation
XOM,1 week,0.05,2022-01-10 00:00:00+08:00,7050.3756058158319871,6650.2219101123595506,6.02,Oil & Gas Integrated,Exxon Mobil Corporation
XOM,1 week,0.05,2022-01-31 00:00:00+08:00,7931.4038530146271852,7388.9121495327102804,7.34,Oil & Gas Integrated,Exxon Mobil Corporation
XOM,1 week,0.05,2022-03-07 00:00:00+08:00,8575.8414558914250463,8028.7618207480592802,6.81,Oil & Gas Integrated,Exxon Mobil Corporation
XOM,1 week,0.05,2022-03-14 00:00:00+08:00,7884.1230714029422318,8575.8414558914250463,-8.07,Oil & Gas Integrated,Exxon Mobil Corporation
XOM,1 week,0.05,2022-03-21 00:00:00+08:00,8285.7945205479452055,7884.1230714029422318,5.09,Oil & Gas Integrated,Exxon Mobil Corporation
XOM,1 week,0.05,2022-05-02 00:00:00+08:00,8906.1006415396952686,8437.0381481481481481,5.56,Oil & Gas Integrated,Exxon Mobil Corporation
XOM,1 week,0.05,2022-05-16 00:00:00+08:00,9128.8516825924387204,8642.7869752844252648,5.62,Oil & Gas Integrated,Exxon Mobil Corporation
XOM,1 week,0.05,2022-06-13 00:00:00+08:00,9356.4961656441717791,10220.690485144791,-8.46,Oil & Gas Integrated,Exxon Mobil Corporation
XOM,1 week,0.05,2022-06-20 00:00:00+08:00,8814.7942754919499106,9356.4961656441717791,-5.79,Oil & Gas Integrated,Exxon Mobil Corporation
XOM,1 week,0.05,2022-07-25 00:00:00+08:00,9188.7607410327158061,8749.7658254033926355,5.02,Oil & Gas Integrated,Exxon Mobil Corporation
XOM,1 week,0.05,2022-09-19 00:00:00+08:00,9090.4207317073170732,9598.9027253668763103,-5.30,Oil & Gas Integrated,Exxon Mobil Corporation
XOM,1 week,0.05,2022-10-03 00:00:00+08:00,9743.4364661654135338,8696.4427333974975938,12.04,Oil & Gas Integrated,Exxon Mobil Corporation
XOM,1 week,0.05,2023-03-13 00:00:00+08:00,10164.014619883041,11130.084471421345,-8.68,Oil & Gas Integrated,Exxon Mobil Corporation
XOM,1 week,0.05,2023-04-03 00:00:00+08:00,11561.061995967742,10790.062471500228,7.15,Oil & Gas Integrated,Exxon Mobil Corporation
XOM,1 week,0.05,2023-05-01 00:00:00+08:00,11009.120543293718,11704.660606060606,-5.94,Oil & Gas Integrated,Exxon Mobil Corporation
XOM,1 week,0.05,2023-10-02 00:00:00+08:00,11155.428630533719,11763.867114093960,-5.17,Oil & Gas Integrated,Exxon Mobil Corporation
XOM,2 weeks,0.05,2014-02-03 00:00:00+08:00,9064.7839737582005623,9574.4615584415584416,-5.32,Oil & Gas Integrated,Exxon Mobil Corporation
XOM,2 weeks,0.05,2014-02-17 00:00:00+08:00,9560.3061389337641357,9064.7839737582005623,5.47,Oil & Gas Integrated,Exxon Mobil Corporation
XOM,2 weeks,0.05,2015-10-12 00:00:00+08:00,8084.1901140684410646,7597.0054907343857241,6.41,Oil & Gas Integrated,Exxon Mobil Corporation
XOM,2 weeks,0.05,2016-02-08 00:00:00+08:00,8067.0953312148618920,7658.3441850503319769,5.34,Oil & Gas Integrated,Exxon Mobil Corporation
XOM,2 weeks,0.05,2016-07-25 00:00:00+08:00,8876.5119382022471910,9439.5797780517879162,-5.96,Oil & Gas Integrated,Exxon Mobil Corporation
XOM,2 weeks,0.05,2018-02-05 00:00:00+08:00,7720.7778945156545493,8762.4231672932330827,-11.89,Oil & Gas Integrated,Exxon Mobil Corporation
XOM,2 weeks,0.05,2018-10-15 00:00:00+08:00,8026.2155544887181949,8504.8323572474377745,-5.63,Oil & Gas Integrated,Exxon Mobil Corporation
XOM,2 weeks,0.05,2018-12-10 00:00:00+08:00,7398.3145291273313378,7855.9353805073431242,-5.83,Oil & Gas Integrated,Exxon Mobil Corporation
XOM,2 weeks,0.05,2018-12-24 00:00:00+08:00,6824.2471018913971934,7398.3145291273313378,-7.76,Oil & Gas Integrated,Exxon Mobil Corporation
XOM,2 weeks,0.05,2019-01-07 00:00:00+08:00,7184.9490996398559424,6824.2471018913971934,5.29,Oil & Gas Integrated,Exxon Mobil Corporation
XOM,2 weeks,0.05,2019-08-05 00:00:00+08:00,6970.2107750472589792,7458.1536042573778423,-6.54,Oil & Gas Integrated,Exxon Mobil Corporation
XOM,2 weeks,0.05,2019-09-30 00:00:00+08:00,6842.8284488920657613,7231.0553350455288349,-5.37,Oil & Gas Integrated,Exxon Mobil Corporation
XOM,2 weeks,0.05,2020-01-20 00:00:00+08:00,6536.2691224777099953,6948.6153136531365314,-5.93,Oil & Gas Integrated,Exxon Mobil Corporation
XOM,2 weeks,0.05,2020-02-03 00:00:00+08:00,6101.0385019987376394,6536.2691224777099953,-6.66,Oil & Gas Integrated,Exxon Mobil Corporation
XOM,2 weeks,0.05,2020-02-17 00:00:00+08:00,5584.0075388026607539,6101.0385019987376394,-8.47,Oil & Gas Integrated,Exxon Mobil Corporation
XOM,2 weeks,0.05,2020-03-02 00:00:00+08:00,4535.1262534933421009,5584.0075388026607539,-18.78,Oil & Gas Integrated,Exxon Mobil Corporation
XOM,2 weeks,0.05,2020-03-16 00:00:00+08:00,3498.3652618135376756,4535.1262534933421009,-22.86,Oil & Gas Integrated,Exxon Mobil Corporation
XOM,2 weeks,0.05,2020-03-30 00:00:00+08:00,4038.3077450308430432,3498.3652618135376756,15.43,Oil & Gas Integrated,Exxon Mobil Corporation
XOM,2 weeks,0.05,2020-04-27 00:00:00+08:00,4510.9946579355505773,4184.1633355176933159,7.81,Oil & Gas Integrated,Exxon Mobil Corporation
XOM,2 weeks,0.05,2020-05-25 00:00:00+08:00,4743.4500637484062898,4409.1352853965900667,7.58,Oil & Gas Integrated,Exxon Mobil Corporation
XOM,2 weeks,0.05,2020-06-22 00:00:00+08:00,4482.7427884615384615,4914.1613344739093242,-8.78,Oil & Gas Integrated,Exxon Mobil Corporation
XOM,2 weeks,0.05,2020-08-17 00:00:00+08:00,4130.6746245668078552,4367.4512922465208748,-5.42,Oil & Gas Integrated,Exxon Mobil Corporation
XOM,2 weeks,0.05,2020-08-31 00:00:00+08:00,3869.8479896796387874,4130.6746245668078552,-6.31,Oil & Gas Integrated,Exxon Mobil Corporation
XOM,2 weeks,0.05,2020-09-14 00:00:00+08:00,3613.7043340589748664,3869.8479896796387874,-6.62,Oil & Gas Integrated,Exxon Mobil Corporation
XOM,2 weeks,0.05,2020-09-28 00:00:00+08:00,3411.7321462043111528,3613.7043340589748664,-5.59,Oil & Gas Integrated,Exxon Mobil Corporation
XOM,2 weeks,0.05,2020-11-09 00:00:00+08:00,3702.8916298060564818,3303.2635563380281690,12.10,Oil & Gas Integrated,Exxon Mobil Corporation
XOM,2 weeks,0.05,2020-11-23 00:00:00+08:00,4002.1988326848249027,3702.8916298060564818,8.08,Oil & Gas Integrated,Exxon Mobil Corporation
XOM,2 weeks,0.05,2020-12-07 00:00:00+08:00,4295.5465871205474645,4002.1988326848249027,7.33,Oil & Gas Integrated,Exxon Mobil Corporation
XOM,2 weeks,0.05,2020-12-28 00:00:00+08:00,4398.6495211067754523,4163.5518590998043053,5.65,Oil & Gas Integrated,Exxon Mobil Corporation
XOM,2 weeks,0.05,2021-01-11 00:00:00+08:00,4824.6338883447600392,4398.6495211067754523,9.68,Oil & Gas Integrated,Exxon Mobil Corporation
XOM,2 weeks,0.05,2021-02-08 00:00:00+08:00,5137.9505952380952381,4652.3942746750965929,10.44,Oil & Gas Integrated,Exxon Mobil Corporation
XOM,2 weeks,0.05,2021-02-22 00:00:00+08:00,5648.4752610854305770,5137.9505952380952381,9.94,Oil & Gas Integrated,Exxon Mobil Corporation
XOM,2 weeks,0.05,2021-03-08 00:00:00+08:00,6002.2849955076370171,5648.4752610854305770,6.26,Oil & Gas Integrated,Exxon Mobil Corporation
XOM,2 weeks,0.05,2021-03-22 00:00:00+08:00,5644.8358656109565590,6002.2849955076370171,-5.96,Oil & Gas Integrated,Exxon Mobil Corporation
XOM,2 weeks,0.05,2021-05-03 00:00:00+08:00,6061.9768069039913700,5658.7162053750501404,7.13,Oil & Gas Integrated,Exxon Mobil Corporation
XOM,2 weeks,0.05,2021-07-12 00:00:00+08:00,5815.1285485805677729,6212.2947108919766921,-6.39,Oil & Gas Integrated,Exxon Mobil Corporation
XOM,2 weeks,0.05,2021-10-04 00:00:00+08:00,6156.5200372786579683,5757.6370805061434073,6.93,Oil & Gas Integrated,Exxon Mobil Corporation
XOM,2 weeks,0.05,2021-12-27 00:00:00+08:00,6404.3247053872053872,6085.0341658812441093,5.25,Oil & Gas Integrated,Exxon Mobil Corporation
XOM,2 weeks,0.05,2022-01-10 00:00:00+08:00,7168.1866069524418853,6404.3247053872053872,11.93,Oil & Gas Integrated,Exxon Mobil Corporation
XOM,2 weeks,0.05,2022-01-24 00:00:00+08:00,7666.4959839357429719,7168.1866069524418853,6.95,Oil & Gas Integrated,Exxon Mobil Corporation
XOM,2 weeks,0.05,2022-05-16 00:00:00+08:00,9335.2418546365914787,8773.0079317866349395,6.41,Oil & Gas Integrated,Exxon Mobil Corporation
XOM,2 weeks,0.05,2022-05-30 00:00:00+08:00,10039.622198505870,9335.2418546365914787,7.55,Oil & Gas Integrated,Exxon Mobil Corporation
XOM,2 weeks,0.05,2022-06-13 00:00:00+08:00,9106.4454995871180842,10039.622198505870,-9.29,Oil & Gas Integrated,Exxon Mobil Corporation
XOM,2 weeks,0.05,2022-07-25 00:00:00+08:00,9185.0933651172030195,8575.7649223221586263,7.11,Oil & Gas Integrated,Exxon Mobil Corporation
XOM,2 weeks,0.05,2022-08-22 00:00:00+08:00,9690.3616761594792514,9208.7976878612716763,5.23,Oil & Gas Integrated,Exxon Mobil Corporation
XOM,2 weeks,0.05,2022-09-19 00:00:00+08:00,8910.0138827677390921,9556.8196721311475410,-6.77,Oil & Gas Integrated,Exxon Mobil Corporation
XOM,2 weeks,0.05,2022-10-03 00:00:00+08:00,9836.5509800039596120,8910.0138827677390921,10.40,Oil & Gas Integrated,Exxon Mobil Corporation
XOM,2 weeks,0.05,2022-10-17 00:00:00+08:00,10542.113247863248,9836.5509800039596120,7.17,Oil & Gas Integrated,Exxon Mobil Corporation
XOM,2 weeks,0.05,2022-10-31 00:00:00+08:00,11181.387206737518,10542.113247863248,6.06,Oil & Gas Integrated,Exxon Mobil Corporation
XOM,2 weeks,0.05,2023-04-03 00:00:00+08:00,11547.566987951807,10595.176574196389,8.99,Oil & Gas Integrated,Exxon Mobil Corporation
XOM,2 weeks,0.05,2023-05-01 00:00:00+08:00,10891.981790591806,11635.117557251908,-6.39,Oil & Gas Integrated,Exxon Mobil Corporation
XOM,2 weeks,0.05,2023-09-04 00:00:00+08:00,11582.576059850374,10935.254692931634,5.92,Oil & Gas Integrated,Exxon Mobil Corporation
XOM,2 weeks,0.05,2023-10-02 00:00:00+08:00,11000.194790270063,11719.306946323861,-6.14,Oil & Gas Integrated,Exxon Mobil Corporation
XOM,2 weeks,0.05,2024-03-18 00:00:00+08:00,11377.272391991570,10813.841503267974,5.21,Oil & Gas Integrated,Exxon Mobil Corporation
XOM,2 weeks,0.05,2024-04-01 00:00:00+08:00,12022.051879533964,11377.272391991570,5.67,Oil & Gas Integrated,Exxon Mobil Corporation
XOM,1 week,0.1,2018-02-05 00:00:00+08:00,7796.8996108949416342,8699.5946918578497526,-10.38,Oil & Gas Integrated,Exxon Mobil Corporation
XOM,1 week,0.1,2020-02-24 00:00:00+08:00,5329.9774627408215194,5981.2996020466173962,-10.89,Oil & Gas Integrated,Exxon Mobil Corporation
XOM,1 week,0.1,2020-03-09 00:00:00+08:00,4080.9280404400832590,5096.6955882352941176,-19.93,Oil & Gas Integrated,Exxon Mobil Corporation
XOM,1 week,0.1,2020-03-16 00:00:00+08:00,3442.9672667757774141,4080.9280404400832590,-15.63,Oil & Gas Integrated,Exxon Mobil Corporation
XOM,1 week,0.1,2022-10-03 00:00:00+08:00,9743.4364661654135338,8696.4427333974975938,12.04,Oil & Gas Integrated,Exxon Mobil Corporation
XOM,2 weeks,0.1,2018-02-05 00:00:00+08:00,7720.7778945156545493,8762.4231672932330827,-11.89,Oil & Gas Integrated,Exxon Mobil Corporation
XOM,2 weeks,0.1,2020-03-02 00:00:00+08:00,4535.1262534933421009,5584.0075388026607539,-18.78,Oil & Gas Integrated,Exxon Mobil Corporation
XOM,2 weeks,0.1,2020-03-16 00:00:00+08:00,3498.3652618135376756,4535.1262534933421009,-22.86,Oil & Gas Integrated,Exxon Mobil Corporation
XOM,2 weeks,0.1,2020-03-30 00:00:00+08:00,4038.3077450308430432,3498.3652618135376756,15.43,Oil & Gas Integrated,Exxon Mobil Corporation
XOM,2 weeks,0.1,2020-11-09 00:00:00+08:00,3702.8916298060564818,3303.2635563380281690,12.10,Oil & Gas Integrated,Exxon Mobil Corporation
XOM,2 weeks,0.1,2021-02-08 00:00:00+08:00,5137.9505952380952381,4652.3942746750965929,10.44,Oil & Gas Integrated,Exxon Mobil Corporation
XOM,2 weeks,0.1,2022-01-10 00:00:00+08:00,7168.1866069524418853,6404.3247053872053872,11.93,Oil & Gas Integrated,Exxon Mobil Corporation
XOM,2 weeks,0.1,2022-10-03 00:00:00+08:00,9836.5509800039596120,8910.0138827677390921,10.40,Oil & Gas Integrated,Exxon Mobil Corporation
XOM,1 week,0.15,2020-03-09 00:00:00+08:00,4080.9280404400832590,5096.6955882352941176,-19.93,Oil & Gas Integrated,Exxon Mobil Corporation
XOM,1 week,0.15,2020-03-16 00:00:00+08:00,3442.9672667757774141,4080.9280404400832590,-15.63,Oil & Gas Integrated,Exxon Mobil Corporation
XOM,2 weeks,0.15,2020-03-02 00:00:00+08:00,4535.1262534933421009,5584.0075388026607539,-18.78,Oil & Gas Integrated,Exxon Mobil Corporation
XOM,2 weeks,0.15,2020-03-16 00:00:00+08:00,3498.3652618135376756,4535.1262534933421009,-22.86,Oil & Gas Integrated,Exxon Mobil Corporation
XOM,2 weeks,0.15,2020-03-30 00:00:00+08:00,4038.3077450308430432,3498.3652618135376756,15.43,Oil & Gas Integrated,Exxon Mobil Corporation
